Player,Nation,Pos,Squad,Age,Born,90s,SCA,SCA90,PassLive,PassDead,Drib,Sh,Fld,Def,GCA,GCA90,PassLive,PassDead,Drib,Sh,Fld,Def
Max Aarons,eng ENG,DF,Norwich City,21,2000,32,38,1.19,27,2,3,4,2,0,5,0.16,5,0,0,0,0,0
Che Adams,sct SCO,FW,Southampton,25,1996,22.7,51,2.25,34,0,1,4,11,1,4,0.18,3,0,0,0,0,1
Rayan Aït Nouri,fr FRA,DF,Wolves,20,2001,20.3,44,2.17,26,10,4,0,2,2,6,0.3,4,1,0,0,1,0
Kristoffer Ajer,no NOR,DF,Brentford,23,1998,22.2,28,1.26,20,4,1,1,1,1,6,0.27,3,1,1,0,1,0
Nathan Aké,nl NED,DF,Manchester City,26,1995,10.3,3,0.29,3,0,0,0,0,0,0,0,0,0,0,0,0,0
Marc Albrighton,eng ENG,FWDF,Leicester City,31,1989,12.6,19,1.51,14,3,0,0,2,0,2,0.16,2,0,0,0,0,0
Thiago Alcántara,es ESP,MF,Liverpool,30,1991,17,61,3.58,52,0,1,5,0,3,6,0.35,6,0,0,0,0,0
Trent Alexander-Arnold,eng ENG,DF,Liverpool,22,1998,31.7,150,4.73,87,52,5,5,1,0,17,0.54,11,5,0,1,0,0
Alisson,br BRA,GK,Liverpool,28,1992,36,3,0.08,3,0,0,0,0,0,1,0.03,1,0,0,0,0,0
Allan,br BRA,MF,Everton,30,1991,24.3,32,1.32,31,0,0,0,1,0,6,0.25,5,0,0,0,1,0
Dele Alli,eng ENG,MF,Everton,25,1996,3.8,10,2.66,9,1,0,0,0,0,1,0.27,1,0,0,0,0,0
Dele Alli,eng ENG,MFFW,Tottenham,25,1996,7.3,8,1.1,5,0,0,0,3,0,1,0.14,0,0,0,0,1,0
Miguel Almirón,py PAR,MFFW,Newcastle Utd,27,1994,19.1,45,2.36,31,0,3,8,2,1,5,0.26,4,0,1,0,0,0
Marcos Alonso,es ESP,DF,Chelsea,30,1990,24.1,89,3.7,61,15,4,5,2,2,9,0.37,7,1,0,1,0,0
Steven Alzate,co COL,MF,Brighton,22,1998,4.5,7,1.56,7,0,0,0,0,0,1,0.22,1,0,0,0,0,0
Daniel Amartey,gh GHA,DF,Leicester City,26,1994,23.6,17,0.72,16,0,0,0,0,1,1,0.04,1,0,0,0,0,0
Joachim Andersen,dk DEN,DF,Crystal Palace,25,1996,32.4,33,1.02,29,1,0,1,0,2,5,0.15,4,0,0,1,0,0
Michail Antonio,jm JAM,FW,West Ham,31,1990,33,102,3.09,65,0,13,10,8,6,17,0.51,9,0,1,4,2,1
Cameron Archer,eng ENG,MFFW,Aston Villa,19,2001,0.3,0,0,0,0,0,0,0,0,0,0,0,0,0,0,0,0
Alphonse Areola,fr FRA,GK,West Ham,28,1993,1,0,0,0,0,0,0,0,0,0,0,0,0,0,0,0,0
Adam Armstrong,eng ENG,FW,Southampton,24,1997,15.7,29,1.85,17,0,4,4,4,0,3,0.19,2,0,0,0,1,0
Stuart Armstrong,sct SCO,MF,Southampton,29,1992,16.4,51,3.12,40,2,2,2,4,1,2,0.12,1,0,0,0,1,0
Kepa Arrizabalaga,es ESP,GK,Chelsea,26,1994,4,0,0,0,0,0,0,0,0,0,0,0,0,0,0,0,0
Harrison Ashby,sct SCO,DF,West Ham,19,2001,0.1,0,0,0,0,0,0,0,0,0,0,0,0,0,0,0,0
Pierre-Emerick Aubameyang,ga GAB,FW,Arsenal,32,1989,11.5,23,2,14,0,1,5,3,0,3,0.26,2,0,0,1,0,0
Jordan Ayew,gh GHA,FW,Crystal Palace,29,1991,22.4,47,2.1,31,1,1,3,8,3,6,0.27,4,0,0,0,1,1
Luke Ayling,eng ENG,DF,Leeds United,29,1991,25.2,22,0.87,16,0,0,6,0,0,3,0.12,0,0,0,3,0,0
César Azpilicueta,es ESP,DF,Chelsea,31,1989,23,44,1.91,41,0,2,1,0,0,8,0.35,6,0,1,1,0,0
Daniel Bachmann,at AUT,GK,Watford,27,1994,12,0,0,0,0,0,0,0,0,0,0,0,0,0,0,0,0
Leon Bailey,jm JAM,FWMF,Aston Villa,23,1997,8.5,21,2.48,15,1,2,1,2,0,3,0.35,2,0,1,0,0,0
Eric Bailly,ci CIV,DF,Manchester Utd,27,1994,2.4,1,0.41,1,0,0,0,0,0,0,0,0,0,0,0,0,0
Folarin Balogun,eng ENG,FW,Arsenal,20,2001,0.8,0,0,0,0,0,0,0,0,0,0,0,0,0,0,0,0
Patrick Bamford,eng ENG,FW,Leeds United,27,1993,6.2,12,1.93,9,0,1,0,1,1,3,0.48,2,0,1,0,0,0
Shandon Baptiste,gd GRN,MF,Brentford,23,1998,10.1,17,1.68,13,0,1,1,0,2,2,0.2,1,0,0,0,0,1
Ross Barkley,eng ENG,MF,Chelsea,27,1993,2,18,9.05,12,3,2,0,1,0,3,1.51,3,0,0,0,0,0
Ashley Barnes,eng ENG,FW,Burnley,31,1989,9,21,2.34,15,0,0,2,3,1,1,0.11,1,0,0,0,0,0
Harvey Barnes,eng ENG,FWMF,Leicester City,23,1997,23.3,57,2.44,45,0,8,2,2,0,13,0.56,11,0,0,2,0,0
Lewis Bate,eng ENG,MF,Leeds United,18,2002,1.6,2,1.23,1,0,0,1,0,0,0,0,0,0,0,0,0,0
Mads Bech Sørensen,dk DEN,DF,Brentford,22,1999,9.3,9,0.97,4,5,0,0,0,0,0,0,0,0,0,0,0,0
Jan Bednarek,pl POL,DF,Southampton,25,1996,29.2,19,0.65,16,2,0,0,0,1,0,0,0,0,0,0,0,0
Donny van de Beek,nl NED,MF,Everton,24,1997,5.4,5,0.93,5,0,0,0,0,0,0,0,0,0,0,0,0,0
Donny van de Beek,nl NED,MF,Manchester Utd,24,1997,0.8,5,6,4,0,1,0,0,0,0,0,0,0,0,0,0,0
Asmir Begović,ba BIH,GK,Everton,34,1987,3,0,0,0,0,0,0,0,0,0,0,0,0,0,0,0,0
Saïd Benrahma,dz ALG,FWMF,West Ham,25,1995,24.1,69,2.86,53,0,6,5,4,1,8,0.33,7,0,0,1,0,0
Rodrigo Bentancur,uy URU,MF,Tottenham,24,1997,15.1,35,2.31,33,0,0,2,0,0,7,0.46,6,0,0,1,0,0
Christian Benteke,be BEL,FW,Crystal Palace,30,1990,12.7,20,1.57,17,0,1,1,1,0,1,0.08,1,0,0,0,0,0
Jóhann Berg Guðmundsson,is ISL,MF,Burnley,30,1990,12.2,19,1.55,14,0,1,1,2,1,2,0.16,2,0,0,0,0,0
Steven Bergwijn,nl NED,FWMF,Tottenham,23,1997,6.3,20,3.19,15,1,2,1,1,0,3,0.48,1,0,1,0,1,0
Ryan Bertrand,eng ENG,DF,Leicester City,31,1989,3.7,2,0.53,1,1,0,0,0,0,0,0,0,0,0,0,0,0
Mads Bidstrup,dk DEN,MF,Brentford,20,2001,0.5,0,0,0,0,0,0,0,0,0,0,0,0,0,0,0,0
Yves Bissouma,ml MLI,MF,Brighton,24,1996,23.5,24,1.02,16,0,4,1,2,1,4,0.17,3,0,0,0,1,0
Willy Boly,ci CIV,DF,Wolves,30,1991,10,2,0.2,1,0,0,0,0,1,0,0,0,0,0,0,0,0
Jarrod Bowen,eng ENG,FW,West Ham,24,1996,33.1,95,2.87,53,19,8,8,4,3,21,0.63,10,4,3,1,3,0
Jarrad Branthwaite,eng ENG,DF,Everton,19,2002,4.3,0,0,0,0,0,0,0,0,0,0,0,0,0,0,0,0
Armando Broja,al ALB,FW,Southampton,19,2001,21.9,37,1.69,17,0,6,5,5,4,3,0.14,0,0,1,0,2,0
Josh Brownhill,eng ENG,MF,Burnley,25,1995,32.8,66,2.01,41,19,2,1,1,2,4,0.12,1,2,1,0,0,0
Lewis Brunt,eng ENG,MF,Leicester City,20,2000,0.3,0,0,0,0,0,0,0,0,0,0,0,0,0,0,0,0
Bryan,es ESP,FWMF,Tottenham,20,2001,1,5,4.79,4,0,0,1,0,0,1,0.96,1,0,0,0,0,0
Emi Buendía,ar ARG,FWMF,Aston Villa,24,1996,21.1,74,3.51,61,3,3,2,5,0,10,0.47,7,0,2,1,0,0
Dan Burn,eng ENG,DF,Brighton,29,1992,11.4,5,0.44,4,0,0,1,0,0,0,0,0,0,0,0,0,0
Dan Burn,eng ENG,DF,Newcastle Utd,29,1992,16,4,0.25,3,1,0,0,0,0,1,0.06,1,0,0,0,0,0
Jack Butland,eng ENG,GK,Crystal Palace,28,1993,8.5,0,0,0,0,0,0,0,0,0,0,0,0,0,0,0,0
Sam Byram,eng ENG,DF,Norwich City,27,1993,11.4,11,0.96,8,0,1,1,0,1,2,0.18,1,0,0,0,0,1
Willy Caballero,ar ARG,GK,Southampton,39,1981,2,0,0,0,0,0,0,0,0,0,0,0,0,0,0,0,0
Moisés Caicedo,ec ECU,MF,Brighton,19,2001,7.3,10,1.36,8,0,1,1,0,0,2,0.27,2,0,0,0,0,0
Dominic Calvert-Lewin,eng ENG,FW,Everton,24,1997,14.3,30,2.1,21,1,2,1,4,1,4,0.28,3,0,0,0,1,0
Chem Campbell,wls WAL,MF,Wolves,18,2002,0.1,0,0,0,0,0,0,0,0,0,0,0,0,0,0,0,0
João Cancelo,pt POR,DF,Manchester City,27,1994,35.9,103,2.87,82,0,7,12,1,1,16,0.45,11,0,1,3,0,1
Sergi Canós,es ESP,DF,Brentford,24,1997,23.1,35,1.51,28,2,2,2,1,0,5,0.22,4,0,0,1,0,0
Todd Cantwell,eng ENG,FWMF,Norwich City,23,1998,4.9,5,1.02,5,0,0,0,0,0,0,0,0,0,0,0,0,0
Matty Cash,pl POL,DF,Aston Villa,23,1997,37.5,54,1.44,37,4,4,2,6,1,7,0.19,4,2,1,0,0,0
Timothy Castagne,be BEL,DF,Leicester City,25,1995,23.6,25,1.06,21,3,0,0,1,0,1,0.04,0,0,0,0,1,0
Jonny Castro,es ESP,DF,Wolves,27,1994,11.4,18,1.58,16,0,0,0,1,1,0,0,0,0,0,0,0,0
Craig Cathcart,nir NIR,DF,Watford,32,1989,26.6,5,0.19,5,0,0,0,0,0,0,0,0,0,0,0,0,0
Edinson Cavani,uy URU,FW,Manchester Utd,34,1987,8.5,11,1.29,8,0,0,2,1,0,2,0.23,1,0,0,1,0,0
Kayky Chagas,br BRA,FW,Manchester City,18,2003,0.1,0,0,0,0,0,0,0,0,0,0,0,0,0,0,0,0
Trevoh Chalobah,eng ENG,DF,Chelsea,22,1999,16.1,7,0.43,7,0,0,0,0,0,1,0.06,1,0,0,0,0,0
Calum Chambers,eng ENG,DF,Aston Villa,26,1995,9.2,13,1.41,12,0,0,1,0,0,1,0.11,1,0,0,0,0,0
Calum Chambers,eng ENG,DF,Arsenal,26,1995,1.9,1,0.53,1,0,0,0,0,0,0,0,0,0,0,0,0,0
Daniel Chesters,eng ENG,MF,West Ham,19,2002,0,0,0,0,0,0,0,0,0,0,0,0,0,0,0,0,0
Ben Chilwell,eng ENG,DF,Chelsea,24,1996,6,21,3.49,11,7,1,1,0,1,1,0.17,0,1,0,0,0,0
Chiquinho,pt POR,DFMF,Wolves,21,2000,2.3,10,4.33,7,1,1,0,1,0,3,1.3,3,0,0,0,0,0
Hamza Choudhury,eng ENG,DFMF,Leicester City,23,1997,3.2,1,0.32,0,0,0,0,1,0,0,0,0,0,0,0,0,0
Andreas Christensen,dk DEN,DF,Chelsea,25,1996,16.6,8,0.48,7,0,1,0,0,0,0,0,0,0,0,0,0,0
Carney Chukwuemeka,lk SRI,MFFW,Aston Villa,17,2003,3.3,4,1.2,4,0,0,0,0,0,1,0.3,1,0,0,0,0,0
Ciaran Clark,ie IRL,DF,Newcastle Utd,31,1989,11.3,5,0.44,4,0,0,1,0,0,1,0.09,1,0,0,0,0,0
Tom Cleverley,eng ENG,MF,Watford,31,1989,18,35,1.95,20,10,0,1,4,0,3,0.17,2,1,0,0,0,0
Nathaniel Clyne,eng ENG,DF,Crystal Palace,30,1991,15,11,0.73,9,1,0,0,0,1,2,0.13,2,0,0,0,0,0
Conor Coady,eng ENG,DF,Wolves,28,1993,37.3,7,0.19,7,0,0,0,0,0,0,0,0,0,0,0,0,0
Séamus Coleman,ie IRL,DF,Everton,32,1988,29.5,38,1.29,28,3,0,2,3,2,4,0.14,2,0,0,0,2,0
Nathan Collins,ie IRL,DF,Burnley,20,2001,18.6,17,0.92,10,2,1,3,1,0,1,0.05,1,0,0,0,0,0
Aaron Connolly,ie IRL,FW,Brighton,21,2000,1.7,2,1.15,2,0,0,0,0,0,0,0,0,0,0,0,0,0
Liam Cooper,sct SCO,DF,Leeds United,29,1991,20.2,9,0.45,7,0,0,1,1,0,2,0.1,1,0,0,1,0,0
Jack Cork,eng ENG,MF,Burnley,32,1989,18.6,12,0.65,10,0,0,0,1,1,0,0,0,0,0,0,0,0
Maxwel Cornet,ci CIV,FWMF,Burnley,24,1996,19.6,27,1.38,16,3,1,3,4,0,6,0.31,1,1,1,1,2,0
Hélder Costa,ao ANG,MF,Leeds United,27,1994,0.2,0,0,0,0,0,0,0,0,0,0,0,0,0,0,0,0
Vladimír Coufal,cz CZE,DF,West Ham,28,1992,24.5,46,1.87,35,8,0,1,1,1,7,0.29,6,1,0,0,0,0
Philippe Coutinho,br BRA,MFFW,Aston Villa,29,1992,14.8,54,3.66,38,4,4,5,3,0,6,0.41,5,0,0,1,0,0
Aaron Cresswell,eng ENG,DF,West Ham,31,1989,30.3,49,1.62,27,20,0,2,0,0,5,0.17,2,3,0,0,0,0
Charlie Cresswell,eng ENG,DF,Leeds United,18,2002,1.6,1,0.64,1,0,0,0,0,0,0,0,0,0,0,0,0,0
Cucho,co COL,FWMF,Watford,22,1999,12.7,40,3.14,26,4,5,3,1,1,6,0.47,3,1,0,1,0,1
Marc Cucurella,es ESP,DF,Brighton,23,1998,34.3,78,2.27,66,7,1,2,1,1,2,0.06,1,1,0,0,0,0
Luke Cundle,eng ENG,MF,Wolves,19,2002,2,3,1.5,3,0,0,0,0,0,0,0,0,0,0,0,0,0
Patson Daka,zm ZAM,FW,Leicester City,22,1998,12.9,24,1.86,21,0,0,1,1,1,7,0.54,5,0,0,1,0,1
Stuart Dallas,nir NIR,DFMF,Leeds United,30,1991,32.4,64,1.97,38,18,2,1,2,3,3,0.09,2,0,0,0,0,1
Diogo Dalot,pt POR,DF,Manchester Utd,22,1999,20,37,1.85,33,1,2,0,1,0,5,0.25,5,0,0,0,0,0
Karl Darlow,eng ENG,GK,Newcastle Utd,30,1990,8,0,0,0,0,0,0,0,0,0,0,0,0,0,0,0,0
Josh Dasilva,eng ENG,MFFW,Brentford,22,1998,2.9,5,1.75,4,0,0,0,1,0,0,0,0,0,0,0,0,0
Ben Davies,wls WAL,DF,Tottenham,28,1993,28.2,29,1.03,27,1,0,1,0,0,4,0.14,3,0,0,1,0,0
Tom Davies,eng ENG,MF,Everton,23,1998,2.6,4,1.54,3,0,0,1,0,0,0,0,0,0,0,0,0,0
Keinan Davis,eng ENG,FW,Aston Villa,23,1998,0.1,0,0,0,0,0,0,0,0,0,0,0,0,0,0,0,0
Craig Dawson,eng ENG,DF,West Ham,31,1990,30.6,11,0.36,6,0,1,4,0,0,5,0.16,3,0,0,2,0,0
Kevin De Bruyne,be BEL,MF,Manchester City,30,1991,24.5,139,5.68,94,32,3,5,5,0,14,0.57,8,3,2,0,1,0
Troy Deeney,eng ENG,FW,Watford,33,1988,0.3,1,3.6,1,0,0,0,0,0,0,0,0,0,0,0,0,0
Liam Delap,eng ENG,FW,Manchester City,18,2003,0.1,1,9,0,0,0,0,1,0,0,0,0,0,0,0,0,0
Fabian Delph,eng ENG,MF,Everton,31,1989,7.4,5,0.68,4,0,0,0,0,1,0,0,0,0,0,0,0,0
Leander Dendoncker,be BEL,MF,Wolves,26,1995,21.7,28,1.29,26,0,0,1,0,1,8,0.37,6,0,0,1,0,1
Emmanuel Dennis,ng NGA,FWMF,Watford,23,1997,28.7,91,3.17,54,2,17,8,8,2,12,0.42,7,0,1,2,1,1
Kiernan Dewsbury-Hall,eng ENG,MF,Leicester City,22,1998,23.4,66,2.82,49,3,4,3,5,2,6,0.26,5,1,0,0,0,0
Ibrahima Diallo,fr FRA,MF,Southampton,22,1999,11.4,29,2.55,25,0,2,0,1,1,4,0.35,4,0,0,0,0,0
Rúben Dias,pt POR,DF,Manchester City,24,1997,26.7,30,1.12,26,0,0,3,0,1,6,0.22,4,0,0,2,0,0
Luis Díaz,co COL,FW,Liverpool,24,1997,10.6,49,4.6,34,0,10,3,0,2,4,0.38,3,0,0,1,0,0
Eric Dier,eng ENG,DF,Tottenham,27,1994,34.1,28,0.82,22,0,0,4,0,2,4,0.12,2,0,0,2,0,0
Lucas Digne,fr FRA,DF,Aston Villa,28,1993,14.1,46,3.26,33,12,1,0,0,0,7,0.5,6,1,0,0,0,0
Lucas Digne,fr FRA,DF,Everton,28,1993,13,33,2.54,22,9,1,0,1,0,0,0,0,0,0,0,0,0
Issa Diop,fr FRA,DF,West Ham,24,1997,10.7,2,0.19,2,0,0,0,0,0,1,0.09,1,0,0,0,0,0
Moussa Djenepo,ml MLI,MF,Southampton,23,1998,5.1,16,3.15,12,0,2,1,1,0,1,0.2,1,0,0,0,0,0
Lewis Dobbin,eng ENG,FWMF,Everton,18,2003,0.4,0,0,0,0,0,0,0,0,0,0,0,0,0,0,0,0
Matt Doherty,ie IRL,DF,Tottenham,29,1992,9.7,23,2.37,19,0,1,3,0,0,4,0.41,4,0,0,0,0,0
Gabriel Dos Santos,br BRA,DF,Arsenal,23,1997,34,22,0.65,20,0,0,1,0,1,1,0.03,1,0,0,0,0,0
Abdoulaye Doucouré,ml MLI,MF,Everton,28,1993,28.2,53,1.88,48,0,2,2,0,1,7,0.25,5,0,1,1,0,0
Kieran Dowell,eng ENG,FWMF,Norwich City,23,1997,10.1,23,2.27,18,5,0,0,0,0,1,0.1,1,0,0,0,0,0
Cody Drameh,eng ENG,DF,Leeds United,19,2001,1.4,2,1.41,2,0,0,0,0,0,0,0,0,0,0,0,0,0
Martin Dúbravka,sk SVK,GK,Newcastle Utd,32,1989,26,2,0.08,0,2,0,0,0,0,0,0,0,0,0,0,0,0
Shane Duffy,ie IRL,DF,Brighton,29,1992,16,8,0.5,6,0,0,2,0,0,2,0.13,1,0,0,1,0,0
Paul Dummett,wls WAL,DF,Newcastle Utd,29,1991,2.2,1,0.45,0,1,0,0,0,0,0,0,0,0,0,0,0,0
Lewis Dunk,eng ENG,DF,Brighton,29,1991,28.6,15,0.52,11,1,0,3,0,0,2,0.07,1,1,0,0,0,0
Ederson,br BRA,GK,Manchester City,27,1993,37,4,0.11,2,2,0,0,0,0,0,0,0,0,0,0,0,0
Odsonne Édouard,fr FRA,FW,Crystal Palace,23,1998,17.4,39,2.24,26,0,4,5,0,4,3,0.17,2,0,0,1,0,0
CJ Egan-Riley,eng ENG,DF,Manchester City,18,2003,0,0,0,0,0,0,0,0,0,0,0,0,0,0,0,0,0
Anthony Elanga,se SWE,FW,Manchester Utd,19,2002,13.5,18,1.33,9,0,3,0,4,2,5,0.37,2,0,1,0,1,1
Harvey Elliott,eng ENG,MF,Liverpool,18,2003,3.8,21,5.46,14,1,1,3,2,0,1,0.26,1,0,0,0,0,0
Mohamed Elneny,eg EGY,MF,Arsenal,29,1992,9,13,1.45,13,0,0,0,0,0,2,0.22,2,0,0,0,0,0
Mohamed Elyounoussi,no NOR,MFFW,Southampton,26,1994,22.7,52,2.29,41,0,2,5,3,1,5,0.22,3,0,0,2,0,0
Emerson,br BRA,DF,Tottenham,22,1999,25.4,49,1.93,40,0,4,2,1,2,4,0.16,4,0,0,0,0,0
Christian Eriksen,dk DEN,MF,Brentford,29,1992,10.4,53,5.08,26,24,0,1,2,0,7,0.67,3,3,0,0,1,0
Oghenekaro Etebo,ng NGA,MF,Watford,25,1995,4.5,4,0.9,4,0,0,0,0,0,0,0,0,0,0,0,0,0
Jonny Evans,nir NIR,DF,Leicester City,33,1988,15,8,0.53,7,1,0,0,0,0,2,0.13,1,1,0,0,0,0
Eberechi Eze,eng ENG,MFFW,Crystal Palace,23,1998,6.7,22,3.27,11,7,1,1,1,1,2,0.3,1,1,0,0,0,0
Łukasz Fabiański,pl POL,GK,West Ham,36,1985,37,3,0.08,2,1,0,0,0,0,0,0,0,0,0,0,0,0
Fabinho,br BRA,MF,Liverpool,27,1993,25.7,39,1.52,31,0,0,3,4,1,5,0.19,3,0,0,2,0,0
Kiko Femenía,es ESP,DF,Watford,30,1991,23.8,39,1.64,27,12,0,0,0,0,6,0.25,5,1,0,0,0,0
Evan Ferguson,ie IRL,MF,Brighton,16,2004,0.3,0,0,0,0,0,0,0,0,0,0,0,0,0,0,0,0
Nathan Ferguson,eng ENG,DF,Crystal Palace,20,2000,0.1,0,0,0,0,0,0,0,0,0,0,0,0,0,0,0,0
Bruno Fernandes,pt POR,MF,Manchester Utd,26,1994,34.6,145,4.19,109,18,4,7,4,3,10,0.29,8,0,1,1,0,0
Álvaro Fernández,es ESP,GK,Brentford,23,1998,12,0,0,0,0,0,0,0,0,0,0,0,0,0,0,0,0
Federico Fernández,ar ARG,DF,Newcastle Utd,32,1989,5.8,3,0.52,1,0,0,2,0,0,1,0.17,0,0,0,1,0,0
Fernandinho,br BRA,MFDF,Manchester City,36,1985,10.7,30,2.8,24,0,0,4,2,0,4,0.37,4,0,0,0,0,0
Roberto Firmino,br BRA,FW,Liverpool,29,1991,11,37,3.36,32,0,1,3,0,1,6,0.55,4,0,0,1,0,1
Junior Firpo,es ESP,DF,Leeds United,24,1996,19,43,2.26,34,4,1,1,1,2,4,0.21,2,1,0,0,0,1
Ashley Fletcher,eng ENG,FW,Watford,25,1995,0.3,2,6,1,0,0,1,0,0,0,0,0,0,0,0,0,0
Phil Foden,eng ENG,FW,Manchester City,21,2000,23.6,83,3.51,57,13,3,6,3,1,13,0.55,8,3,0,2,0,0
Wesley Fofana,fr FRA,DF,Leicester City,20,2000,7,4,0.57,4,0,0,0,0,0,0,0,0,0,0,0,0,0
Pablo Fornals,es ESP,FWMF,West Ham,25,1996,31.1,87,2.8,67,8,4,5,2,1,9,0.29,7,1,0,1,0,0
Adam Forshaw,eng ENG,MF,Leeds United,29,1991,17,27,1.59,26,0,0,1,0,0,1,0.06,1,0,0,0,0,0
Marcus Forss,fi FIN,FWMF,Brentford,22,1999,2.3,2,0.86,1,0,0,1,0,0,1,0.43,0,0,0,1,0,0
Fraser Forster,eng ENG,GK,Southampton,33,1988,19,2,0.11,0,2,0,0,0,0,0,0,0,0,0,0,0,0
Ben Foster,eng ENG,GK,Watford,38,1983,26,7,0.27,7,0,0,0,0,0,1,0.04,1,0,0,0,0,0
Tariqe Fosu,gh GHA,DF,Brentford,25,1995,0.2,0,0,0,0,0,0,0,0,0,0,0,0,0,0,0,0
Ryan Fraser,sct SCO,FWMF,Newcastle Utd,27,1994,16.3,47,2.89,28,8,0,5,5,1,6,0.37,3,1,0,1,1,0
Fred,br BRA,MF,Manchester Utd,28,1993,22.5,57,2.53,47,0,1,1,4,4,8,0.36,6,0,0,0,1,1
Ryan Fredericks,eng ENG,DF,West Ham,28,1992,3.4,2,0.59,2,0,0,0,0,0,0,0,0,0,0,0,0,0
Leo Fuhr Hjelde,no NOR,DF,Leeds United,17,2003,1.7,3,1.8,3,0,0,0,0,0,0,0,0,0,0,0,0,0
Conor Gallagher,eng ENG,MF,Crystal Palace,21,2000,31.6,89,2.82,44,23,3,7,10,2,13,0.41,8,1,2,0,1,1
Alejandro Garnacho,es ESP,FW,Manchester Utd,17,2004,0.1,0,0,0,0,0,0,0,0,0,0,0,0,0,0,0,0
Dwight Gayle,eng ENG,FW,Newcastle Utd,30,1990,0.4,2,4.74,2,0,0,0,0,0,0,0,0,0,0,0,0,0
Jean-Philippe Gbamin,ci CIV,MF,Everton,25,1995,0.7,0,0,0,0,0,0,0,0,0,0,0,0,0,0,0,0
David de Gea,es ESP,GK,Manchester Utd,30,1990,38,3,0.08,3,0,0,0,0,0,0,0,0,0,0,0,0,0
Joe Gelhardt,eng ENG,FWMF,Leeds United,19,2002,8.3,22,2.65,14,0,3,1,4,0,6,0.72,2,0,2,0,2,0
Anwar El Ghazi,nl NED,FWMF,Aston Villa,26,1995,4.3,11,2.56,8,1,1,0,1,0,2,0.47,2,0,0,0,0,0
Anwar El Ghazi,nl NED,FW,Everton,26,1995,0.1,0,0,0,0,0,0,0,0,0,0,0,0,0,0,0,0
Saman Ghoddos,ir IRN,DFMF,Brentford,27,1993,6,25,4.2,18,2,0,1,3,1,2,0.34,1,0,0,0,1,0
Dimitris Giannoulis,gr GRE,DF,Norwich City,25,1995,13,17,1.31,14,1,0,0,2,0,2,0.15,2,0,0,0,0,0
Morgan Gibbs-White,eng ENG,FWMF,Wolves,21,2000,0.1,0,0,0,0,0,0,0,0,0,0,0,0,0,0,0,0
Ben Gibson,eng ENG,DF,Norwich City,28,1993,27.7,11,0.4,10,0,0,0,0,1,1,0.04,1,0,0,0,0,0
Billy Gilmour,sct SCO,MF,Norwich City,20,2001,20.6,48,2.33,21,22,1,3,0,1,1,0.05,0,1,0,0,0,0
Ben Godfrey,eng ENG,DF,Everton,23,1998,22.5,31,1.38,24,2,1,2,0,2,2,0.09,1,0,0,1,0,0
André Gomes,pt POR,MF,Everton,28,1993,6.9,13,1.89,9,0,2,1,1,0,2,0.29,1,0,1,0,0,0
Toti Gomes,pt POR,DF,Wolves,22,1999,4,0,0,0,0,0,0,0,0,0,0,0,0,0,0,0,0
Joe Gomez,eng ENG,DF,Liverpool,24,1997,3.7,8,2.18,7,0,0,0,1,0,2,0.54,2,0,0,0,0,0
Charlie Goode,eng ENG,DF,Brentford,25,1995,5,12,2.4,2,7,1,1,0,1,0,0,0,0,0,0,0,0
Anthony Gordon,eng ENG,MFFW,Everton,20,2001,25.4,73,2.88,38,14,5,2,12,2,5,0.2,1,2,0,0,2,0
Kaide Gordon,eng ENG,FW,Liverpool,16,2004,0.1,0,0,0,0,0,0,0,0,0,0,0,0,0,0,0,0
Dan Gosling,eng ENG,MF,Watford,31,1990,1.8,2,1.08,1,0,0,0,1,0,0,0,0,0,0,0,0,0
Demarai Gray,eng ENG,MFFW,Everton,25,1996,26,83,3.2,48,13,12,4,6,0,6,0.23,3,1,1,1,0,0
Jack Grealish,eng ENG,FW,Manchester City,25,1995,21.3,110,5.17,87,1,5,5,11,1,7,0.33,7,0,0,0,0,0
Mason Greenwood,eng ENG,FWMF,Manchester Utd,19,2001,14.1,44,3.12,37,0,4,1,2,0,7,0.5,6,0,0,1,0,0
Sam Greenwood,eng ENG,MFFW,Leeds United,19,2002,2.6,6,2.28,5,0,0,1,0,0,2,0.76,2,0,0,0,0,0
Pascal Groß,de GER,MFDF,Brighton,30,1991,22.6,91,4.02,49,37,1,4,0,0,7,0.31,2,3,1,1,0,0
Vicente Guaita,es ESP,GK,Crystal Palace,34,1987,29.5,1,0.03,1,0,0,0,0,0,0,0,0,0,0,0,0,0
Marc Guéhi,eng ENG,DF,Crystal Palace,21,2000,35.8,21,0.59,18,0,0,2,0,1,2,0.06,1,0,0,1,0,0
Bruno Guimarães,br BRA,MF,Newcastle Utd,23,1997,11.5,24,2.09,19,0,1,2,0,2,3,0.26,1,0,0,1,0,1
İlkay Gündoğan,de GER,MF,Manchester City,30,1990,20.6,72,3.49,53,12,5,1,0,1,7,0.34,6,0,1,0,0,0
Angus Gunn,eng ENG,GK,Norwich City,25,1996,9,0,0,0,0,0,0,0,0,0,0,0,0,0,0,0,0
Grant Hanley,sct SCO,DF,Norwich City,29,1991,32.2,10,0.31,5,1,0,4,0,0,0,0,0,0,0,0,0,0
Jack Harrison,eng ENG,FWMF,Leeds United,24,1996,29.3,79,2.69,52,7,8,6,5,1,3,0.1,1,0,1,1,0,0
Kortney Hause,eng ENG,DF,Aston Villa,26,1995,4.4,0,0,0,0,0,0,0,0,0,0,0,0,0,0,0,0
Kai Havertz,de GER,FWMF,Chelsea,22,1999,20.1,53,2.64,40,0,2,6,5,0,7,0.35,4,0,1,1,1,0
Isaac Hayden,eng ENG,MFDF,Newcastle Utd,26,1995,11.1,6,0.54,6,0,0,0,0,0,0,0,0,0,0,0,0,0
Hwang Hee-chan,kr KOR,FWMF,Wolves,25,1996,20.2,34,1.69,23,0,3,3,3,2,3,0.15,1,0,1,0,0,1
Jordan Henderson,eng ENG,MF,Liverpool,31,1990,28.9,78,2.7,71,4,2,0,0,1,11,0.38,11,0,0,0,0,0
Jeff Hendrick,ie IRL,MF,Newcastle Utd,29,1992,0.8,1,1.25,1,0,0,0,0,0,0,0,0,0,0,0,0,0
Wayne Hennessey,wls WAL,GK,Burnley,34,1987,2,3,1.5,1,2,0,0,0,0,0,0,0,0,0,0,0,0
Rico Henry,eng ENG,DF,Brentford,24,1997,30.8,41,1.33,36,1,3,0,1,0,1,0.03,1,0,0,0,0,0
Son Heung-min,kr KOR,FWMF,Tottenham,29,1992,33.4,129,3.86,75,35,4,8,6,1,15,0.45,8,4,0,0,3,0
Ki-Jana Hoever,nl NED,DF,Wolves,19,2002,3.4,3,0.88,3,0,0,0,0,0,0,0,0,0,0,0,0,0
Pierre Højbjerg,dk DEN,MF,Tottenham,25,1995,35.5,81,2.28,67,3,5,1,2,3,5,0.14,5,0,0,0,0,0
Rob Holding,eng ENG,DF,Arsenal,25,1995,9.4,3,0.32,3,0,0,0,0,0,0,0,0,0,0,0,0,0
Mason Holgate,eng ENG,DF,Everton,24,1996,23.7,3,0.13,3,0,0,0,0,0,1,0.04,1,0,0,0,0,0
Callum Hudson-Odoi,eng ENG,FWMF,Chelsea,20,2000,10.7,51,4.77,37,0,7,3,4,0,6,0.56,4,0,0,0,2,0
Will Hughes,eng ENG,MF,Crystal Palace,26,1995,11.7,20,1.71,12,3,0,0,2,3,3,0.26,1,1,0,0,1,0
Adam Idah,ie IRL,FWMF,Norwich City,20,2001,6.9,12,1.73,8,1,1,0,2,0,1,0.14,1,0,0,0,0,0
Kelechi Iheanacho,ng NGA,FW,Leicester City,24,1996,14,36,2.56,28,1,2,2,1,2,8,0.57,5,0,0,1,0,2
Danny Ings,eng ENG,FW,Aston Villa,29,1992,21.1,31,1.47,24,0,1,4,1,1,8,0.38,8,0,0,0,0,0
Tim Iroegbunam,eng ENG,MF,Aston Villa,18,2003,1,0,0,0,0,0,0,0,0,0,0,0,0,0,0,0,0
Alex Iwobi,ng NGA,MFDF,Everton,25,1996,22.6,62,2.74,58,2,0,1,0,1,6,0.27,6,0,0,0,0,0
Daniel James,wls WAL,FWMF,Leeds United,23,1997,26.3,53,2.02,36,0,3,6,7,1,5,0.19,3,0,1,0,1,0
Daniel James,wls WAL,FW,Manchester Utd,23,1997,1.4,3,2.14,2,0,0,1,0,0,0,0,0,0,0,0,0,0
Reece James,eng ENG,DF,Chelsea,21,1999,20.7,79,3.81,61,8,3,4,3,0,11,0.53,9,1,1,0,0,0
Vitaly Janelt,de GER,MF,Brentford,23,1998,25.5,53,2.08,40,3,2,4,3,1,4,0.16,3,0,0,1,0,0
Pontus Jansson,se SWE,DF,Brentford,30,1991,36.9,15,0.41,7,0,0,7,1,0,4,0.11,1,0,0,2,1,0
Mathias Jensen,dk DEN,MF,Brentford,25,1996,17.8,57,3.2,35,19,1,0,0,2,3,0.17,2,1,0,0,0,0
Gabriel Jesus,br BRA,FW,Manchester City,24,1997,20.9,78,3.74,52,0,13,7,4,2,18,0.86,11,0,2,1,2,2
Raúl Jiménez,mx MEX,FW,Wolves,30,1991,29.2,67,2.29,47,1,4,7,5,3,15,0.51,7,0,3,3,1,1
João Pedro,br BRA,FWMF,Watford,19,2001,18.3,49,2.68,33,0,7,4,4,1,4,0.22,3,0,0,1,0,0
Joelinton,br BRA,MFFW,Newcastle Utd,24,1996,28.4,64,2.25,44,0,3,8,6,3,6,0.21,4,0,0,1,1,0
Ben Johnson,eng ENG,DF,West Ham,21,2000,15.5,16,1.03,14,1,0,0,1,0,2,0.13,2,0,0,0,0,0
Curtis Jones,eng ENG,MF,Liverpool,20,2001,9.5,26,2.75,15,1,2,3,3,2,2,0.21,1,0,0,1,0,0
Phil Jones,eng ENG,DF,Manchester Utd,29,1992,1.8,2,1.1,1,0,0,0,1,0,0,0,0,0,0,0,0,0
Mathias Jørgensen,dk DEN,DF,Brentford,31,1990,5.8,6,1.04,3,2,0,1,0,0,0,0,0,0,0,0,0,0
Jorginho,it ITA,MF,Chelsea,29,1991,25.3,60,2.38,52,1,1,2,2,2,8,0.32,8,0,0,0,0,0
Diogo Jota,pt POR,FW,Liverpool,24,1996,26.3,87,3.31,58,0,12,4,9,4,14,0.53,7,0,4,1,2,0
James Justin,eng ENG,DF,Leicester City,23,1998,11.1,16,1.44,15,0,0,0,1,0,1,0.09,1,0,0,0,0,0
Ozan Kabak,tr TUR,DF,Norwich City,21,2000,10.2,10,0.98,4,0,1,1,3,1,0,0,0,0,0,0,0,0
Christian Kabasele,be BEL,DF,Watford,30,1991,13.3,5,0.38,4,0,0,1,0,0,0,0,0,0,0,0,0,0
Samuel Kalu,ng NGA,FW,Watford,23,1997,2.5,6,2.43,3,0,0,0,2,1,0,0,0,0,0,0,0,0
Hassane Kamara,ci CIV,DF,Watford,27,1994,18,21,1.16,16,0,1,1,0,3,0,0,0,0,0,0,0,0
Harry Kane,eng ENG,FW,Tottenham,28,1993,35.9,117,3.26,86,2,10,11,6,2,21,0.58,17,0,1,3,0,0
N'Golo Kanté,fr FRA,MF,Chelsea,30,1991,19.7,61,3.1,52,0,4,2,0,3,13,0.66,11,0,1,1,0,0
Edo Kayembe,cd COD,MF,Watford,23,1998,8.9,13,1.46,12,0,0,1,0,0,0,0,0,0,0,0,0,0
Moise Kean,it ITA,FW,Everton,21,2000,0,0,0,0,0,0,0,0,0,0,0,0,0,0,0,0,0
Michael Keane,eng ENG,DF,Everton,28,1993,31,14,0.45,9,2,0,3,0,0,1,0.03,1,0,0,0,0,0
Naby Keïta,gn GUI,MF,Liverpool,26,1995,13,43,3.3,33,0,3,4,0,3,6,0.46,4,0,1,1,0,0
Caoimhín Kelleher,ie IRL,GK,Liverpool,22,1998,2,0,0,0,0,0,0,0,0,0,0,0,0,0,0,0,0
Kenedy,br BRA,DF,Chelsea,25,1996,0.6,3,4.66,2,0,0,1,0,0,1,1.55,1,0,0,0,0,0
Jonjoe Kenny,eng ENG,DF,Everton,24,1997,11.3,20,1.77,15,2,2,1,0,0,2,0.18,2,0,0,0,0,0
Max Kilman,eng ENG,DF,Wolves,24,1997,29.9,9,0.3,6,0,1,1,0,1,1,0.03,0,0,0,1,0,0
Joshua King,no NOR,FW,Watford,29,1992,25,60,2.4,46,0,4,4,5,1,7,0.28,5,0,1,1,0,0
Kristoffer Klaesson,no NOR,GK,Leeds United,20,2000,0.4,0,0,0,0,0,0,0,0,0,0,0,0,0,0,0,0
Mateusz Klich,pl POL,MF,Leeds United,31,1990,23,68,2.95,54,3,3,4,3,1,6,0.26,5,0,0,1,0,0
Robin Koch,de GER,MFDF,Leeds United,25,1996,17.5,18,1.03,16,0,0,1,1,0,1,0.06,1,0,0,0,0,0
Sead Kolašinac,ba BIH,DF,Arsenal,28,1993,1,0,0,0,0,0,0,0,0,0,0,0,0,0,0,0,0
Ibrahima Konaté,fr FRA,DF,Liverpool,22,1999,11,6,0.55,6,0,0,0,0,0,2,0.18,2,0,0,0,0,0
Ezri Konsa,eng ENG,DF,Aston Villa,23,1997,27.5,10,0.36,8,0,0,1,0,1,0,0,0,0,0,0,0,0
Cheikhou Kouyaté,sn SEN,MF,Crystal Palace,31,1989,21.9,17,0.78,14,0,2,0,0,1,1,0.05,1,0,0,0,0,0
Mateo Kovačić,hr CRO,MF,Chelsea,27,1994,17.3,58,3.35,50,0,2,3,3,0,6,0.35,6,0,0,0,0,0
Emil Krafth,se SWE,DF,Newcastle Utd,26,1994,18.2,13,0.72,7,4,1,1,0,0,1,0.06,1,0,0,0,0,0
Alex Král,cz CZE,MF,West Ham,23,1998,0,0,0,0,0,0,0,0,0,0,0,0,0,0,0,0,0
Tim Krul,nl NED,GK,Norwich City,33,1988,29,5,0.17,3,2,0,0,0,0,0,0,0,0,0,0,0,0
Juraj Kucka,sk SVK,MF,Watford,34,1987,21.3,37,1.73,23,0,5,2,5,2,2,0.09,1,0,0,0,1,0
Dejan Kulusevski,se SWE,MFFW,Tottenham,21,2000,14,47,3.35,35,0,6,5,1,0,14,1,10,0,3,1,0,0
Alexandre Lacazette,fr FRA,FWMF,Arsenal,30,1991,19.8,65,3.28,43,0,7,4,9,2,9,0.45,6,0,0,1,1,1
Adam Lallana,eng ENG,MF,Brighton,33,1988,17.3,27,1.56,23,0,1,0,2,1,3,0.17,3,0,0,0,0,0
Tariq Lamptey,eng ENG,DFFW,Brighton,20,2000,17.3,47,2.71,33,0,4,3,4,3,2,0.12,2,0,0,0,0,0
Manuel Lanzini,ar ARG,MFFW,West Ham,28,1993,19.8,55,2.77,45,5,2,0,2,1,10,0.5,6,1,1,0,1,1
Aymeric Laporte,es ESP,DF,Manchester City,27,1994,31.4,30,0.95,26,0,0,3,1,0,4,0.13,2,0,0,1,1,0
Jamaal Lascelles,eng ENG,DF,Newcastle Utd,27,1993,22.9,6,0.26,6,0,0,0,0,0,1,0.04,1,0,0,0,0,0
Pierre Lees-Melou,fr FRA,MF,Norwich City,28,1993,25.2,52,2.07,44,1,1,1,1,4,1,0.04,0,0,0,0,1,0
Aaron Lennon,eng ENG,MF,Burnley,34,1987,17.2,32,1.86,20,0,5,1,6,0,5,0.29,1,0,2,0,2,0
Bernd Leno,de GER,GK,Arsenal,29,1992,4,0,0,0,0,0,0,0,0,0,0,0,0,0,0,0,0
Jamal Lewis,nir NIR,DF,Newcastle Utd,23,1998,2.9,2,0.69,2,0,0,0,0,0,1,0.34,1,0,0,0,0,0
Victor Lindelöf,se SWE,DF,Manchester Utd,27,1994,26.2,10,0.38,10,0,0,0,0,0,3,0.11,3,0,0,0,0,0
Jesse Lingard,eng ENG,FWMF,Manchester Utd,28,1992,4.1,15,3.68,12,0,0,2,1,0,1,0.25,0,0,0,1,0,0
Valentino Livramento,eng ENG,DF,Southampton,18,2002,24.5,40,1.63,37,0,1,0,2,0,2,0.08,1,0,0,0,1,0
Diego Llorente,es ESP,DF,Leeds United,27,1993,26,6,0.23,6,0,0,0,0,0,0,0,0,0,0,0,0,0
Hugo Lloris,fr FRA,GK,Tottenham,34,1986,38,6,0.16,6,0,0,0,0,0,2,0.05,2,0,0,0,0,0
Giovani Lo Celso,ar ARG,MFFW,Tottenham,25,1996,2.6,10,3.78,5,2,0,1,2,0,0,0,0,0,0,0,0,0
Jürgen Locadia,nl NED,FW,Brighton,27,1993,0.3,0,0,0,0,0,0,0,0,0,0,0,0,0,0,0,0
Ruben Loftus-Cheek,eng ENG,MFDF,Chelsea,25,1996,15.5,52,3.36,39,0,3,4,3,3,7,0.45,4,0,0,2,0,1
Kevin Long,ie IRL,DF,Burnley,30,1990,4.6,1,0.22,1,0,0,0,0,0,0,0,0,0,0,0,0,0
Shane Long,ie IRL,FW,Southampton,34,1987,3.4,5,1.46,2,0,0,0,3,0,0,0,0,0,0,0,0,0
Sean Longstaff,eng ENG,MF,Newcastle Utd,23,1997,16.3,24,1.48,20,1,0,1,0,2,4,0.25,3,0,0,0,0,1
Ademola Lookman,ng NGA,FWMF,Leicester City,23,1997,16.1,40,2.48,30,1,4,2,2,1,2,0.12,1,0,0,0,1,0
Jonas Lössl,dk DEN,GK,Brentford,32,1989,2,0,0,0,0,0,0,0,0,0,0,0,0,0,0,0,0
Imran Louza,ma MAR,MF,Watford,22,1999,15.7,30,1.91,13,11,1,2,1,2,1,0.06,1,0,0,0,0,0
Matthew Lowton,eng ENG,DF,Burnley,32,1989,19.7,33,1.68,25,4,0,1,2,1,2,0.1,1,0,0,1,0,0
Douglas Luiz,br BRA,MF,Aston Villa,23,1998,30.2,75,2.49,46,19,1,3,6,0,8,0.27,3,2,0,2,1,0
Romelu Lukaku,be BEL,FW,Chelsea,28,1993,17.7,44,2.49,30,0,4,2,6,2,5,0.28,0,0,1,0,3,1
Lyanco,br BRA,DF,Southampton,24,1997,10.1,9,0.89,6,0,0,1,0,2,1,0.1,1,0,0,0,0,0
Alexis Mac Allister,ar ARG,MFFW,Brighton,22,1998,23.6,65,2.76,44,9,1,2,4,5,4,0.17,1,2,0,1,0,0
James Maddison,eng ENG,MFFW,Leicester City,24,1996,27.3,100,3.66,56,12,9,8,12,3,19,0.7,13,1,1,1,2,1
Harry Maguire,eng ENG,DF,Manchester Utd,28,1993,27.9,20,0.72,11,2,1,4,1,1,1,0.04,1,0,0,0,0,0
Riyad Mahrez,dz ALG,FW,Manchester City,30,1991,16.6,64,3.85,49,9,1,3,1,1,7,0.42,4,2,0,1,0,0
Ainsley Maitland-Niles,eng ENG,MF,Arsenal,23,1997,3,8,2.69,5,1,0,1,0,1,0,0,0,0,0,0,0,0
Sadio Mané,sn SEN,FW,Liverpool,29,1992,31.3,97,3.1,67,0,5,14,8,3,13,0.42,7,0,1,4,1,0
Javier Manquillo,es ESP,DF,Newcastle Utd,27,1994,14,9,0.64,8,0,0,0,1,0,4,0.29,3,0,0,0,1,0
Fernando Marçal,br BRA,DF,Wolves,32,1989,16.1,17,1.06,15,0,0,1,1,0,1,0.06,0,0,0,1,0,0
Solly March,eng ENG,DFFW,Brighton,27,1994,19.4,67,3.45,41,14,7,0,3,2,4,0.21,3,0,0,0,1,0
Pablo Marí,es ESP,DF,Arsenal,27,1993,2,1,0.5,1,0,0,0,0,0,0,0,0,0,0,0,0,0
Anthony Martial,fr FRA,FW,Manchester Utd,25,1995,2.4,3,1.27,3,0,0,0,0,0,2,0.85,2,0,0,0,0,0
Martinelli,br BRA,FWMF,Arsenal,20,2001,20.7,70,3.39,47,4,8,7,2,2,11,0.53,6,2,1,2,0,0
Emiliano Martínez,ar ARG,GK,Aston Villa,28,1992,36,3,0.08,3,0,0,0,0,0,1,0.03,1,0,0,0,0,0
Adam Masina,ma MAR,DF,Watford,27,1994,12,11,0.92,6,3,0,0,1,1,1,0.08,1,0,0,0,0,0
Arthur Masuaku,cd COD,DFFW,West Ham,27,1993,7.2,6,0.83,4,2,0,0,0,0,2,0.28,1,1,0,0,0,0
Juan Mata,es ESP,MF,Manchester Utd,33,1988,2.6,6,2.3,6,0,0,0,0,0,0,0,0,0,0,0,0,0
Jean-Philippe Mateta,fr FRA,FW,Crystal Palace,24,1997,12.7,18,1.41,15,0,0,3,0,0,2,0.16,1,0,0,1,0,0
Nemanja Matić,rs SRB,MF,Manchester Utd,32,1988,15.4,28,1.82,25,0,0,0,1,2,5,0.33,5,0,0,0,0,0
Joël Matip,cm CMR,DF,Liverpool,29,1991,31,34,1.1,26,0,0,7,1,0,9,0.29,7,0,0,1,1,0
Neal Maupay,fr FRA,FW,Brighton,24,1996,25.3,64,2.53,46,0,7,6,5,0,3,0.12,3,0,0,0,0,0
Bryan Mbeumo,fr FRA,FW,Brentford,21,1999,32.3,77,2.39,49,9,8,5,5,1,12,0.37,10,1,0,0,1,0
James McArthur,sct SCO,MF,Crystal Palace,33,1987,16,29,1.81,25,1,1,0,1,1,3,0.19,3,0,0,0,0,0
James Mcatee,eng ENG,MFFW,Manchester City,18,2002,0.2,0,0,0,0,0,0,0,0,0,0,0,0,0,0,0,0
Kasey McAteer,eng ENG,FW,Leicester City,19,2001,0,0,0,0,0,0,0,0,0,0,0,0,0,0,0,0,0
Liam McCarron,sct SCO,FW,Leeds United,20,2001,0.1,0,0,0,0,0,0,0,0,0,0,0,0,0,0,0,0
Alex McCarthy,eng ENG,GK,Southampton,31,1989,17,1,0.06,1,0,0,0,0,0,0,0,0,0,0,0,0,0
John McGinn,sct SCO,MF,Aston Villa,26,1994,34.3,96,2.8,66,20,3,2,4,1,5,0.15,4,1,0,0,0,0
Stuart McKinstry,sct SCO,MF,Leeds United,18,2002,0,0,0,0,0,0,0,0,0,0,0,0,0,0,0,0,0
Kenny McLean,sct SCO,MF,Norwich City,29,1992,30.1,34,1.13,27,2,0,2,0,3,2,0.07,2,0,0,0,0,0
Dwight McNeil,eng ENG,MF,Burnley,21,1999,34.5,97,2.81,52,22,5,6,10,2,5,0.14,3,2,0,0,0,0
Scott McTominay,sct SCO,MF,Manchester Utd,24,1996,26.5,45,1.7,37,0,3,1,2,2,6,0.23,4,0,0,1,0,1
Ben Mee,eng ENG,DF,Burnley,31,1989,20.4,8,0.39,5,0,0,2,1,0,0,0,0,0,0,0,0,0
Hannibal Mejbri,tn TUN,FW,Manchester Utd,18,2003,0.8,0,0,0,0,0,0,0,0,0,0,0,0,0,0,0,0
Benjamin Mendy,fr FRA,DF,Manchester City,27,1994,0.9,4,4.62,4,0,0,0,0,0,0,0,0,0,0,0,0,0
Edouard Mendy,sn SEN,GK,Chelsea,29,1992,34,2,0.06,2,0,0,0,0,0,0,0,0,0,0,0,0,0
Nampalys Mendy,sn SEN,MF,Leicester City,29,1992,11.5,6,0.52,5,0,0,0,0,1,3,0.26,3,0,0,0,0,0
Illan Meslier,fr FRA,GK,Leeds United,21,2000,37.6,2,0.05,1,1,0,0,0,0,0,0,0,0,0,0,0,0
Luka Milivojević,rs SRB,MF,Crystal Palace,30,1991,8.6,15,1.74,5,9,0,0,1,0,0,0,0,0,0,0,0,0
James Milner,eng ENG,MFDF,Liverpool,35,1986,9.5,31,3.27,23,6,1,1,0,0,1,0.11,1,0,0,0,0,0
Yerry Mina,co COL,DF,Everton,26,1994,9.4,3,0.32,2,0,0,0,0,1,0,0,0,0,0,0,0,0
Takumi Minamino,jp JPN,FWMF,Liverpool,26,1995,2.1,7,3.39,5,0,0,0,1,1,1,0.48,1,0,0,0,0,0
Tyrone Mings,eng ENG,DF,Aston Villa,28,1993,35.4,26,0.73,20,0,0,3,2,1,4,0.11,3,0,0,1,0,0
Tyrick Mitchell,eng ENG,DF,Crystal Palace,21,1999,34.5,41,1.19,35,2,1,1,1,1,5,0.15,5,0,0,0,0,0
Jakub Moder,pl POL,MFFW,Brighton,22,1999,18.9,37,1.96,23,3,3,6,0,2,4,0.21,3,0,0,1,0,0
Wesley Moraes,br BRA,FW,Aston Villa,24,1996,0,0,0,0,0,0,0,0,0,0,0,0,0,0,0,0,0
Tyler Morton,eng ENG,MF,Liverpool,18,2002,0.7,1,1.36,1,0,0,0,0,0,0,0,0,0,0,0,0,0
Mason Mount,eng ENG,MFFW,Chelsea,22,1999,26.3,111,4.23,72,21,5,8,4,1,15,0.57,9,4,0,1,1,0
Lucas Moura,br BRA,FWMF,Tottenham,28,1992,19.7,63,3.19,52,0,3,2,5,1,9,0.46,9,0,0,0,0,0
João Moutinho,pt POR,MF,Wolves,34,1986,33,68,2.06,44,18,1,2,0,3,4,0.12,3,1,0,0,0,0
Bali Mumba,eng ENG,DF,Norwich City,19,2001,0.5,0,0,0,0,0,0,0,0,0,0,0,0,0,0,0,0
Jacob Murphy,eng ENG,FWDF,Newcastle Utd,26,1995,16.4,45,2.75,34,2,4,4,1,0,5,0.31,2,0,0,2,1,0
Enock Mwepu,zm ZAM,MFFW,Brighton,23,1998,11.1,22,1.99,17,0,0,2,3,0,7,0.63,6,0,0,0,1,0
Vitaliy Mykolenko,ua UKR,DF,Everton,22,1999,11.7,14,1.19,8,4,0,0,1,1,3,0.26,1,1,0,0,1,0
Marvelous Nakamba,zw ZIM,MF,Aston Villa,27,1994,10,6,0.6,5,0,0,0,1,0,0,0,0,0,0,0,0,0
Wilfred Ndidi,ng NGA,MFDF,Leicester City,24,1996,18,14,0.78,9,0,0,3,1,1,2,0.11,1,0,0,1,0,0
Tanguy Ndombele,fr FRA,MF,Tottenham,24,1996,5.4,13,2.42,10,0,1,1,1,0,1,0.19,1,0,0,0,0,0
Reiss Nelson,eng ENG,FW,Arsenal,21,1999,0.2,3,13.5,2,0,0,1,0,0,0,0,0,0,0,0,0,0
Pedro Neto,pt POR,FWMF,Wolves,21,2000,5.2,23,4.44,13,4,2,2,2,0,1,0.19,1,0,0,0,0,0
Rúben Neves,pt POR,MF,Wolves,24,1997,29.6,55,1.86,45,2,1,3,2,2,3,0.1,3,0,0,0,0,0
Jeremy Ngakia,eng ENG,DF,Watford,20,2000,10,12,1.2,8,2,0,1,1,0,1,0.1,1,0,0,0,0,0
Saúl Ñíguez,es ESP,MFDF,Chelsea,26,1994,5.3,8,1.5,7,0,0,1,0,0,0,0,0,0,0,0,0,0
Eddie Nketiah,eng ENG,FW,Arsenal,22,1999,9.3,23,2.48,15,0,2,3,1,2,4,0.43,1,0,0,1,0,2
Nicolas Nkoulou,cm CMR,DF,Watford,31,1990,1.9,1,0.54,1,0,0,0,0,0,0,0,0,0,0,0,0,0
Mark Noble,eng ENG,MF,West Ham,34,1987,3.7,5,1.36,5,0,0,0,0,0,0,0,0,0,0,0,0,0
Christian Nørgaard,dk DEN,MF,Brentford,27,1994,33.9,49,1.44,43,0,3,1,1,1,6,0.18,5,0,1,0,0,0
Mathias Normann,no NOR,MF,Norwich City,25,1996,18.3,34,1.86,14,5,5,3,4,3,3,0.16,3,0,0,0,0,0
Martin Ødegaard,no NOR,MF,Arsenal,22,1998,30.9,134,4.33,105,13,6,7,2,1,12,0.39,12,0,0,0,0,0
Angelo Ogbonna,it ITA,DF,West Ham,33,1988,10.2,2,0.2,2,0,0,0,0,0,1,0.1,1,0,0,0,0,0
Michael Olise,fr FRA,FWMF,Crystal Palace,19,2001,12.7,38,3,32,3,1,1,1,0,7,0.55,6,0,0,1,0,0
Robin Olsen,se SWE,GK,Aston Villa,31,1990,1,1,1,0,1,0,0,0,0,1,1,0,1,0,0,0,0
Andrew Omobamidele,ie IRL,DF,Norwich City,19,2002,4.2,0,0,0,0,0,0,0,0,0,0,0,0,0,0,0,0
Tyler Onyango,eng ENG,MFFW,Everton,18,2003,0.3,0,0,0,0,0,0,0,0,0,0,0,0,0,0,0,0
Frank Onyeka,ng NGA,MF,Brentford,23,1998,11.6,17,1.46,11,0,1,1,4,0,1,0.09,0,0,0,0,1,0
Divock Origi,be BEL,FW,Liverpool,26,1995,1.5,2,1.35,1,0,0,1,0,0,2,1.35,1,0,0,1,0,0
Alex Oxlade-Chamberlain,eng ENG,MFFW,Liverpool,27,1993,8.7,21,2.41,17,0,2,0,1,1,1,0.11,1,0,0,0,0,0
Cole Palmer,eng ENG,FWMF,Manchester City,19,2002,1.4,7,5.12,4,0,0,2,1,0,1,0.73,0,0,0,1,0,0
Emerson Palmieri,it ITA,DF,Chelsea,26,1994,0.1,0,0,0,0,0,0,0,0,0,0,0,0,0,0,0,0
Thomas Partey,gh GHA,MF,Arsenal,28,1993,22.5,51,2.26,39,0,5,4,3,0,3,0.13,2,0,0,1,0,0
Nicolas Pépé,ci CIV,FWMF,Arsenal,26,1995,7.7,28,3.62,15,9,2,2,0,0,4,0.52,2,0,0,2,0,0
Ricardo Pereira,pt POR,DF,Leicester City,27,1993,11,23,2.09,19,0,3,0,0,1,6,0.54,4,0,1,0,0,1
Ayoze Pérez,es ESP,MFFW,Leicester City,28,1993,4.9,18,3.64,14,0,2,1,0,1,2,0.4,2,0,0,0,0,0
Sonny Perkins,eng ENG,FW,West Ham,17,2004,0,0,0,0,0,0,0,0,0,0,0,0,0,0,0,0,0
Romain Perraud,fr FRA,DF,Southampton,23,1997,18,27,1.5,20,1,2,2,1,1,3,0.17,3,0,0,0,0,0
Kalvin Phillips,eng ENG,MF,Leeds United,25,1995,17.7,23,1.3,17,3,0,1,0,2,4,0.23,3,1,0,0,0,0
Jaden Philogene Bidace,eng ENG,FW,Aston Villa,19,2002,0.1,1,18,0,0,0,0,1,0,0,0,0,0,0,0,0,0
Jordan Pickford,eng ENG,GK,Everton,27,1994,35,7,0.2,4,3,0,0,0,0,1,0.03,1,0,0,0,0,0
Erik Pieters,nl NED,DF,Burnley,32,1988,8.1,7,0.86,5,2,0,0,0,0,1,0.12,1,0,0,0,0,0
Ethan Pinnock,jm JAM,DF,Brentford,28,1993,29.9,20,0.67,14,3,0,3,0,0,3,0.1,1,1,0,1,0,0
Przemysław Płacheta,pl POL,FWMF,Norwich City,23,1998,5.6,14,2.5,5,2,2,0,5,0,0,0,0,0,0,0,0,0
Daniel Podence,pt POR,FWMF,Wolves,25,1995,16.5,62,3.76,48,0,4,5,4,1,4,0.24,3,0,0,1,0,0
Paul Pogba,fr FRA,MFFW,Manchester Utd,28,1993,15,51,3.4,40,1,4,1,5,0,11,0.73,10,1,0,0,0,0
Nick Pope,eng ENG,GK,Burnley,29,1992,36,8,0.22,5,3,0,0,0,0,0,0,0,0,0,0,0,0
Isaac Price,nir NIR,MF,Everton,17,2003,0.2,0,0,0,0,0,0,0,0,0,0,0,0,0,0,0,0
Teemu Pukki,fi FIN,FW,Norwich City,31,1990,36.1,60,1.66,36,0,9,2,11,2,4,0.11,3,0,0,0,1,0
Christian Pulisic,us USA,MFFW,Chelsea,22,1998,14.3,33,2.3,23,0,0,2,5,3,2,0.14,2,0,0,0,0,0
Jesuran Rak Sakyi,eng ENG,FWMF,Crystal Palace,18,2002,0.9,0,0,0,0,0,0,0,0,0,0,0,0,0,0,0,0
Aaron Ramsdale,eng ENG,GK,Arsenal,23,1998,34,1,0.03,0,1,0,0,0,0,1,0.03,0,1,0,0,0,0
Jacob Ramsey,eng ENG,MF,Aston Villa,20,2001,27.4,63,2.3,49,0,3,2,8,1,3,0.11,2,0,0,1,0,0
Raphinha,br BRA,FWMF,Leeds United,24,1996,32.4,119,3.67,66,22,13,9,6,3,9,0.28,4,0,2,0,2,1
Marcus Rashford,eng ENG,FWMF,Manchester Utd,23,1997,13.7,29,2.11,18,0,4,2,5,0,3,0.22,3,0,0,0,0,0
Milot Rashica,xk KVX,FWMF,Norwich City,25,1996,24.8,56,2.26,33,14,2,3,2,2,4,0.16,3,1,0,0,0,0
David Raya,es ESP,GK,Brentford,25,1995,24,2,0.08,2,0,0,0,0,0,0,0,0,0,0,0,0,0
Nathan Redmond,eng ENG,MFFW,Southampton,27,1994,20.4,66,3.24,53,4,2,4,2,1,8,0.39,6,1,0,0,1,0
Sergio Reguilón,es ESP,DF,Tottenham,24,1996,21.3,52,2.44,41,3,3,2,3,0,5,0.23,5,0,0,0,0,0
Declan Rice,eng ENG,MF,West Ham,22,1999,35.3,59,1.67,50,1,2,2,1,3,8,0.23,8,0,0,0,0,0
Taylor Richards,eng ENG,MFFW,Brighton,20,2000,0.3,1,3.6,1,0,0,0,0,0,0,0,0,0,0,0,0,0
Richarlison,br BRA,FWMF,Everton,24,1997,28,62,2.21,43,0,1,7,10,1,8,0.29,4,0,0,3,1,0
Jaïro Riedewald,nl NED,MF,Crystal Palace,24,1996,1.3,3,2.29,2,1,0,0,0,0,0,0,0,0,0,0,0,0
Matt Ritchie,sct SCO,DF,Newcastle Utd,31,1989,14.9,40,2.69,18,21,0,1,0,0,3,0.2,2,1,0,0,0,0
Connor Roberts,wls WAL,DF,Burnley,25,1995,18.8,22,1.17,17,1,1,1,2,0,1,0.05,1,0,0,0,0,0
Tyler Roberts,wls WAL,MFFW,Leeds United,22,1999,11,28,2.55,22,0,2,2,2,0,1,0.09,1,0,0,0,0,0
Andrew Robertson,sct SCO,DF,Liverpool,27,1994,28.2,95,3.37,64,22,3,1,3,2,16,0.57,13,2,1,0,0,0
Joe Rodon,wls WAL,DF,Tottenham,23,1997,1,0,0,0,0,0,0,0,0,0,0,0,0,0,0,0,0
Rodri,es ESP,MF,Manchester City,25,1996,32,75,2.34,63,1,2,5,1,3,3,0.09,3,0,0,0,0,0
Rodrigo,es ESP,MFFW,Leeds United,30,1991,25.2,73,2.9,61,3,2,1,2,4,4,0.16,2,0,1,0,0,1
Jay Rodriguez,eng ENG,FW,Burnley,32,1989,15.4,24,1.56,15,0,1,6,2,0,3,0.2,2,0,0,1,0,0
Mads Roerslev,dk DEN,DF,Brentford,22,1999,13.8,16,1.16,12,0,1,1,2,0,3,0.22,2,0,0,1,0,0
Cristian Romero,ar ARG,DF,Tottenham,23,1998,20.5,17,0.83,14,1,0,0,1,1,2,0.1,1,0,0,0,0,1
Oriol Romeu,es ESP,MF,Southampton,29,1991,32.1,67,2.09,63,0,1,1,0,2,4,0.12,4,0,0,0,0,0
Cristiano Ronaldo,pt POR,FW,Manchester Utd,36,1985,27.3,76,2.79,56,0,9,5,5,1,9,0.33,4,0,2,1,2,0
Salomón Rondón,ve VEN,FW,Everton,31,1989,8.8,17,1.94,13,0,1,2,0,1,1,0.11,1,0,0,0,0,0
Danny Rose,eng ENG,DF,Watford,31,1990,7.7,11,1.44,10,1,0,0,0,0,1,0.13,0,1,0,0,0,0
Jon Rowe,eng ENG,FWMF,Norwich City,18,2003,2.5,6,2.42,5,1,0,0,0,0,1,0.4,1,0,0,0,0,0
John Ruddy,eng ENG,GK,Wolves,34,1986,1.5,0,0,0,0,0,0,0,0,0,0,0,0,0,0,0,0
Antonio Rüdiger,de GER,DF,Chelsea,28,1993,33.7,39,1.16,34,0,1,2,2,0,8,0.24,5,0,0,1,2,0
Lukas Rupp,de GER,MF,Norwich City,30,1991,8.5,27,3.16,22,0,3,1,1,0,0,0,0,0,0,0,0,0
José Sá,pt POR,GK,Wolves,28,1993,36.5,4,0.11,3,1,0,0,0,0,1,0.03,0,1,0,0,0,0
Allan Saint-Maximin,fr FRA,FWMF,Newcastle Utd,24,1997,31.2,114,3.66,74,2,23,5,7,3,9,0.29,7,0,0,1,1,0
Romain Saïss,ma MAR,DF,Wolves,31,1990,30.1,15,0.5,14,0,0,1,0,0,0,0,0,0,0,0,0,0
Bukayo Saka,eng ENG,FWMF,Arsenal,19,2001,33.1,142,4.29,94,18,12,7,10,1,16,0.48,8,4,0,1,3,0
Mohamed Salah,eg EGY,FW,Liverpool,29,1992,30.7,133,4.33,93,0,21,15,3,1,25,0.81,17,0,5,2,1,0
Mohammed Salisu,gh GHA,DF,Southampton,22,1999,33,27,0.82,21,1,0,3,0,2,3,0.09,3,0,0,0,0,0
Albert Sambi Lokonga,be BEL,MF,Arsenal,21,1999,12.6,34,2.7,32,0,0,0,1,1,0,0,0,0,0,0,0,0
Davinson Sánchez,co COL,DF,Tottenham,25,1996,18.1,16,0.88,15,0,0,1,0,0,1,0.06,1,0,0,0,0,0
Robert Sánchez,es ESP,GK,Brighton,23,1997,37,4,0.11,4,0,0,0,0,0,0,0,0,0,0,0,0,0
Jadon Sancho,eng ENG,FWMF,Manchester Utd,21,2000,21.1,82,3.88,67,3,9,2,1,0,8,0.38,6,0,2,0,0,0
Morgan Sanson,fr FRA,MF,Aston Villa,26,1994,4,3,0.76,2,0,0,0,0,1,0,0,0,0,0,0,0,0
Samir Santos,br BRA,DF,Watford,26,1994,18.6,4,0.22,3,0,0,1,0,0,0,0,0,0,0,0,0,0
Josh Sargent,us USA,FWMF,Norwich City,21,2000,17.5,26,1.49,18,0,1,3,4,0,2,0.11,1,0,1,0,0,0
Jeremy Sarmiento,ec ECU,FWMF,Brighton,19,2002,0.5,0,0,0,0,0,0,0,0,0,0,0,0,0,0,0,0
Ismaila Sarr,sn SEN,FWMF,Watford,23,1998,20.7,44,2.13,34,0,4,0,4,2,3,0.15,3,0,0,0,0,0
Malang Sarr,fr FRA,DF,Chelsea,22,1999,6.1,7,1.15,7,0,0,0,0,0,1,0.16,1,0,0,0,0,0
Dane Scarlett,eng ENG,MF,Tottenham,17,2004,0,0,0,0,0,0,0,0,0,0,0,0,0,0,0,0,0
Fabian Schär,ch SUI,DF,Newcastle Utd,29,1991,24,24,1,16,3,2,2,1,0,4,0.17,3,0,1,0,0,0
Jeffrey Schlupp,gh GHA,MFFW,Crystal Palace,28,1992,20.6,41,1.99,31,0,4,3,3,0,5,0.24,2,0,1,0,2,0
Kasper Schmeichel,dk DEN,GK,Leicester City,34,1986,37,5,0.14,5,0,0,0,0,0,2,0.05,2,0,0,0,0,0
Ken Sema,se SWE,MFFW,Watford,27,1993,9.5,20,2.11,8,7,1,0,3,1,0,0,0,0,0,0,0,0
Nélson Semedo,pt POR,DF,Wolves,27,1993,23.7,37,1.56,29,0,4,2,2,0,1,0.04,1,0,0,0,0,0
Ryan Sessegnon,eng ENG,DF,Tottenham,21,2000,11.6,21,1.81,19,1,1,0,0,0,4,0.34,4,0,0,0,0,0
Jamie Shackleton,eng ENG,DFMF,Leeds United,21,1999,7.9,8,1.02,6,1,0,1,0,0,1,0.13,0,0,0,1,0,0
Luke Shaw,eng ENG,DF,Manchester Utd,26,1995,17.8,64,3.6,41,21,0,0,0,2,6,0.34,5,1,0,0,0,0
Jonjo Shelvey,eng ENG,MF,Newcastle Utd,29,1992,22,42,1.91,30,8,1,0,0,3,2,0.09,1,0,0,0,0,1
Shola Shoretire,eng ENG,FW,Manchester Utd,17,2004,0.2,0,0,0,0,0,0,0,0,0,0,0,0,0,0,0,0
Francisco Sierralta,cl CHI,DF,Watford,24,1997,4.7,1,0.21,1,0,0,0,0,0,0,0,0,0,0,0,0,0
Bernardo Silva,pt POR,MFFW,Manchester City,26,1994,31.7,126,3.97,99,3,11,7,6,0,13,0.41,10,1,0,1,1,0
Fábio Silva,pt POR,FW,Wolves,19,2002,6.4,16,2.52,9,0,3,3,0,1,1,0.16,0,0,0,1,0,0
Thiago Silva,br BRA,DF,Chelsea,36,1984,29.4,26,0.88,21,0,0,3,1,1,1,0.03,0,0,0,0,1,0
Ellis Simms,eng ENG,FW,Everton,20,2001,0.7,1,1.48,1,0,0,0,0,0,0,0,0,0,0,0,0,0
Moussa Sissoko,fr FRA,MF,Watford,31,1989,35.8,62,1.73,52,0,4,2,1,3,4,0.11,2,0,1,0,0,1
Oliver Skipp,eng ENG,MF,Tottenham,20,2000,15,22,1.47,21,0,0,0,1,0,3,0.2,3,0,0,0,0,0
William Smallbone,ie IRL,MFFW,Southampton,21,2000,1.5,1,0.68,0,1,0,0,0,0,0,0,0,0,0,0,0,0
Emile Smith Rowe,eng ENG,MFFW,Arsenal,21,2000,21.3,65,3.05,49,4,5,4,3,0,6,0.28,5,1,0,0,0,0
Cédric Soares,pt POR,DF,Arsenal,29,1991,16.5,36,2.18,25,9,0,0,1,1,2,0.12,1,1,0,0,0,0
Jakob Sørensen,dk DEN,MFDF,Norwich City,23,1998,6.7,2,0.3,1,0,0,0,0,1,0,0,0,0,0,0,0,0
Tomáš Souček,cz CZE,MF,West Ham,26,1995,34,34,1,29,0,0,3,1,1,4,0.12,4,0,0,0,0,0
Boubakary Soumaré,fr FRA,MF,Leicester City,22,1999,12.2,15,1.23,12,0,2,0,0,1,2,0.16,2,0,0,0,0,0
Çağlar Söyüncü,tr TUR,DF,Leicester City,25,1996,27.7,11,0.4,11,0,0,0,0,0,0,0,0,0,0,0,0,0
Tony Springett,eng ENG,FWMF,Norwich City,18,2002,1.6,3,1.91,2,0,0,1,0,0,0,0,0,0,0,0,0,0
Jason Steele,eng ENG,GK,Brighton,30,1990,1,0,0,0,0,0,0,0,0,0,0,0,0,0,0,0,0
Jed Steer,eng ENG,GK,Aston Villa,28,1992,1,0,0,0,0,0,0,0,0,0,0,0,0,0,0,0,0
Zack Steffen,us USA,GK,Manchester City,26,1995,1,0,0,0,0,0,0,0,0,0,0,0,0,0,0,0,0
Dale Stephens,eng ENG,MF,Burnley,32,1989,1.4,2,1.45,1,0,0,0,1,0,0,0,0,0,0,0,0,0
Jack Stephens,eng ENG,DF,Southampton,27,1994,9,6,0.67,5,0,0,0,0,1,0,0,0,0,0,0,0,0
Raheem Sterling,eng ENG,FW,Manchester City,26,1994,23.6,90,3.81,69,1,11,3,5,1,11,0.47,5,0,0,2,4,0
Finley Stevens,wls WAL,DF,Brentford,18,2003,0.2,1,6,1,0,0,0,0,0,0,0,0,0,0,0,0,0
John Stones,eng ENG,DF,Manchester City,27,1994,12.4,14,1.13,12,1,0,1,0,0,1,0.08,0,0,0,1,0,0
Pascal Struijk,nl NED,DF,Leeds United,21,1999,22.8,19,0.83,13,0,0,2,1,3,2,0.09,0,0,0,1,0,1
Crysencio Summerville,nl NED,MFFW,Leeds United,19,2001,1.4,2,1.38,2,0,0,0,0,0,0,0,0,0,0,0,0,0
Japhet Tanganga,eng ENG,DF,Tottenham,22,1999,8.2,3,0.37,2,0,0,1,0,0,0,0,0,0,0,0,0,0
Matt Targett,eng ENG,DF,Aston Villa,25,1995,15.9,27,1.7,22,5,0,0,0,0,1,0.06,1,0,0,0,0,0
Matt Targett,eng ENG,DF,Newcastle Utd,25,1995,16,34,2.12,15,14,0,1,4,0,1,0.06,0,1,0,0,0,0
James Tarkowski,eng ENG,DF,Burnley,28,1992,34.5,23,0.67,20,0,0,2,0,1,2,0.06,2,0,0,0,0,0
Nuno Tavares,pt POR,DF,Arsenal,21,2000,13.1,26,1.99,18,0,3,1,2,2,3,0.23,2,0,0,1,0,0
Charlie Taylor,eng ENG,DF,Burnley,27,1993,30.3,41,1.35,32,2,1,0,6,0,6,0.2,4,1,0,0,1,0
Nathan Tella,eng ENG,MFFW,Southampton,22,1999,8.9,18,2.01,12,0,2,0,4,0,3,0.34,2,0,0,0,1,0
Alex Telles,br BRA,DF,Manchester Utd,28,1992,18.4,45,2.44,24,18,0,1,1,1,5,0.27,0,4,0,0,1,0
Luke Thomas,eng ENG,DF,Leicester City,20,2001,21.2,20,0.94,14,4,0,1,0,1,1,0.05,1,0,0,0,0,0
Dominic Thompson,eng ENG,DF,Brentford,21,2000,1.6,1,0.62,0,1,0,0,0,0,0,0,0,0,0,0,0,0
Youri Tielemans,be BEL,MF,Leicester City,24,1997,29.2,84,2.87,65,4,4,4,2,5,12,0.41,10,0,0,1,0,1
Kieran Tierney,sct SCO,DF,Arsenal,24,1997,21.3,38,1.79,33,2,1,1,1,0,3,0.14,3,0,0,0,0,0
Takehiro Tomiyasu,jp JPN,DF,Arsenal,22,1998,18.7,30,1.61,25,1,0,0,0,4,4,0.21,3,0,0,0,0,1
James Tomkins,eng ENG,DF,Crystal Palace,32,1989,6.1,3,0.49,3,0,0,0,0,0,0,0,0,0,0,0,0,0
Ivan Toney,eng ENG,FW,Brentford,25,1996,32.3,80,2.48,53,1,4,9,11,2,10,0.31,6,0,1,0,3,0
Ferrán Torres,es ESP,FW,Manchester City,21,2000,3.4,5,1.49,4,0,0,1,0,0,2,0.59,2,0,0,0,0,0
Cenk Tosun,tr TUR,FW,Everton,30,1991,0.1,0,0,0,0,0,0,0,0,0,0,0,0,0,0,0,0
Andros Townsend,eng ENG,MF,Everton,30,1991,16.2,54,3.34,38,8,1,2,4,1,4,0.25,4,0,0,0,0,0
Adama Traoré,es ESP,FW,Wolves,25,1996,11.9,50,4.22,30,0,12,0,6,2,2,0.17,1,0,0,0,1,0
Bertrand Traoré,bf BFA,MFFW,Aston Villa,25,1995,2.4,11,4.5,6,0,3,1,1,0,2,0.82,0,0,1,0,1,0
Trézéguet,eg EGY,FW,Aston Villa,26,1994,0.1,0,0,0,0,0,0,0,0,0,0,0,0,0,0,0,0
Francisco Trincão,pt POR,FWMF,Wolves,21,1999,14.8,39,2.63,24,3,9,0,2,1,2,0.13,2,0,0,0,0,0
Kieran Trippier,eng ENG,DF,Newcastle Utd,30,1990,4.8,9,1.89,1,8,0,0,0,0,1,0.21,1,0,0,0,0,0
William Troost-Ekong,ng NGA,DF,Watford,27,1993,15.4,4,0.26,3,0,0,0,0,1,0,0,0,0,0,0,0,0
Leandro Trossard,be BEL,FWMF,Brighton,26,1994,31.2,92,2.95,66,4,15,4,3,0,10,0.32,6,1,2,0,1,0
Kostas Tsimikas,gr GRE,DF,Liverpool,25,1996,9.7,37,3.8,24,13,0,0,0,0,3,0.31,2,1,0,0,0,0
Axel Tuanzebe,eng ENG,DF,Aston Villa,23,1997,5.6,1,0.18,1,0,0,0,0,0,0,0,0,0,0,0,0,0
Ozan Tufan,tr TUR,MF,Watford,26,1995,3.7,7,1.89,6,1,0,0,0,0,0,0,0,0,0,0,0,0
Christos Tzolis,gr GRE,FWMF,Norwich City,19,2002,3.7,11,2.95,11,0,0,0,0,0,0,0,0,0,0,0,0,0
Yan Valery,fr FRA,DF,Southampton,22,1999,4.1,1,0.24,1,0,0,0,0,0,0,0,0,0,0,0,0,0
Virgil van Dijk,nl NED,DF,Liverpool,30,1991,34,24,0.71,18,0,0,6,0,0,6,0.18,4,0,0,2,0,0
Raphaël Varane,fr FRA,DF,Manchester Utd,28,1993,20.3,10,0.49,9,0,0,0,0,1,2,0.1,2,0,0,0,0,0
Jamie Vardy,eng ENG,FW,Leicester City,34,1987,20.1,38,1.89,30,0,2,3,1,2,5,0.25,2,0,2,1,0,0
Joël Veltman,nl NED,DF,Brighton,29,1992,31.9,36,1.13,29,2,1,1,2,1,2,0.06,2,0,0,0,0,0
Jannik Vestergaard,dk DEN,DF,Leicester City,28,1992,6.3,3,0.48,3,0,0,0,0,0,0,0,0,0,0,0,0,0
Nikola Vlašić,hr CRO,FWMF,West Ham,23,1997,6.2,18,2.89,14,0,2,0,2,0,0,0,0,0,0,0,0,0
Matěj Vydra,cz CZE,FW,Burnley,29,1992,7.5,12,1.59,11,0,0,0,1,0,3,0.4,3,0,0,0,0,0
Theo Walcott,eng ENG,MFFW,Southampton,32,1989,4.2,4,0.95,4,0,0,0,0,0,1,0.24,1,0,0,0,0,0
Kyle Walker,eng ENG,DF,Manchester City,31,1990,19.5,36,1.85,32,0,0,1,3,0,5,0.26,4,0,0,0,1,0
Kyle Walker-Peters,eng ENG,DF,Southampton,24,1997,29.3,61,2.09,42,0,6,3,7,3,8,0.27,5,0,0,0,2,1
Aaron Wan-Bissaka,eng ENG,DF,Manchester Utd,23,1997,19.9,31,1.56,25,0,3,1,1,1,1,0.05,1,0,0,0,0,0
Danny Ward,wls WAL,GK,Leicester City,28,1993,1,1,1,1,0,0,0,0,0,1,1,1,0,0,0,0,0
Joel Ward,eng ENG,DF,Crystal Palace,31,1989,27.6,17,0.62,15,2,0,0,0,0,3,0.11,3,0,0,0,0,0
James Ward-Prowse,eng ENG,MF,Southampton,26,1994,35.7,113,3.16,55,51,0,3,1,3,7,0.2,3,4,0,0,0,0
Ollie Watkins,eng ENG,FW,Aston Villa,25,1995,32.8,72,2.2,51,0,6,7,4,4,8,0.24,3,0,1,2,2,0
Adam Webster,eng ENG,DF,Brighton,26,1995,15.9,10,0.63,10,0,0,0,0,0,1,0.06,1,0,0,0,0,0
Wout Weghorst,nl NED,FW,Burnley,28,1992,16.1,28,1.74,20,0,3,1,3,1,5,0.31,4,0,1,0,0,0
Danny Welbeck,eng ENG,FW,Brighton,30,1990,16.4,36,2.19,27,0,0,4,5,0,4,0.24,2,0,0,1,1,0
Timo Werner,de GER,FWMF,Chelsea,25,1996,14.3,26,1.82,19,0,4,3,0,0,4,0.28,3,0,0,1,0,0
Ashley Westwood,eng ENG,MF,Burnley,31,1990,25.4,55,2.16,33,17,1,2,1,1,7,0.28,5,2,0,0,0,0
Ben White,eng ENG,DF,Arsenal,23,1997,32,25,0.78,18,1,0,4,1,1,1,0.03,1,0,0,0,0,0
Brandon Williams,eng ENG,DF,Norwich City,20,2000,23.6,31,1.32,27,0,0,0,3,1,2,0.08,1,0,0,0,0,1
Neco Williams,wls WAL,DF,Liverpool,20,2001,0.1,2,22.5,1,0,1,0,0,0,2,22.5,1,0,1,0,0,0
Joe Willock,eng ENG,MF,Newcastle Utd,21,1999,22.6,46,2.03,29,0,9,1,5,2,4,0.18,1,0,1,0,2,0
Callum Wilson,eng ENG,FW,Newcastle Utd,29,1992,15.4,20,1.3,18,0,0,1,0,1,0,0,0,0,0,0,0,0
Harry Winks,eng ENG,MF,Tottenham,25,1996,10.1,23,2.27,17,3,1,0,2,0,4,0.39,4,0,0,0,0,0
Yoane Wissa,cd COD,FWMF,Brentford,24,1996,14.3,19,1.33,13,0,1,1,4,0,4,0.28,2,0,0,1,1,0
Chris Wood,nz NZL,FW,Newcastle Utd,29,1991,14.7,21,1.42,16,0,2,2,1,0,2,0.14,1,0,0,0,1,0
Chris Wood,nz NZL,FW,Burnley,29,1991,15.2,21,1.38,16,0,1,2,2,0,2,0.13,2,0,0,0,0,0
Freddie Woodman,eng ENG,GK,Newcastle Utd,24,1997,4,0,0,0,0,0,0,0,0,0,0,0,0,0,0,0,0
Granit Xhaka,ch SUI,MFDF,Arsenal,28,1992,25.9,79,3.06,72,2,2,1,0,2,3,0.12,3,0,0,0,0,0
Andriy Yarmolenko,ua UKR,FW,West Ham,31,1989,3.5,7,1.99,4,0,2,1,0,0,0,0,0,0,0,0,0,0
Ashley Young,eng ENG,DFFW,Aston Villa,36,1985,13.9,22,1.58,16,3,1,0,1,1,4,0.29,2,1,1,0,0,0
Nathan Young-Coombes,eng ENG,FW,Brentford,18,2003,0,0,0,0,0,0,0,0,0,0,0,0,0,0,0,0,0
Wilfried Zaha,ci CIV,FW,Crystal Palace,28,1992,30.7,104,3.39,73,0,14,8,8,1,12,0.39,6,0,3,2,1,0
Christoph Zimmermann,de GER,DF,Norwich City,28,1993,1.7,0,0,0,0,0,0,0,0,0,0,0,0,0,0,0,0
Oleksandr Zinchenko,ua UKR,DF,Manchester City,24,1996,11.6,42,3.61,33,4,2,1,1,1,10,0.86,7,0,1,1,0,1
Hakim Ziyech,ma MAR,FWMF,Chelsea,28,1993,14.7,64,4.37,45,5,6,4,3,1,7,0.48,6,0,1,0,0,0
Kurt Zouma,fr FRA,DF,West Ham,26,1994,23.1,6,0.26,5,0,0,1,0,0,0,0,0,0,0,0,0,0
