Player,Nation,Pos,Squad,Age,Born,MP,Starts,Min,90s,Gls,Ast,G-PK,PK,PKatt,CrdY,CrdR,Gls,Ast,G+A,G-PK,G+A-PK,xG,npxG,xA,npxG+xA,xG,xA,xG+xA,npxG,npxG+xA
Max Aarons,eng ENG,DF,Norwich City,21,2000,34,32,2881,32,0,2,0,0,0,8,0,0,0.06,0.06,0,0.06,0.7,0.7,1.4,2.1,0.02,0.04,0.06,0.02,0.06
Che Adams,sct SCO,FW,Southampton,25,1996,30,23,2039,22.7,7,3,7,0,0,0,0,0.31,0.13,0.44,0.31,0.44,7.1,7.1,2.6,9.7,0.31,0.12,0.43,0.31,0.43
Rayan Aït Nouri,fr FRA,DF,Wolves,20,2001,23,20,1828,20.3,1,2,1,0,0,4,0,0.05,0.1,0.15,0.05,0.15,0.7,0.7,1.3,2.1,0.04,0.07,0.1,0.04,0.1
Kristoffer Ajer,no NOR,DF,Brentford,23,1998,24,23,1995,22.2,1,3,1,0,0,5,0,0.05,0.14,0.18,0.05,0.18,0.8,0.8,1.4,2.2,0.04,0.06,0.1,0.04,0.1
Nathan Aké,nl NED,DF,Manchester City,26,1995,14,10,923,10.3,2,0,2,0,0,0,0,0.2,0,0.2,0.2,0.2,1.1,1.1,0.5,1.6,0.11,0.05,0.16,0.11,0.16
Marc Albrighton,eng ENG,FWDF,Leicester City,31,1989,17,11,1132,12.6,1,2,1,0,0,3,0,0.08,0.16,0.24,0.08,0.24,0.5,0.5,1.7,2.2,0.04,0.13,0.18,0.04,0.18
Thiago Alcántara,es ESP,MF,Liverpool,30,1991,25,17,1534,17,1,4,1,0,0,2,0,0.06,0.23,0.29,0.06,0.29,1.9,1.9,2.3,4.2,0.11,0.14,0.25,0.11,0.25
Trent Alexander-Arnold,eng ENG,DF,Liverpool,22,1998,32,32,2853,31.7,2,12,2,0,0,2,0,0.06,0.38,0.44,0.06,0.44,2.6,2.6,11.2,13.8,0.08,0.35,0.44,0.08,0.44
Alisson,br BRA,GK,Liverpool,28,1992,36,36,3240,36,0,1,0,0,0,0,0,0,0.03,0.03,0,0.03,0,0,0.4,0.4,0,0.01,0.01,0,0.01
Allan,br BRA,MF,Everton,30,1991,28,25,2183,24.3,0,2,0,0,0,7,1,0,0.08,0.08,0,0.08,0.2,0.2,0.9,1.1,0.01,0.04,0.04,0.01,0.04
Dele Alli,eng ENG,MF,Everton,25,1996,11,1,338,3.8,0,0,0,0,0,3,0,0,0,0,0,0,0.1,0.1,0.3,0.4,0.02,0.09,0.11,0.02,0.11
Dele Alli,eng ENG,MFFW,Tottenham,25,1996,10,8,657,7.3,1,0,0,1,1,1,0,0.14,0,0.14,0,0,1.5,0.7,0.8,1.5,0.2,0.11,0.31,0.1,0.21
Miguel Almirón,py PAR,MFFW,Newcastle Utd,27,1994,30,19,1716,19.1,1,0,1,0,0,2,0,0.05,0,0.05,0.05,0.05,2.1,2.1,0.7,2.7,0.11,0.03,0.14,0.11,0.14
Marcos Alonso,es ESP,DF,Chelsea,30,1990,28,25,2167,24.1,4,4,4,0,0,8,0,0.17,0.17,0.33,0.17,0.33,3.3,3.3,4.6,7.9,0.14,0.19,0.33,0.14,0.33
Steven Alzate,co COL,MF,Brighton,22,1998,9,5,404,4.5,0,0,0,0,0,0,0,0,0,0,0,0,0.1,0.1,0.2,0.3,0.02,0.04,0.06,0.02,0.06
Daniel Amartey,gh GHA,DF,Leicester City,26,1994,28,23,2123,23.6,0,0,0,0,0,4,0,0,0,0,0,0,0,0,0.2,0.2,0,0.01,0.01,0,0.01
Joachim Andersen,dk DEN,DF,Crystal Palace,25,1996,34,32,2916,32.4,0,3,0,0,0,4,0,0,0.09,0.09,0,0.09,0.6,0.6,1.8,2.3,0.02,0.05,0.07,0.02,0.07
Michail Antonio,jm JAM,FW,West Ham,31,1990,36,34,2971,33,10,8,10,0,1,8,1,0.3,0.24,0.55,0.3,0.55,11,10.7,6.7,17.4,0.33,0.2,0.54,0.33,0.53
Cameron Archer,eng ENG,MFFW,Aston Villa,19,2001,3,0,27,0.3,0,0,0,0,0,0,0,0,0,0,0,0,0,0,0,0,0.07,0,0.07,0.07,0.07
Alphonse Areola,fr FRA,GK,West Ham,28,1993,1,1,90,1,0,0,0,0,0,0,0,0,0,0,0,0,0,0,0,0,0,0,0,0,0
Adam Armstrong,eng ENG,FW,Southampton,24,1997,23,17,1413,15.7,2,2,2,0,0,1,0,0.13,0.13,0.25,0.13,0.25,4.3,4.3,1.7,6,0.27,0.11,0.38,0.27,0.38
Stuart Armstrong,sct SCO,MF,Southampton,29,1992,25,15,1473,16.4,2,0,2,0,0,1,0,0.12,0,0.12,0.12,0.12,2.8,2.8,1.4,4.1,0.17,0.08,0.25,0.17,0.25
Kepa Arrizabalaga,es ESP,GK,Chelsea,26,1994,4,4,360,4,0,0,0,0,0,0,0,0,0,0,0,0,0,0,0,0,0,0,0,0,0
Harrison Ashby,sct SCO,DF,West Ham,19,2001,1,0,7,0.1,0,0,0,0,0,0,0,0,0,0,0,0,0,0,0,0,0,0,0,0,0
Pierre-Emerick Aubameyang,ga GAB,FW,Arsenal,32,1989,14,12,1037,11.5,4,1,4,0,2,3,0,0.35,0.09,0.43,0.35,0.43,5.8,4.1,0.8,5,0.5,0.07,0.57,0.36,0.43
Jordan Ayew,gh GHA,FW,Crystal Palace,29,1991,31,23,2019,22.4,3,3,3,0,0,2,0,0.13,0.13,0.27,0.13,0.27,3.7,3.7,2.2,5.9,0.17,0.1,0.27,0.17,0.27
Luke Ayling,eng ENG,DF,Leeds United,29,1991,26,26,2272,25.2,2,2,2,0,0,4,1,0.08,0.08,0.16,0.08,0.16,1.7,1.7,0.8,2.5,0.07,0.03,0.1,0.07,0.1
César Azpilicueta,es ESP,DF,Chelsea,31,1989,27,24,2070,23,1,2,1,0,0,3,0,0.04,0.09,0.13,0.04,0.13,1.2,1.2,2.1,3.3,0.05,0.09,0.14,0.05,0.14
Daniel Bachmann,at AUT,GK,Watford,27,1994,12,12,1080,12,0,0,0,0,0,0,0,0,0,0,0,0,0,0,0,0,0,0,0,0,0
Leon Bailey,jm JAM,FWMF,Aston Villa,23,1997,18,7,761,8.5,1,2,1,0,0,3,0,0.12,0.24,0.35,0.12,0.35,1.6,1.6,0.6,2.2,0.19,0.07,0.26,0.19,0.26
Eric Bailly,ci CIV,DF,Manchester Utd,27,1994,4,3,217,2.4,0,0,0,0,0,1,0,0,0,0,0,0,0,0,0,0,0,0,0,0,0
Folarin Balogun,eng ENG,FW,Arsenal,20,2001,2,1,70,0.8,0,0,0,0,0,0,0,0,0,0,0,0,0.3,0.3,0,0.3,0.35,0,0.35,0.35,0.35
Patrick Bamford,eng ENG,FW,Leeds United,27,1993,9,7,559,6.2,2,2,2,0,0,2,0,0.32,0.32,0.64,0.32,0.64,4,4,1,5,0.64,0.15,0.8,0.64,0.8
Shandon Baptiste,gd GRN,MF,Brentford,23,1998,22,9,910,10.1,1,0,1,0,0,2,1,0.1,0,0.1,0.1,0.1,0.7,0.7,0.5,1.2,0.07,0.05,0.12,0.07,0.12
Ross Barkley,eng ENG,MF,Chelsea,27,1993,6,1,179,2,1,0,1,0,0,0,0,0.5,0,0.5,0.5,0.5,1.2,1.2,0.7,1.9,0.6,0.33,0.94,0.6,0.94
Ashley Barnes,eng ENG,FW,Burnley,31,1989,23,8,808,9,1,0,0,1,1,4,0,0.11,0,0.11,0,0,1.8,1,1.6,2.6,0.2,0.18,0.38,0.11,0.29
Harvey Barnes,eng ENG,FWMF,Leicester City,23,1997,32,24,2101,23.3,6,10,6,0,0,2,0,0.26,0.43,0.69,0.26,0.69,6.8,6.8,4,10.8,0.29,0.17,0.46,0.29,0.46
Lewis Bate,eng ENG,MF,Leeds United,18,2002,3,1,146,1.6,0,0,0,0,0,0,0,0,0,0,0,0,0,0,0,0,0.01,0,0.01,0.01,0.01
Mads Bech Sørensen,dk DEN,DF,Brentford,22,1999,11,9,835,9.3,0,0,0,0,0,3,0,0,0,0,0,0,0.1,0.1,0.4,0.5,0.01,0.04,0.05,0.01,0.05
Jan Bednarek,pl POL,DF,Southampton,25,1996,31,30,2629,29.2,4,0,4,0,0,10,0,0.14,0,0.14,0.14,0.14,2.4,2.4,0.6,3,0.08,0.02,0.1,0.08,0.1
Donny van de Beek,nl NED,MF,Everton,24,1997,7,5,483,5.4,1,0,1,0,0,1,0,0.19,0,0.19,0.19,0.19,0.9,0.9,0.1,1,0.17,0.01,0.18,0.17,0.18
Donny van de Beek,nl NED,MF,Manchester Utd,24,1997,8,0,75,0.8,1,0,1,0,0,0,0,1.2,0,1.2,1.2,1.2,0.7,0.7,0.5,1.2,0.88,0.58,1.46,0.88,1.46
Asmir Begović,ba BIH,GK,Everton,34,1987,3,3,270,3,0,0,0,0,0,0,0,0,0,0,0,0,0,0,0,0,0,0,0,0,0
Saïd Benrahma,dz ALG,FWMF,West Ham,25,1995,32,26,2168,24.1,8,6,8,0,0,0,0,0.33,0.25,0.58,0.33,0.58,5,5,3.2,8.3,0.21,0.13,0.34,0.21,0.34
Rodrigo Bentancur,uy URU,MF,Tottenham,24,1997,17,16,1361,15.1,0,4,0,0,0,5,0,0,0.26,0.26,0,0.26,0.9,0.9,2.3,3.2,0.06,0.15,0.21,0.06,0.21
Christian Benteke,be BEL,FW,Crystal Palace,30,1990,25,11,1145,12.7,4,1,4,0,0,3,0,0.31,0.08,0.39,0.31,0.39,5.4,5.4,1.1,6.5,0.43,0.09,0.51,0.43,0.51
Jóhann Berg Guðmundsson,is ISL,MF,Burnley,30,1990,18,13,1102,12.2,0,1,0,0,0,2,0,0,0.08,0.08,0,0.08,1.7,1.7,0.3,2,0.14,0.03,0.16,0.14,0.16
Steven Bergwijn,nl NED,FWMF,Tottenham,23,1997,25,4,565,6.3,3,1,3,0,0,1,0,0.48,0.16,0.64,0.48,0.64,3.1,3.1,0.7,3.7,0.49,0.11,0.59,0.49,0.59
Ryan Bertrand,eng ENG,DF,Leicester City,31,1989,4,4,337,3.7,0,0,0,0,0,1,0,0,0,0,0,0,0,0,0.3,0.3,0,0.08,0.08,0,0.08
Mads Bidstrup,dk DEN,MF,Brentford,20,2001,4,0,41,0.5,0,0,0,0,0,0,0,0,0,0,0,0,0,0,0,0,0,0,0,0,0
Yves Bissouma,ml MLI,MF,Brighton,24,1996,26,25,2111,23.5,1,2,1,0,0,10,0,0.04,0.09,0.13,0.04,0.13,0.9,0.9,0.8,1.7,0.04,0.03,0.07,0.04,0.07
Willy Boly,ci CIV,DF,Wolves,30,1991,10,10,900,10,0,0,0,0,0,1,0,0,0,0,0,0,0.2,0.2,0.1,0.3,0.02,0.01,0.03,0.02,0.03
Jarrod Bowen,eng ENG,FW,West Ham,24,1996,36,34,2983,33.1,12,10,12,0,0,6,0,0.36,0.3,0.66,0.36,0.66,11.2,11.2,5.4,16.6,0.34,0.16,0.5,0.34,0.5
Jarrad Branthwaite,eng ENG,DF,Everton,19,2002,6,4,388,4.3,1,0,1,0,0,0,1,0.23,0,0.23,0.23,0.23,0.4,0.4,0,0.4,0.1,0,0.1,0.1,0.1
Armando Broja,al ALB,FW,Southampton,19,2001,32,21,1975,21.9,6,0,6,0,0,2,0,0.27,0,0.27,0.27,0.27,7,7,1.3,8.4,0.32,0.06,0.38,0.32,0.38
Josh Brownhill,eng ENG,MF,Burnley,25,1995,35,32,2955,32.8,2,3,2,0,0,10,0,0.06,0.09,0.15,0.06,0.15,1.4,1.4,2.5,3.9,0.04,0.08,0.12,0.04,0.12
Lewis Brunt,eng ENG,MF,Leicester City,20,2000,1,0,24,0.3,0,0,0,0,0,0,0,0,0,0,0,0,0,0,0,0,0,0,0,0,0
Bryan,es ESP,FWMF,Tottenham,20,2001,9,0,94,1,0,0,0,0,0,0,0,0,0,0,0,0,0,0,0.1,0.1,0.03,0.07,0.1,0.03,0.1
Emi Buendía,ar ARG,FWMF,Aston Villa,24,1996,35,22,1899,21.1,4,6,4,0,0,1,0,0.19,0.28,0.47,0.19,0.47,3.1,3.1,5.5,8.6,0.15,0.26,0.41,0.15,0.41
Dan Burn,eng ENG,DF,Brighton,29,1992,13,12,1022,11.4,1,0,1,0,0,4,0,0.09,0,0.09,0.09,0.09,1.3,1.3,0,1.3,0.11,0,0.11,0.11,0.11
Dan Burn,eng ENG,DF,Newcastle Utd,29,1992,16,16,1440,16,0,1,0,0,0,4,0,0,0.06,0.06,0,0.06,0.5,0.5,0.1,0.6,0.03,0.01,0.04,0.03,0.04
Jack Butland,eng ENG,GK,Crystal Palace,28,1993,9,8,765,8.5,0,0,0,0,0,0,0,0,0,0,0,0,0,0,0,0,0,0,0,0,0
Sam Byram,eng ENG,DF,Norwich City,27,1993,15,11,1027,11.4,0,0,0,0,0,3,0,0,0,0,0,0,0.9,0.9,0.2,1.1,0.08,0.02,0.1,0.08,0.1
Willy Caballero,ar ARG,GK,Southampton,39,1981,2,2,180,2,0,0,0,0,0,1,0,0,0,0,0,0,0,0,0,0,0,0,0,0,0
Moisés Caicedo,ec ECU,MF,Brighton,19,2001,8,8,660,7.3,1,1,1,0,0,2,0,0.14,0.14,0.27,0.14,0.27,0.8,0.8,0.4,1.1,0.1,0.05,0.16,0.1,0.16
Dominic Calvert-Lewin,eng ENG,FW,Everton,24,1997,17,15,1283,14.3,5,2,3,2,3,2,0,0.35,0.14,0.49,0.21,0.35,6.8,4.6,1.8,6.4,0.48,0.13,0.61,0.32,0.45
Chem Campbell,wls WAL,MF,Wolves,18,2002,1,0,13,0.1,0,0,0,0,0,0,0,0,0,0,0,0,0,0,0,0,0,0,0,0,0
João Cancelo,pt POR,DF,Manchester City,27,1994,36,36,3227,35.9,1,7,1,0,0,7,0,0.03,0.2,0.22,0.03,0.22,4.1,4.1,5.1,9.3,0.11,0.14,0.26,0.11,0.26
Sergi Canós,es ESP,DF,Brentford,24,1997,31,25,2083,23.1,3,2,3,0,0,8,1,0.13,0.09,0.22,0.13,0.22,2.9,2.9,1.9,4.8,0.12,0.08,0.21,0.12,0.21
Todd Cantwell,eng ENG,FWMF,Norwich City,23,1998,8,5,441,4.9,0,0,0,0,0,2,0,0,0,0,0,0,0.1,0.1,0.1,0.3,0.02,0.03,0.05,0.02,0.05
Matty Cash,pl POL,DF,Aston Villa,23,1997,38,38,3377,37.5,4,3,4,0,0,8,0,0.11,0.08,0.19,0.11,0.19,2.5,2.5,1.9,4.4,0.07,0.05,0.12,0.07,0.12
Timothy Castagne,be BEL,DF,Leicester City,25,1995,27,22,2127,23.6,1,0,1,0,0,1,0,0.04,0,0.04,0.04,0.04,0.8,0.8,1.3,2.1,0.03,0.05,0.09,0.03,0.09
Jonny Castro,es ESP,DF,Wolves,27,1994,13,10,1024,11.4,2,0,2,0,0,1,0,0.18,0,0.18,0.18,0.18,0.8,0.8,1.2,2,0.07,0.1,0.17,0.07,0.17
Craig Cathcart,nir NIR,DF,Watford,32,1989,31,27,2396,26.6,0,1,0,0,0,3,0,0,0.04,0.04,0,0.04,0.1,0.1,0.3,0.5,0,0.01,0.02,0,0.02
Edinson Cavani,uy URU,FW,Manchester Utd,34,1987,15,7,766,8.5,2,1,2,0,0,0,0,0.23,0.12,0.35,0.23,0.35,3.4,3.4,1.4,4.7,0.39,0.16,0.55,0.39,0.55
Kayky Chagas,br BRA,FW,Manchester City,18,2003,1,0,7,0.1,0,0,0,0,0,0,0,0,0,0,0,0,0,0,0,0,0,0,0,0,0
Trevoh Chalobah,eng ENG,DF,Chelsea,22,1999,20,17,1449,16.1,3,1,3,0,0,2,0,0.19,0.06,0.25,0.19,0.25,1,1,0.2,1.2,0.06,0.01,0.08,0.06,0.08
Calum Chambers,eng ENG,DF,Aston Villa,26,1995,11,9,831,9.2,1,0,1,0,0,1,0,0.11,0,0.11,0.11,0.11,0.2,0.2,0.1,0.4,0.02,0.01,0.04,0.02,0.04
Calum Chambers,eng ENG,DF,Arsenal,26,1995,2,2,170,1.9,0,0,0,0,0,0,0,0,0,0,0,0,0.1,0.1,0.1,0.1,0.05,0.03,0.07,0.05,0.07
Daniel Chesters,eng ENG,MF,West Ham,19,2002,1,0,1,0,0,0,0,0,0,0,0,0,0,0,0,0,0,0,0,0,0,0,0,0,0
Ben Chilwell,eng ENG,DF,Chelsea,24,1996,7,6,542,6,3,1,3,0,0,0,0,0.5,0.17,0.66,0.5,0.66,1.2,1.2,0.9,2.1,0.19,0.15,0.34,0.19,0.34
Chiquinho,pt POR,DFMF,Wolves,21,2000,8,1,208,2.3,0,3,0,0,0,0,0,0,1.3,1.3,0,1.3,0.3,0.3,0.6,0.9,0.13,0.27,0.41,0.13,0.41
Hamza Choudhury,eng ENG,DFMF,Leicester City,23,1997,6,4,285,3.2,0,0,0,0,0,1,0,0,0,0,0,0,0,0,0,0,0.01,0,0.01,0.01,0.01
Andreas Christensen,dk DEN,DF,Chelsea,25,1996,19,17,1496,16.6,0,0,0,0,0,2,0,0,0,0,0,0,0.4,0.4,0.2,0.7,0.03,0.01,0.04,0.03,0.04
Carney Chukwuemeka,lk SRI,MFFW,Aston Villa,17,2003,12,2,301,3.3,0,1,0,0,0,0,0,0,0.3,0.3,0,0.3,0.6,0.6,1,1.5,0.17,0.29,0.46,0.17,0.46
Ciaran Clark,ie IRL,DF,Newcastle Utd,31,1989,13,12,1014,11.3,0,1,0,0,0,2,1,0,0.09,0.09,0,0.09,0.8,0.8,0.3,1.1,0.07,0.03,0.1,0.07,0.1
Tom Cleverley,eng ENG,MF,Watford,31,1989,28,20,1616,18,0,2,0,0,0,2,0,0,0.11,0.11,0,0.11,0.8,0.8,2,2.9,0.05,0.11,0.16,0.05,0.16
Nathaniel Clyne,eng ENG,DF,Crystal Palace,30,1991,16,15,1351,15,0,1,0,0,0,1,0,0,0.07,0.07,0,0.07,0.1,0.1,0.5,0.6,0.01,0.03,0.04,0.01,0.04
Conor Coady,eng ENG,DF,Wolves,28,1993,38,38,3361,37.3,4,0,4,0,0,4,0,0.11,0,0.11,0.11,0.11,2,2,0,2,0.05,0,0.05,0.05,0.05
Séamus Coleman,ie IRL,DF,Everton,32,1988,30,30,2656,29.5,1,0,1,0,0,4,0,0.03,0,0.03,0.03,0.03,1,1,1.1,2.1,0.03,0.04,0.07,0.03,0.07
Nathan Collins,ie IRL,DF,Burnley,20,2001,19,18,1670,18.6,2,0,2,0,0,2,1,0.11,0,0.11,0.11,0.11,1.6,1.6,0.9,2.5,0.08,0.05,0.14,0.08,0.14
Aaron Connolly,ie IRL,FW,Brighton,21,2000,4,1,156,1.7,0,0,0,0,0,0,0,0,0,0,0,0,0.5,0.5,0.4,0.8,0.26,0.2,0.47,0.26,0.47
Liam Cooper,sct SCO,DF,Leeds United,29,1991,21,21,1814,20.2,0,1,0,0,0,5,0,0,0.05,0.05,0,0.05,0.3,0.3,0.1,0.4,0.02,0,0.02,0.02,0.02
Jack Cork,eng ENG,MF,Burnley,32,1989,20,20,1670,18.6,1,0,1,0,0,4,0,0.05,0,0.05,0.05,0.05,0.8,0.8,0.1,0.9,0.04,0.01,0.05,0.04,0.05
Maxwel Cornet,ci CIV,FWMF,Burnley,24,1996,26,21,1766,19.6,9,1,9,0,1,2,0,0.46,0.05,0.51,0.46,0.51,6.7,5.9,1.5,7.4,0.34,0.07,0.42,0.3,0.38
Hélder Costa,ao ANG,MF,Leeds United,27,1994,1,0,22,0.2,0,0,0,0,0,0,0,0,0,0,0,0,0,0,0,0,0.11,0,0.11,0.11,0.11
Vladimír Coufal,cz CZE,DF,West Ham,28,1992,28,25,2209,24.5,0,4,0,0,0,5,1,0,0.16,0.16,0,0.16,0.6,0.6,2.4,3,0.03,0.1,0.12,0.03,0.12
Philippe Coutinho,br BRA,MFFW,Aston Villa,29,1992,19,16,1329,14.8,5,3,5,0,0,0,0,0.34,0.2,0.54,0.34,0.54,3.7,3.7,3.2,6.9,0.25,0.22,0.47,0.25,0.47
Aaron Cresswell,eng ENG,DF,West Ham,31,1989,31,31,2726,30.3,2,3,2,0,0,3,0,0.07,0.1,0.17,0.07,0.17,1.1,1.1,3.2,4.3,0.04,0.11,0.14,0.04,0.14
Charlie Cresswell,eng ENG,DF,Leeds United,18,2002,5,1,141,1.6,0,0,0,0,0,1,0,0,0,0,0,0,0.1,0.1,0,0.1,0.05,0,0.05,0.05,0.05
Cucho,co COL,FWMF,Watford,22,1999,25,11,1147,12.7,5,2,5,0,0,3,0,0.39,0.16,0.55,0.39,0.55,2.5,2.5,1.9,4.4,0.2,0.15,0.35,0.2,0.35
Marc Cucurella,es ESP,DF,Brighton,23,1998,35,35,3089,34.3,1,1,1,0,0,6,0,0.03,0.03,0.06,0.03,0.06,0.7,0.7,2.6,3.3,0.02,0.08,0.1,0.02,0.1
Luke Cundle,eng ENG,MF,Wolves,19,2002,4,2,180,2,0,0,0,0,0,0,0,0,0,0,0,0,0,0,0.2,0.2,0,0.12,0.12,0,0.12
Patson Daka,zm ZAM,FW,Leicester City,22,1998,23,13,1159,12.9,5,3,5,0,0,2,0,0.39,0.23,0.62,0.39,0.62,4.7,4.7,1.8,6.5,0.36,0.14,0.51,0.36,0.51
Stuart Dallas,nir NIR,DFMF,Leeds United,30,1991,34,34,2919,32.4,1,1,1,0,0,5,0,0.03,0.03,0.06,0.03,0.06,2,2,2.1,4,0.06,0.06,0.12,0.06,0.12
Diogo Dalot,pt POR,DF,Manchester Utd,22,1999,24,19,1801,20,0,0,0,0,0,4,0,0,0,0,0,0,0.7,0.7,1,1.7,0.03,0.05,0.08,0.03,0.08
Karl Darlow,eng ENG,GK,Newcastle Utd,30,1990,8,8,720,8,0,0,0,0,0,1,0,0,0,0,0,0,0,0,0,0,0,0,0,0,0
Josh Dasilva,eng ENG,MFFW,Brentford,22,1998,9,2,257,2.9,0,0,0,0,0,0,1,0,0,0,0,0,0,0,0.1,0.2,0.02,0.04,0.05,0.02,0.05
Ben Davies,wls WAL,DF,Tottenham,28,1993,29,28,2538,28.2,1,1,1,0,0,6,0,0.04,0.04,0.07,0.04,0.07,1.8,1.8,0.6,2.3,0.06,0.02,0.08,0.06,0.08
Tom Davies,eng ENG,MF,Everton,23,1998,6,2,234,2.6,1,0,1,0,0,1,0,0.38,0,0.38,0.38,0.38,0.9,0.9,0,0.9,0.35,0,0.35,0.35,0.35
Keinan Davis,eng ENG,FW,Aston Villa,23,1998,1,0,12,0.1,0,0,0,0,0,0,0,0,0,0,0,0,0,0,0,0,0,0,0,0,0
Craig Dawson,eng ENG,DF,West Ham,31,1990,34,30,2754,30.6,2,2,2,0,0,5,1,0.07,0.07,0.13,0.07,0.13,2.8,2.8,0.5,3.3,0.09,0.01,0.11,0.09,0.11
Kevin De Bruyne,be BEL,MF,Manchester City,30,1991,30,25,2201,24.5,15,8,15,0,0,2,0,0.61,0.33,0.94,0.61,0.94,6.4,6.4,9.4,15.8,0.26,0.39,0.65,0.26,0.65
Troy Deeney,eng ENG,FW,Watford,33,1988,2,0,25,0.3,0,0,0,0,0,0,0,0,0,0,0,0,0.4,0.4,0.1,0.5,1.45,0.32,1.77,1.45,1.77
Liam Delap,eng ENG,FW,Manchester City,18,2003,1,0,10,0.1,0,0,0,0,0,0,0,0,0,0,0,0,0,0,0,0,0,0,0,0,0
Fabian Delph,eng ENG,MF,Everton,31,1989,11,8,662,7.4,0,0,0,0,0,2,0,0,0,0,0,0,0,0,0.1,0.1,0.01,0.01,0.02,0.01,0.02
Leander Dendoncker,be BEL,MF,Wolves,26,1995,30,21,1950,21.7,2,2,2,0,0,4,0,0.09,0.09,0.18,0.09,0.18,2.6,2.6,1,3.6,0.12,0.05,0.16,0.12,0.16
Emmanuel Dennis,ng NGA,FWMF,Watford,23,1997,33,30,2581,28.7,10,6,10,0,0,9,1,0.35,0.21,0.56,0.35,0.56,7.4,7.4,3.2,10.6,0.26,0.11,0.37,0.26,0.37
Kiernan Dewsbury-Hall,eng ENG,MF,Leicester City,22,1998,28,23,2105,23.4,1,2,1,0,0,4,0,0.04,0.09,0.13,0.04,0.13,1.3,1.3,3,4.3,0.06,0.13,0.18,0.06,0.18
Ibrahima Diallo,fr FRA,MF,Southampton,22,1999,23,10,1023,11.4,0,2,0,0,0,1,0,0,0.18,0.18,0,0.18,0.5,0.5,1,1.4,0.04,0.09,0.13,0.04,0.13
Rúben Dias,pt POR,DF,Manchester City,24,1997,29,27,2402,26.7,2,4,2,0,0,5,0,0.07,0.15,0.22,0.07,0.22,2.1,2.1,2.3,4.5,0.08,0.09,0.17,0.08,0.17
Luis Díaz,co COL,FW,Liverpool,24,1997,13,11,958,10.6,4,3,4,0,0,0,0,0.38,0.28,0.66,0.38,0.66,4.5,4.5,1.8,6.3,0.42,0.17,0.59,0.42,0.59
Eric Dier,eng ENG,DF,Tottenham,27,1994,35,35,3071,34.1,0,0,0,0,0,1,0,0,0,0,0,0,1,1,1.4,2.4,0.03,0.04,0.07,0.03,0.07
Lucas Digne,fr FRA,DF,Aston Villa,28,1993,16,16,1269,14.1,0,4,0,0,0,2,0,0,0.28,0.28,0,0.28,0.6,0.6,2,2.6,0.04,0.14,0.18,0.04,0.18
Lucas Digne,fr FRA,DF,Everton,28,1993,13,13,1170,13,0,0,0,0,0,4,0,0,0,0,0,0,0.4,0.4,1.7,2.1,0.03,0.13,0.16,0.03,0.16
Issa Diop,fr FRA,DF,West Ham,24,1997,13,10,963,10.7,0,1,0,0,0,0,0,0,0.09,0.09,0,0.09,0.1,0.1,0.1,0.3,0.01,0.01,0.02,0.01,0.02
Moussa Djenepo,ml MLI,MF,Southampton,23,1998,12,5,457,5.1,0,0,0,0,0,3,0,0,0,0,0,0,1.5,1.5,0.2,1.7,0.3,0.05,0.34,0.3,0.34
Lewis Dobbin,eng ENG,FWMF,Everton,18,2003,3,0,32,0.4,0,0,0,0,0,1,0,0,0,0,0,0,0,0,0,0,0,0,0,0,0
Matt Doherty,ie IRL,DF,Tottenham,29,1992,15,9,875,9.7,2,4,2,0,0,0,0,0.21,0.41,0.62,0.21,0.62,2.5,2.5,1.8,4.3,0.26,0.18,0.44,0.26,0.44
Gabriel Dos Santos,br BRA,DF,Arsenal,23,1997,35,35,3063,34,5,0,5,0,0,8,1,0.15,0,0.15,0.15,0.15,2.7,2.7,0.8,3.5,0.08,0.02,0.1,0.08,0.1
Abdoulaye Doucouré,ml MLI,MF,Everton,28,1993,30,29,2537,28.2,2,4,2,0,0,6,0,0.07,0.14,0.21,0.07,0.21,2.7,2.7,2.2,4.9,0.1,0.08,0.17,0.1,0.17
Kieran Dowell,eng ENG,FWMF,Norwich City,23,1997,19,11,912,10.1,1,1,1,0,0,0,0,0.1,0.1,0.2,0.1,0.2,1.2,1.2,2,3.1,0.12,0.19,0.31,0.12,0.31
Cody Drameh,eng ENG,DF,Leeds United,19,2001,3,1,128,1.4,0,0,0,0,0,1,0,0,0,0,0,0,0,0,0,0,0,0.01,0.01,0,0.01
Martin Dúbravka,sk SVK,GK,Newcastle Utd,32,1989,26,26,2340,26,0,0,0,0,0,1,0,0,0,0,0,0,0,0,0.1,0.1,0,0,0,0,0
Shane Duffy,ie IRL,DF,Brighton,29,1992,18,15,1436,16,1,0,1,0,0,7,0,0.06,0,0.06,0.06,0.06,1.3,1.3,0.1,1.5,0.08,0.01,0.09,0.08,0.09
Paul Dummett,wls WAL,DF,Newcastle Utd,29,1991,3,2,198,2.2,0,0,0,0,0,2,0,0,0,0,0,0,0,0,0,0,0,0,0,0,0
Lewis Dunk,eng ENG,DF,Brighton,29,1991,29,29,2573,28.6,1,0,1,0,0,3,1,0.03,0,0.03,0.03,0.03,1.2,1.2,0.2,1.4,0.04,0.01,0.05,0.04,0.05
Ederson,br BRA,GK,Manchester City,27,1993,37,37,3330,37,0,0,0,0,0,3,0,0,0,0,0,0,0,0,0.1,0.1,0,0,0,0,0
Odsonne Édouard,fr FRA,FW,Crystal Palace,23,1998,28,18,1564,17.4,6,3,5,1,1,4,0,0.35,0.17,0.52,0.29,0.46,6.6,5.8,2.3,8.1,0.38,0.13,0.51,0.34,0.47
CJ Egan-Riley,eng ENG,DF,Manchester City,18,2003,1,0,4,0,0,0,0,0,0,0,0,0,0,0,0,0,0,0,0,0,0,0,0,0,0
Anthony Elanga,se SWE,FW,Manchester Utd,19,2002,21,14,1214,13.5,2,2,2,0,0,0,0,0.15,0.15,0.3,0.15,0.3,3,3,1.8,4.8,0.22,0.14,0.35,0.22,0.35
Harvey Elliott,eng ENG,MF,Liverpool,18,2003,6,4,346,3.8,0,0,0,0,0,0,0,0,0,0,0,0,0.9,0.9,0.5,1.4,0.23,0.12,0.35,0.23,0.35
Mohamed Elneny,eg EGY,MF,Arsenal,29,1992,14,8,806,9,0,2,0,0,0,1,0,0,0.22,0.22,0,0.22,0.2,0.2,0.6,0.7,0.02,0.06,0.08,0.02,0.08
Mohamed Elyounoussi,no NOR,MFFW,Southampton,26,1994,30,23,2042,22.7,4,2,4,0,0,4,0,0.18,0.09,0.26,0.18,0.26,6,6,2.5,8.5,0.26,0.11,0.37,0.26,0.37
Emerson,br BRA,DF,Tottenham,22,1999,31,26,2286,25.4,1,1,1,0,0,5,0,0.04,0.04,0.08,0.04,0.08,1.5,1.5,2.1,3.6,0.06,0.08,0.14,0.06,0.14
Christian Eriksen,dk DEN,MF,Brentford,29,1992,11,10,939,10.4,1,4,1,0,0,1,0,0.1,0.38,0.48,0.1,0.48,1.4,1.4,3.6,5,0.14,0.34,0.48,0.14,0.48
Oghenekaro Etebo,ng NGA,MF,Watford,25,1995,9,4,401,4.5,0,0,0,0,0,3,0,0,0,0,0,0,0,0,0.1,0.1,0.01,0.01,0.02,0.01,0.02
Jonny Evans,nir NIR,DF,Leicester City,33,1988,18,16,1348,15,1,1,1,0,0,3,0,0.07,0.07,0.13,0.07,0.13,0.7,0.7,0.6,1.3,0.05,0.04,0.09,0.05,0.09
Eberechi Eze,eng ENG,MFFW,Crystal Palace,23,1998,13,6,605,6.7,1,1,1,0,0,1,0,0.15,0.15,0.3,0.15,0.3,0.5,0.5,0.9,1.4,0.08,0.13,0.21,0.08,0.21
Łukasz Fabiański,pl POL,GK,West Ham,36,1985,37,37,3330,37,0,0,0,0,0,2,0,0,0,0,0,0,0,0,0,0,0,0,0,0,0
Fabinho,br BRA,MF,Liverpool,27,1993,29,26,2314,25.7,5,1,3,2,2,7,0,0.19,0.04,0.23,0.12,0.16,3.4,1.9,1.4,3.3,0.13,0.05,0.19,0.07,0.13
Kiko Femenía,es ESP,DF,Watford,30,1991,27,26,2142,23.8,0,5,0,0,0,2,0,0,0.21,0.21,0,0.21,0.1,0.1,3.2,3.3,0,0.14,0.14,0,0.14
Evan Ferguson,ie IRL,MF,Brighton,16,2004,1,0,23,0.3,0,0,0,0,0,0,0,0,0,0,0,0,0,0,0,0,0,0,0,0,0
Nathan Ferguson,eng ENG,DF,Crystal Palace,20,2000,1,0,9,0.1,0,0,0,0,0,0,0,0,0,0,0,0,0,0,0,0,0,0,0,0,0
Bruno Fernandes,pt POR,MF,Manchester Utd,26,1994,36,35,3111,34.6,10,6,10,0,2,10,0,0.29,0.17,0.46,0.29,0.46,9.7,8.2,8.4,16.6,0.28,0.24,0.53,0.24,0.48
Álvaro Fernández,es ESP,GK,Brentford,23,1998,12,12,1080,12,0,0,0,0,0,0,0,0,0,0,0,0,0,0,0,0,0,0,0,0,0
Federico Fernández,ar ARG,DF,Newcastle Utd,32,1989,7,5,523,5.8,0,0,0,0,0,0,0,0,0,0,0,0,0.4,0.4,0.3,0.8,0.07,0.06,0.13,0.07,0.13
Fernandinho,br BRA,MFDF,Manchester City,36,1985,19,10,964,10.7,2,1,2,0,0,1,0,0.19,0.09,0.28,0.19,0.28,1.6,1.6,0.9,2.5,0.15,0.08,0.24,0.15,0.24
Roberto Firmino,br BRA,FW,Liverpool,29,1991,20,10,990,11,5,4,5,0,0,3,0,0.45,0.36,0.82,0.45,0.82,5,5,2.4,7.4,0.45,0.22,0.67,0.45,0.67
Junior Firpo,es ESP,DF,Leeds United,24,1996,24,19,1711,19,0,2,0,0,0,11,0,0,0.11,0.11,0,0.11,0.9,0.9,2.6,3.5,0.05,0.13,0.18,0.05,0.18
Ashley Fletcher,eng ENG,FW,Watford,25,1995,3,0,30,0.3,0,0,0,0,0,0,0,0,0,0,0,0,0.4,0.4,0,0.4,1.16,0,1.16,1.16,1.16
Phil Foden,eng ENG,FW,Manchester City,21,2000,28,24,2128,23.6,9,5,9,0,0,1,0,0.38,0.21,0.59,0.38,0.59,9.1,9.1,6.4,15.6,0.39,0.27,0.66,0.39,0.66
Wesley Fofana,fr FRA,DF,Leicester City,20,2000,7,7,630,7,0,0,0,0,0,2,0,0,0,0,0,0,0.2,0.2,0,0.3,0.03,0,0.04,0.03,0.04
Pablo Fornals,es ESP,FWMF,West Ham,25,1996,36,32,2795,31.1,6,3,6,0,0,4,0,0.19,0.1,0.29,0.19,0.29,4.7,4.7,5.6,10.3,0.15,0.18,0.33,0.15,0.33
Adam Forshaw,eng ENG,MF,Leeds United,29,1991,22,17,1530,17,0,1,0,0,0,5,0,0,0.06,0.06,0,0.06,0.4,0.4,1.1,1.5,0.02,0.06,0.09,0.02,0.09
Marcus Forss,fi FIN,FWMF,Brentford,22,1999,7,1,209,2.3,0,1,0,0,0,0,0,0,0.43,0.43,0,0.43,0.2,0.2,0,0.2,0.1,0,0.1,0.1,0.1
Fraser Forster,eng ENG,GK,Southampton,33,1988,19,19,1710,19,0,0,0,0,0,1,0,0,0,0,0,0,0,0,0,0,0,0,0,0,0
Ben Foster,eng ENG,GK,Watford,38,1983,26,26,2340,26,0,1,0,0,0,0,0,0,0.04,0.04,0,0.04,0,0,0.2,0.2,0,0.01,0.01,0,0.01
Tariqe Fosu,gh GHA,DF,Brentford,25,1995,1,0,17,0.2,0,0,0,0,0,0,0,0,0,0,0,0,0,0,0,0,0.16,0,0.16,0.16,0.16
Ryan Fraser,sct SCO,FWMF,Newcastle Utd,27,1994,27,18,1465,16.3,2,3,2,0,0,3,0,0.12,0.18,0.31,0.12,0.31,2.8,2.8,2.2,5.1,0.17,0.14,0.31,0.17,0.31
Fred,br BRA,MF,Manchester Utd,28,1993,28,24,2028,22.5,4,4,4,0,0,5,0,0.18,0.18,0.36,0.18,0.36,1.5,1.5,2,3.4,0.07,0.09,0.15,0.07,0.15
Ryan Fredericks,eng ENG,DF,West Ham,28,1992,7,3,307,3.4,0,0,0,0,0,1,0,0,0,0,0,0,0,0,0.1,0.1,0,0.03,0.03,0,0.03
Leo Fuhr Hjelde,no NOR,DF,Leeds United,17,2003,2,0,150,1.7,0,0,0,0,0,0,0,0,0,0,0,0,0,0,0,0,0,0.02,0.02,0,0.02
Conor Gallagher,eng ENG,MF,Crystal Palace,21,2000,34,33,2845,31.6,8,3,8,0,0,10,0,0.25,0.09,0.35,0.25,0.35,5.7,5.7,3.5,9.2,0.18,0.11,0.29,0.18,0.29
Alejandro Garnacho,es ESP,FW,Manchester Utd,17,2004,2,0,13,0.1,0,0,0,0,0,0,0,0,0,0,0,0,0,0,0,0,0,0,0,0,0
Dwight Gayle,eng ENG,FW,Newcastle Utd,30,1990,8,0,38,0.4,0,0,0,0,0,1,0,0,0,0,0,0,0.3,0.3,0.5,0.8,0.71,1.19,1.89,0.71,1.89
Jean-Philippe Gbamin,ci CIV,MF,Everton,25,1995,3,1,67,0.7,0,0,0,0,0,0,0,0,0,0,0,0,0,0,0,0,0,0,0,0,0
David de Gea,es ESP,GK,Manchester Utd,30,1990,38,38,3420,38,0,0,0,0,0,0,0,0,0,0,0,0,0,0,0,0,0,0,0,0,0
Joe Gelhardt,eng ENG,FWMF,Leeds United,19,2002,20,5,746,8.3,2,2,2,0,0,4,0,0.24,0.24,0.48,0.24,0.48,3.1,3.1,1.5,4.7,0.38,0.19,0.56,0.38,0.56
Anwar El Ghazi,nl NED,FWMF,Aston Villa,26,1995,9,4,386,4.3,1,1,0,1,1,2,0,0.23,0.23,0.47,0,0.23,1.1,0.3,0.4,0.7,0.25,0.09,0.33,0.07,0.16
Anwar El Ghazi,nl NED,FW,Everton,26,1995,2,0,13,0.1,0,0,0,0,0,0,0,0,0,0,0,0,0,0,0,0,0,0,0,0,0
Saman Ghoddos,ir IRN,DFMF,Brentford,27,1993,17,4,536,6,1,1,1,0,0,2,0,0.17,0.17,0.34,0.17,0.34,0.6,0.6,1.2,1.9,0.11,0.21,0.32,0.11,0.32
Dimitris Giannoulis,gr GRE,DF,Norwich City,25,1995,18,14,1169,13,0,1,0,0,0,2,0,0,0.08,0.08,0,0.08,0.1,0.1,0.5,0.6,0.01,0.04,0.05,0.01,0.05
Morgan Gibbs-White,eng ENG,FWMF,Wolves,21,2000,2,0,9,0.1,0,0,0,0,0,1,0,0,0,0,0,0,0.1,0.1,0,0.1,1.22,0,1.22,1.22,1.22
Ben Gibson,eng ENG,DF,Norwich City,28,1993,28,28,2494,27.7,0,0,0,0,0,5,1,0,0,0,0,0,1.2,1.2,0,1.2,0.04,0,0.04,0.04,0.04
Billy Gilmour,sct SCO,MF,Norwich City,20,2001,24,21,1855,20.6,0,1,0,0,0,2,0,0,0.05,0.05,0,0.05,1,1,2,3,0.05,0.1,0.14,0.05,0.14
Ben Godfrey,eng ENG,DF,Everton,23,1998,23,23,2029,22.5,0,0,0,0,0,6,0,0,0,0,0,0,1.1,1.1,0.7,1.8,0.05,0.03,0.08,0.05,0.08
André Gomes,pt POR,MF,Everton,28,1993,14,7,619,6.9,0,1,0,0,0,3,0,0,0.15,0.15,0,0.15,0.7,0.7,0.2,0.9,0.1,0.03,0.13,0.1,0.13
Toti Gomes,pt POR,DF,Wolves,22,1999,4,4,360,4,0,0,0,0,0,1,0,0,0,0,0,0,0.1,0.1,0,0.1,0.01,0,0.01,0.01,0.01
Joe Gomez,eng ENG,DF,Liverpool,24,1997,8,4,331,3.7,0,1,0,0,0,2,0,0,0.27,0.27,0,0.27,0,0,0.5,0.5,0,0.13,0.13,0,0.13
Charlie Goode,eng ENG,DF,Brentford,25,1995,6,4,450,5,0,0,0,0,0,3,0,0,0,0,0,0,0.1,0.1,0.3,0.5,0.03,0.07,0.1,0.03,0.1
Anthony Gordon,eng ENG,MFFW,Everton,20,2001,35,25,2285,25.4,4,2,4,0,0,4,0,0.16,0.08,0.24,0.16,0.24,3.3,3.3,3.3,6.6,0.13,0.13,0.26,0.13,0.26
Kaide Gordon,eng ENG,FW,Liverpool,16,2004,1,0,9,0.1,0,0,0,0,0,0,0,0,0,0,0,0,0.4,0.4,0,0.4,4.48,0,4.48,4.48,4.48
Dan Gosling,eng ENG,MF,Watford,31,1990,4,2,166,1.8,1,0,1,0,0,0,0,0.54,0,0.54,0.54,0.54,0.2,0.2,0,0.2,0.1,0.01,0.11,0.1,0.11
Demarai Gray,eng ENG,MFFW,Everton,25,1996,34,28,2338,26,5,4,5,0,0,3,0,0.19,0.15,0.35,0.19,0.35,4.5,4.5,4.3,8.8,0.17,0.17,0.34,0.17,0.34
Jack Grealish,eng ENG,FW,Manchester City,25,1995,26,22,1914,21.3,3,3,3,0,0,3,0,0.14,0.14,0.28,0.14,0.28,4.7,4.7,6.3,11.1,0.22,0.3,0.52,0.22,0.52
Mason Greenwood,eng ENG,FWMF,Manchester Utd,19,2001,18,16,1271,14.1,5,1,5,0,0,1,0,0.35,0.07,0.42,0.35,0.42,4.4,4.4,1.6,6,0.31,0.11,0.42,0.31,0.42
Sam Greenwood,eng ENG,MFFW,Leeds United,19,2002,7,1,237,2.6,0,2,0,0,0,0,0,0,0.76,0.76,0,0.76,0.4,0.4,0.7,1.1,0.14,0.28,0.42,0.14,0.42
Pascal Groß,de GER,MFDF,Brighton,30,1991,29,24,2038,22.6,2,4,2,0,1,1,0,0.09,0.18,0.26,0.09,0.26,2.9,2.2,5.3,7.5,0.13,0.24,0.37,0.1,0.33
Vicente Guaita,es ESP,GK,Crystal Palace,34,1987,30,30,2655,29.5,0,0,0,0,0,2,0,0,0,0,0,0,0,0,0,0,0,0,0,0,0
Marc Guéhi,eng ENG,DF,Crystal Palace,21,2000,36,36,3222,35.8,2,1,2,0,0,4,0,0.06,0.03,0.08,0.06,0.08,1.9,1.9,0.5,2.4,0.05,0.01,0.07,0.05,0.07
Bruno Guimarães,br BRA,MF,Newcastle Utd,23,1997,17,11,1034,11.5,5,1,5,0,0,4,0,0.44,0.09,0.52,0.44,0.52,2.9,2.9,1.8,4.7,0.25,0.16,0.41,0.25,0.41
İlkay Gündoğan,de GER,MF,Manchester City,30,1990,27,20,1857,20.6,8,4,8,0,0,1,0,0.39,0.19,0.58,0.39,0.58,8.6,8.6,4.3,12.8,0.41,0.21,0.62,0.41,0.62
Angus Gunn,eng ENG,GK,Norwich City,25,1996,9,9,810,9,0,0,0,0,0,0,0,0,0,0,0,0,0,0,0,0,0,0,0,0,0
Grant Hanley,sct SCO,DF,Norwich City,29,1991,33,33,2897,32.2,1,0,1,0,0,2,0,0.03,0,0.03,0.03,0.03,1.8,1.8,0.2,2,0.06,0.01,0.06,0.06,0.06
Jack Harrison,eng ENG,FWMF,Leeds United,24,1996,35,32,2639,29.3,8,1,8,0,0,3,0,0.27,0.03,0.31,0.27,0.31,4,4,2.6,6.6,0.14,0.09,0.23,0.14,0.23
Kortney Hause,eng ENG,DF,Aston Villa,26,1995,7,4,397,4.4,1,0,1,0,0,0,0,0.23,0,0.23,0.23,0.23,0.1,0.1,0,0.1,0.02,0,0.02,0.02,0.02
Kai Havertz,de GER,FWMF,Chelsea,22,1999,29,22,1809,20.1,8,3,8,0,0,3,0,0.4,0.15,0.55,0.4,0.55,9.7,9.7,2,11.6,0.48,0.1,0.58,0.48,0.58
Isaac Hayden,eng ENG,MFDF,Newcastle Utd,26,1995,14,12,1002,11.1,1,0,1,0,0,5,0,0.09,0,0.09,0.09,0.09,0.4,0.4,0.1,0.5,0.04,0.01,0.05,0.04,0.05
Hwang Hee-chan,kr KOR,FWMF,Wolves,25,1996,30,20,1816,20.2,5,1,5,0,0,2,0,0.25,0.05,0.3,0.25,0.3,4,4,1.7,5.7,0.2,0.08,0.28,0.2,0.28
Jordan Henderson,eng ENG,MF,Liverpool,31,1990,35,29,2597,28.9,2,5,2,0,0,3,0,0.07,0.17,0.24,0.07,0.24,1.5,1.5,3.7,5.3,0.05,0.13,0.18,0.05,0.18
Jeff Hendrick,ie IRL,MF,Newcastle Utd,29,1992,3,0,72,0.8,1,0,1,0,0,0,0,1.25,0,1.25,1.25,1.25,0,0,0,0.1,0.04,0.06,0.1,0.04,0.1
Wayne Hennessey,wls WAL,GK,Burnley,34,1987,2,2,180,2,0,0,0,0,0,0,0,0,0,0,0,0,0,0,0.1,0.1,0,0.06,0.06,0,0.06
Rico Henry,eng ENG,DF,Brentford,24,1997,34,33,2776,30.8,3,0,3,0,0,2,0,0.1,0,0.1,0.1,0.1,1.8,1.8,1.7,3.5,0.06,0.06,0.11,0.06,0.11
Son Heung-min,kr KOR,FWMF,Tottenham,29,1992,35,35,3006,33.4,23,7,23,0,0,2,0,0.69,0.21,0.9,0.69,0.9,16.4,16.4,8.1,24.5,0.49,0.24,0.73,0.49,0.73
Ki-Jana Hoever,nl NED,DF,Wolves,19,2002,8,4,308,3.4,0,0,0,0,0,1,0,0,0,0,0,0,0,0,0,0.1,0.01,0.01,0.02,0.01,0.02
Pierre Højbjerg,dk DEN,MF,Tottenham,25,1995,36,36,3196,35.5,2,2,2,0,0,3,0,0.06,0.06,0.11,0.06,0.11,2,2,2.5,4.5,0.06,0.07,0.13,0.06,0.13
Rob Holding,eng ENG,DF,Arsenal,25,1995,15,9,845,9.4,1,0,1,0,0,4,1,0.11,0,0.11,0.11,0.11,0.3,0.3,0,0.3,0.03,0,0.03,0.03,0.03
Mason Holgate,eng ENG,DF,Everton,24,1996,25,23,2134,23.7,2,1,2,0,0,7,1,0.08,0.04,0.13,0.08,0.13,1.1,1.1,0.1,1.1,0.05,0,0.05,0.05,0.05
Callum Hudson-Odoi,eng ENG,FWMF,Chelsea,20,2000,15,11,962,10.7,1,2,1,0,0,1,0,0.09,0.19,0.28,0.09,0.28,2.1,2.1,2.3,4.4,0.2,0.21,0.41,0.2,0.41
Will Hughes,eng ENG,MF,Crystal Palace,26,1995,16,13,1053,11.7,0,1,0,0,0,6,0,0,0.09,0.09,0,0.09,0.1,0.1,0.6,0.8,0.01,0.05,0.07,0.01,0.07
Adam Idah,ie IRL,FWMF,Norwich City,20,2001,17,6,625,6.9,1,1,1,0,0,0,0,0.14,0.14,0.29,0.14,0.29,1.9,1.9,0.6,2.5,0.28,0.09,0.36,0.28,0.36
Kelechi Iheanacho,ng NGA,FW,Leicester City,24,1996,26,13,1264,14,4,5,4,0,0,1,0,0.28,0.36,0.64,0.28,0.64,3.4,3.4,2.7,6.1,0.25,0.19,0.44,0.25,0.44
Danny Ings,eng ENG,FW,Aston Villa,29,1992,30,22,1898,21.1,7,6,6,1,1,4,0,0.33,0.28,0.62,0.28,0.57,7.4,6.6,2,8.6,0.35,0.1,0.44,0.31,0.41
Tim Iroegbunam,eng ENG,MF,Aston Villa,18,2003,3,1,92,1,0,0,0,0,0,1,0,0,0,0,0,0,0.1,0.1,0,0.1,0.13,0,0.13,0.13,0.13
Alex Iwobi,ng NGA,MFDF,Everton,25,1996,28,22,2035,22.6,2,2,2,0,0,1,0,0.09,0.09,0.18,0.09,0.18,1.7,1.7,2.8,4.5,0.07,0.13,0.2,0.07,0.2
Daniel James,wls WAL,FWMF,Leeds United,23,1997,32,29,2366,26.3,4,4,4,0,0,7,1,0.15,0.15,0.3,0.15,0.3,5.4,5.4,2.4,7.9,0.21,0.09,0.3,0.21,0.3
Daniel James,wls WAL,FW,Manchester Utd,23,1997,2,2,126,1.4,0,0,0,0,0,0,0,0,0,0,0,0,0.2,0.2,0,0.3,0.17,0.01,0.19,0.17,0.19
Reece James,eng ENG,DF,Chelsea,21,1999,26,22,1864,20.7,5,9,5,0,0,4,1,0.24,0.43,0.68,0.24,0.68,2.6,2.6,5.7,8.3,0.12,0.28,0.4,0.12,0.4
Vitaly Janelt,de GER,MF,Brentford,23,1998,31,27,2298,25.5,4,0,4,0,0,3,0,0.16,0,0.16,0.16,0.16,2.6,2.6,2.2,4.8,0.1,0.09,0.19,0.1,0.19
Pontus Jansson,se SWE,DF,Brentford,30,1991,37,37,3321,36.9,3,1,3,0,0,7,0,0.08,0.03,0.11,0.08,0.11,2.9,2.9,0.5,3.4,0.08,0.01,0.09,0.08,0.09
Mathias Jensen,dk DEN,MF,Brentford,25,1996,31,19,1601,17.8,0,1,0,0,0,0,0,0,0.06,0.06,0,0.06,2.5,2.5,3.6,6.1,0.14,0.2,0.34,0.14,0.34
Gabriel Jesus,br BRA,FW,Manchester City,24,1997,28,21,1877,20.9,8,8,7,1,1,1,0,0.38,0.38,0.77,0.34,0.72,10.1,9.3,5.3,14.7,0.48,0.26,0.74,0.45,0.7
Raúl Jiménez,mx MEX,FW,Wolves,30,1991,34,30,2631,29.2,6,4,5,1,1,9,2,0.21,0.14,0.34,0.17,0.31,6.6,6.1,2.7,8.7,0.23,0.09,0.32,0.21,0.3
João Pedro,br BRA,FWMF,Watford,19,2001,28,15,1644,18.3,3,1,3,0,0,1,0,0.16,0.05,0.22,0.16,0.22,4.2,4.2,2.6,6.8,0.23,0.14,0.37,0.23,0.37
Joelinton,br BRA,MFFW,Newcastle Utd,24,1996,35,30,2558,28.4,4,1,4,0,0,8,0,0.14,0.04,0.18,0.14,0.18,4.1,4.1,1.8,6,0.15,0.06,0.21,0.15,0.21
Ben Johnson,eng ENG,DF,West Ham,21,2000,20,16,1397,15.5,1,0,1,0,0,1,0,0.06,0,0.06,0.06,0.06,0.1,0.1,0.8,0.9,0.01,0.05,0.06,0.01,0.06
Curtis Jones,eng ENG,MF,Liverpool,20,2001,15,10,851,9.5,1,1,1,0,0,0,0,0.11,0.11,0.21,0.11,0.21,0.9,0.9,0.6,1.6,0.1,0.07,0.16,0.1,0.16
Phil Jones,eng ENG,DF,Manchester Utd,29,1992,4,2,163,1.8,0,0,0,0,0,0,0,0,0,0,0,0,0,0,0,0,0,0.01,0.01,0,0.01
Mathias Jørgensen,dk DEN,DF,Brentford,31,1990,8,6,518,5.8,1,0,1,0,0,2,0,0.17,0,0.17,0.17,0.17,0.1,0.1,0.1,0.2,0.02,0.02,0.03,0.02,0.03
Jorginho,it ITA,MF,Chelsea,29,1991,29,26,2273,25.3,6,2,0,6,7,5,0,0.24,0.08,0.32,0,0.08,5.7,0.4,2.8,3.2,0.23,0.11,0.34,0.02,0.13
Diogo Jota,pt POR,FW,Liverpool,24,1996,35,27,2364,26.3,15,4,15,0,0,3,0,0.57,0.15,0.72,0.57,0.72,16,16,5.5,21.5,0.61,0.21,0.82,0.61,0.82
James Justin,eng ENG,DF,Leicester City,23,1998,13,11,998,11.1,0,0,0,0,0,0,0,0,0,0,0,0,0.6,0.6,1,1.6,0.06,0.09,0.14,0.06,0.14
Ozan Kabak,tr TUR,DF,Norwich City,21,2000,11,11,922,10.2,0,0,0,0,0,2,0,0,0,0,0,0,0.2,0.2,0,0.2,0.02,0,0.02,0.02,0.02
Christian Kabasele,be BEL,DF,Watford,30,1991,16,12,1193,13.3,0,0,0,0,0,0,0,0,0,0,0,0,0.6,0.6,0,0.7,0.05,0,0.05,0.05,0.05
Samuel Kalu,ng NGA,FW,Watford,23,1997,4,2,222,2.5,0,0,0,0,0,0,0,0,0,0,0,0,0.3,0.3,0.2,0.4,0.12,0.06,0.18,0.12,0.18
Hassane Kamara,ci CIV,DF,Watford,27,1994,19,18,1623,18,1,0,1,0,0,5,1,0.06,0,0.06,0.06,0.06,0.2,0.2,0.4,0.6,0.01,0.02,0.03,0.01,0.03
Harry Kane,eng ENG,FW,Tottenham,28,1993,37,36,3232,35.9,17,9,13,4,4,5,0,0.47,0.25,0.72,0.36,0.61,20.1,17.1,9,26.1,0.56,0.25,0.81,0.48,0.73
N'Golo Kanté,fr FRA,MF,Chelsea,30,1991,26,21,1773,19.7,2,4,2,0,0,2,0,0.1,0.2,0.3,0.1,0.3,1.8,1.8,2.3,4.2,0.09,0.12,0.21,0.09,0.21
Edo Kayembe,cd COD,MF,Watford,23,1998,13,9,799,8.9,0,0,0,0,0,0,0,0,0,0,0,0,0.2,0.2,0.3,0.5,0.02,0.03,0.06,0.02,0.06
Moise Kean,it ITA,FW,Everton,21,2000,1,0,1,0,0,0,0,0,0,0,0,0,0,0,0,0,0,0,0,0,0,0,0,0,0
Michael Keane,eng ENG,DF,Everton,28,1993,32,31,2792,31,3,2,3,0,0,4,1,0.1,0.06,0.16,0.1,0.16,1.2,1.2,0.6,1.8,0.04,0.02,0.06,0.04,0.06
Naby Keïta,gn GUI,MF,Liverpool,26,1995,23,14,1173,13,3,1,3,0,0,3,0,0.23,0.08,0.31,0.23,0.31,2.3,2.3,1.6,3.9,0.18,0.13,0.3,0.18,0.3
Caoimhín Kelleher,ie IRL,GK,Liverpool,22,1998,2,2,180,2,0,0,0,0,0,0,0,0,0,0,0,0,0,0,0,0,0,0,0,0,0
Kenedy,br BRA,DF,Chelsea,25,1996,1,1,58,0.6,0,1,0,0,0,0,0,0,1.55,1.55,0,1.55,0.1,0.1,0.9,1,0.13,1.35,1.48,0.13,1.48
Jonjoe Kenny,eng ENG,DF,Everton,24,1997,15,11,1018,11.3,0,1,0,0,0,3,1,0,0.09,0.09,0,0.09,0.3,0.3,0.5,0.9,0.03,0.05,0.08,0.03,0.08
Max Kilman,eng ENG,DF,Wolves,24,1997,30,30,2687,29.9,1,0,1,0,0,3,0,0.03,0,0.03,0.03,0.03,1,1,0,1,0.03,0,0.03,0.03,0.03
Joshua King,no NOR,FW,Watford,29,1992,32,27,2248,25,5,3,4,1,1,5,0,0.2,0.12,0.32,0.16,0.28,8,7.2,3.2,10.4,0.32,0.13,0.45,0.29,0.42
Kristoffer Klaesson,no NOR,GK,Leeds United,20,2000,1,0,36,0.4,0,0,0,0,0,0,0,0,0,0,0,0,0,0,0,0,0,0,0,0,0
Mateusz Klich,pl POL,MF,Leeds United,31,1990,33,26,2073,23,1,2,1,0,0,5,0,0.04,0.09,0.13,0.04,0.13,2.8,2.8,2.2,4.9,0.12,0.09,0.21,0.12,0.21
Robin Koch,de GER,MFDF,Leeds United,25,1996,20,17,1574,17.5,0,0,0,0,0,3,0,0,0,0,0,0,0.7,0.7,0.5,1.3,0.04,0.03,0.07,0.04,0.07
Sead Kolašinac,ba BIH,DF,Arsenal,28,1993,2,1,91,1,0,0,0,0,0,1,0,0,0,0,0,0,0,0,0,0,0,0,0,0,0
Ibrahima Konaté,fr FRA,DF,Liverpool,22,1999,11,11,990,11,0,0,0,0,0,2,0,0,0,0,0,0,0.3,0.3,0.1,0.4,0.02,0.01,0.03,0.02,0.03
Ezri Konsa,eng ENG,DF,Aston Villa,23,1997,29,29,2477,27.5,2,0,2,0,0,6,2,0.07,0,0.07,0.07,0.07,1.5,1.5,0.3,1.7,0.05,0.01,0.06,0.05,0.06
Cheikhou Kouyaté,sn SEN,MF,Crystal Palace,31,1989,27,23,1974,21.9,0,1,0,0,0,3,0,0,0.05,0.05,0,0.05,0.6,0.6,0.7,1.3,0.03,0.03,0.06,0.03,0.06
Mateo Kovačić,hr CRO,MF,Chelsea,27,1994,25,16,1558,17.3,2,5,2,0,0,4,0,0.12,0.29,0.4,0.12,0.4,1.8,1.8,3.6,5.5,0.11,0.21,0.32,0.11,0.32
Emil Krafth,se SWE,DF,Newcastle Utd,26,1994,20,18,1634,18.2,0,1,0,0,0,5,0,0,0.06,0.06,0,0.06,0.2,0.2,0.8,1,0.01,0.04,0.06,0.01,0.06
Alex Král,cz CZE,MF,West Ham,23,1998,1,0,1,0,0,0,0,0,0,0,0,0,0,0,0,0,0,0,0,0,0,0,0,0,0
Tim Krul,nl NED,GK,Norwich City,33,1988,29,29,2610,29,0,0,0,0,0,1,0,0,0,0,0,0,0,0,0.4,0.4,0,0.01,0.01,0,0.01
Juraj Kucka,sk SVK,MF,Watford,34,1987,26,22,1920,21.3,1,1,1,0,0,5,1,0.05,0.05,0.09,0.05,0.09,3.1,3.1,0.9,4,0.15,0.04,0.19,0.15,0.19
Dejan Kulusevski,se SWE,MFFW,Tottenham,21,2000,18,14,1261,14,5,8,5,0,0,3,0,0.36,0.57,0.93,0.36,0.93,3.4,3.4,3.5,6.9,0.24,0.25,0.5,0.24,0.5
Alexandre Lacazette,fr FRA,FWMF,Arsenal,30,1991,30,20,1782,19.8,4,7,2,2,3,0,0,0.2,0.35,0.56,0.1,0.45,7.9,5.6,2,7.6,0.4,0.1,0.5,0.28,0.38
Adam Lallana,eng ENG,MF,Brighton,33,1988,24,18,1561,17.3,0,1,0,0,0,4,0,0,0.06,0.06,0,0.06,1.2,1.2,0.7,1.9,0.07,0.04,0.11,0.07,0.11
Tariq Lamptey,eng ENG,DFFW,Brighton,20,2000,30,16,1561,17.3,0,2,0,0,0,4,0,0,0.12,0.12,0,0.12,0.8,0.8,2.2,3,0.05,0.13,0.17,0.05,0.17
Manuel Lanzini,ar ARG,MFFW,West Ham,28,1993,30,19,1786,19.8,5,3,2,3,3,2,0,0.25,0.15,0.4,0.1,0.25,3.5,1.2,2.2,3.4,0.18,0.11,0.29,0.06,0.17
Aymeric Laporte,es ESP,DF,Manchester City,27,1994,33,33,2828,31.4,4,0,4,0,0,5,1,0.13,0,0.13,0.13,0.13,4.3,4.3,0.5,4.8,0.14,0.02,0.15,0.14,0.15
Jamaal Lascelles,eng ENG,DF,Newcastle Utd,27,1993,26,22,2058,22.9,1,0,1,0,0,5,0,0.04,0,0.04,0.04,0.04,1.1,1.1,0.3,1.3,0.05,0.01,0.06,0.05,0.06
Pierre Lees-Melou,fr FRA,MF,Norwich City,28,1993,33,27,2265,25.2,1,0,1,0,0,5,0,0.04,0,0.04,0.04,0.04,1.6,1.6,1.7,3.4,0.07,0.07,0.13,0.07,0.13
Aaron Lennon,eng ENG,MF,Burnley,34,1987,28,17,1551,17.2,2,0,2,0,0,2,0,0.12,0,0.12,0.12,0.12,1.1,1.1,0.5,1.6,0.06,0.03,0.09,0.06,0.09
Bernd Leno,de GER,GK,Arsenal,29,1992,4,4,360,4,0,0,0,0,0,0,0,0,0,0,0,0,0,0,0,0,0,0,0,0,0
Jamal Lewis,nir NIR,DF,Newcastle Utd,23,1998,5,4,262,2.9,0,0,0,0,0,1,0,0,0,0,0,0,0,0,0,0,0,0.01,0.01,0,0.01
Victor Lindelöf,se SWE,DF,Manchester Utd,27,1994,28,26,2355,26.2,0,2,0,0,0,4,0,0,0.08,0.08,0,0.08,0.3,0.3,0.5,0.8,0.01,0.02,0.03,0.01,0.03
Jesse Lingard,eng ENG,FWMF,Manchester Utd,28,1992,16,2,367,4.1,2,0,2,0,0,1,0,0.49,0,0.49,0.49,0.49,0.7,0.7,0.4,1.1,0.17,0.1,0.26,0.17,0.26
Valentino Livramento,eng ENG,DF,Southampton,18,2002,28,25,2202,24.5,1,1,1,0,0,2,0,0.04,0.04,0.08,0.04,0.08,1.2,1.2,2.3,3.4,0.05,0.09,0.14,0.05,0.14
Diego Llorente,es ESP,DF,Leeds United,27,1993,28,28,2340,26,3,0,3,0,0,7,0,0.12,0,0.12,0.12,0.12,1.4,1.4,0.1,1.4,0.05,0,0.06,0.05,0.06
Hugo Lloris,fr FRA,GK,Tottenham,34,1986,38,38,3420,38,0,0,0,0,0,2,0,0,0,0,0,0,0,0,0.5,0.5,0,0.01,0.01,0,0.01
Giovani Lo Celso,ar ARG,MFFW,Tottenham,25,1996,9,2,238,2.6,0,0,0,0,0,0,0,0,0,0,0,0,0.7,0.7,0.6,1.4,0.28,0.24,0.52,0.28,0.52
Jürgen Locadia,nl NED,FW,Brighton,27,1993,1,0,23,0.3,0,0,0,0,0,0,0,0,0,0,0,0,0.1,0.1,0,0.1,0.45,0,0.45,0.45,0.45
Ruben Loftus-Cheek,eng ENG,MFDF,Chelsea,25,1996,24,13,1394,15.5,0,2,0,0,0,1,0,0,0.13,0.13,0,0.13,1.2,1.2,1.9,3.1,0.08,0.12,0.2,0.08,0.2
Kevin Long,ie IRL,DF,Burnley,30,1990,6,4,410,4.6,0,0,0,0,0,1,0,0,0,0,0,0,0.2,0.2,0,0.2,0.03,0,0.03,0.03,0.03
Shane Long,ie IRL,FW,Southampton,34,1987,13,3,308,3.4,1,0,1,0,0,1,0,0.29,0,0.29,0.29,0.29,1,1,0.1,1.1,0.29,0.03,0.32,0.29,0.32
Sean Longstaff,eng ENG,MF,Newcastle Utd,23,1997,24,15,1464,16.3,1,1,1,0,0,1,0,0.06,0.06,0.12,0.06,0.12,1.2,1.2,0.7,1.9,0.07,0.04,0.12,0.07,0.12
Ademola Lookman,ng NGA,FWMF,Leicester City,23,1997,26,16,1453,16.1,6,0,6,0,0,2,0,0.37,0,0.37,0.37,0.37,5.1,5.1,1.9,6.9,0.31,0.12,0.43,0.31,0.43
Jonas Lössl,dk DEN,GK,Brentford,32,1989,2,2,180,2,0,0,0,0,0,0,0,0,0,0,0,0,0,0,0,0,0,0,0,0,0
Imran Louza,ma MAR,MF,Watford,22,1999,20,17,1416,15.7,0,0,0,0,0,6,0,0,0,0,0,0,1.1,1.1,1,2.1,0.07,0.07,0.14,0.07,0.14
Matthew Lowton,eng ENG,DF,Burnley,32,1989,25,20,1772,19.7,1,2,1,0,0,3,1,0.05,0.1,0.15,0.05,0.15,0.6,0.6,1.3,1.9,0.03,0.07,0.1,0.03,0.1
Douglas Luiz,br BRA,MF,Aston Villa,23,1998,34,31,2715,30.2,2,3,2,0,0,7,0,0.07,0.1,0.17,0.07,0.17,2,2,2.5,4.5,0.07,0.08,0.15,0.07,0.15
Romelu Lukaku,be BEL,FW,Chelsea,28,1993,26,16,1589,17.7,8,0,7,1,1,1,0,0.45,0,0.45,0.4,0.4,6.8,6.1,3,9,0.39,0.17,0.55,0.34,0.51
Lyanco,br BRA,DF,Southampton,24,1997,15,9,911,10.1,0,0,0,0,0,2,0,0,0,0,0,0,0.2,0.2,0.1,0.4,0.02,0.01,0.04,0.02,0.04
Alexis Mac Allister,ar ARG,MFFW,Brighton,22,1998,33,22,2123,23.6,5,2,3,2,3,4,0,0.21,0.08,0.3,0.13,0.21,6.5,4.2,1.5,5.8,0.28,0.06,0.34,0.18,0.24
James Maddison,eng ENG,MFFW,Leicester City,24,1996,35,28,2459,27.3,12,8,12,0,0,3,0,0.44,0.29,0.73,0.44,0.73,8.2,8.2,4.8,13,0.3,0.18,0.48,0.3,0.48
Harry Maguire,eng ENG,DF,Manchester Utd,28,1993,30,28,2515,27.9,1,0,1,0,0,9,1,0.04,0,0.04,0.04,0.04,1.7,1.7,0.2,1.9,0.06,0.01,0.07,0.06,0.07
Riyad Mahrez,dz ALG,FW,Manchester City,30,1991,28,15,1498,16.6,11,5,7,4,5,0,0,0.66,0.3,0.96,0.42,0.72,10.2,6.3,3.7,10,0.61,0.22,0.83,0.38,0.6
Ainsley Maitland-Niles,eng ENG,MF,Arsenal,23,1997,8,2,268,3,0,0,0,0,0,0,0,0,0,0,0,0,0,0,0.3,0.4,0.01,0.12,0.13,0.01,0.13
Sadio Mané,sn SEN,FW,Liverpool,29,1992,34,32,2819,31.3,16,2,16,0,0,5,0,0.51,0.06,0.57,0.51,0.57,16.7,16.7,4.4,21.1,0.53,0.14,0.67,0.53,0.67
Javier Manquillo,es ESP,DF,Newcastle Utd,27,1994,19,15,1257,14,1,2,1,0,0,5,0,0.07,0.14,0.21,0.07,0.21,0.5,0.5,0.3,0.8,0.03,0.02,0.06,0.03,0.06
Fernando Marçal,br BRA,DF,Wolves,32,1989,18,17,1449,16.1,0,0,0,0,0,3,0,0,0,0,0,0,0.5,0.5,0.7,1.2,0.03,0.04,0.08,0.03,0.08
Solly March,eng ENG,DFFW,Brighton,27,1994,31,17,1746,19.4,0,2,0,0,0,1,0,0,0.1,0.1,0,0.1,1.5,1.5,2.7,4.2,0.08,0.14,0.22,0.08,0.22
Pablo Marí,es ESP,DF,Arsenal,27,1993,2,2,180,2,0,0,0,0,0,1,0,0,0,0,0,0,0.3,0.3,0.1,0.4,0.15,0.05,0.21,0.15,0.21
Anthony Martial,fr FRA,FW,Manchester Utd,25,1995,8,2,212,2.4,1,0,1,0,0,0,0,0.42,0,0.42,0.42,0.42,0.4,0.4,0.1,0.6,0.19,0.06,0.25,0.19,0.25
Martinelli,br BRA,FWMF,Arsenal,20,2001,29,21,1860,20.7,6,6,5,1,1,3,1,0.29,0.29,0.58,0.24,0.53,7.1,6.4,3.3,9.7,0.34,0.16,0.51,0.31,0.47
Emiliano Martínez,ar ARG,GK,Aston Villa,28,1992,36,36,3240,36,0,0,0,0,0,4,0,0,0,0,0,0,0,0,0,0,0,0,0,0,0
Adam Masina,ma MAR,DF,Watford,27,1994,15,13,1077,12,0,1,0,0,0,0,0,0,0.08,0.08,0,0.08,0.4,0.4,0.7,1.1,0.03,0.06,0.09,0.03,0.09
Arthur Masuaku,cd COD,DFFW,West Ham,27,1993,13,6,650,7.2,1,1,1,0,0,1,0,0.14,0.14,0.28,0.14,0.28,0.1,0.1,0.9,1,0.01,0.12,0.14,0.01,0.14
Juan Mata,es ESP,MF,Manchester Utd,33,1988,7,2,235,2.6,0,0,0,0,0,0,0,0,0,0,0,0,0.3,0.3,0.2,0.5,0.11,0.06,0.17,0.11,0.17
Jean-Philippe Mateta,fr FRA,FW,Crystal Palace,24,1997,22,13,1145,12.7,5,1,5,0,0,2,0,0.39,0.08,0.47,0.39,0.47,5.5,5.5,1.3,6.8,0.43,0.11,0.54,0.43,0.54
Nemanja Matić,rs SRB,MF,Manchester Utd,32,1988,23,16,1382,15.4,0,4,0,0,0,3,0,0,0.26,0.26,0,0.26,0.2,0.2,1.8,1.9,0.01,0.12,0.13,0.01,0.13
Joël Matip,cm CMR,DF,Liverpool,29,1991,31,31,2790,31,3,3,3,0,0,2,0,0.1,0.1,0.19,0.1,0.19,3.2,3.2,1.2,4.4,0.1,0.04,0.14,0.1,0.14
Neal Maupay,fr FRA,FW,Brighton,24,1996,32,25,2276,25.3,8,2,7,1,2,7,0,0.32,0.08,0.4,0.28,0.36,7.7,6.2,2.2,8.4,0.3,0.09,0.39,0.24,0.33
Bryan Mbeumo,fr FRA,FW,Brentford,21,1999,35,34,2905,32.3,4,7,3,1,1,4,0,0.12,0.22,0.34,0.09,0.31,9.7,9,3.5,12.5,0.3,0.11,0.41,0.28,0.39
James McArthur,sct SCO,MF,Crystal Palace,33,1987,21,15,1439,16,0,3,0,0,0,4,0,0,0.19,0.19,0,0.19,0.3,0.3,1,1.4,0.02,0.06,0.08,0.02,0.08
James Mcatee,eng ENG,MFFW,Manchester City,18,2002,2,0,20,0.2,0,0,0,0,0,0,0,0,0,0,0,0,0,0,0,0,0.19,0,0.19,0.19,0.19
Kasey McAteer,eng ENG,FW,Leicester City,19,2001,1,0,3,0,0,0,0,0,0,0,0,0,0,0,0,0,0,0,0,0,0,0,0,0,0
Liam McCarron,sct SCO,FW,Leeds United,20,2001,1,0,10,0.1,0,0,0,0,0,0,0,0,0,0,0,0,0,0,0,0,0,0,0,0,0
Alex McCarthy,eng ENG,GK,Southampton,31,1989,17,17,1530,17,0,0,0,0,0,1,0,0,0,0,0,0,0,0,0,0,0,0,0,0,0
John McGinn,sct SCO,MF,Aston Villa,26,1994,35,35,3090,34.3,3,4,3,0,0,8,0,0.09,0.12,0.2,0.09,0.2,1.5,1.5,4.9,6.4,0.04,0.14,0.19,0.04,0.19
Stuart McKinstry,sct SCO,MF,Leeds United,18,2002,1,0,4,0,0,0,0,0,0,0,0,0,0,0,0,0,0,0,0,0,0,0,0,0,0
Kenny McLean,sct SCO,MF,Norwich City,29,1992,31,29,2706,30.1,1,0,1,0,0,3,0,0.03,0,0.03,0.03,0.03,1.9,1.9,0.7,2.6,0.06,0.02,0.09,0.06,0.09
Dwight McNeil,eng ENG,MF,Burnley,21,1999,38,35,3107,34.5,0,1,0,0,0,1,0,0,0.03,0.03,0,0.03,2.3,2.3,4.8,7.1,0.07,0.14,0.21,0.07,0.21
Scott McTominay,sct SCO,MF,Manchester Utd,24,1996,30,28,2387,26.5,1,1,1,0,0,9,0,0.04,0.04,0.08,0.04,0.08,1.5,1.5,1.8,3.3,0.06,0.07,0.12,0.06,0.12
Ben Mee,eng ENG,DF,Burnley,31,1989,21,21,1839,20.4,3,0,3,0,0,3,0,0.15,0,0.15,0.15,0.15,1.8,1.8,0.1,1.9,0.09,0,0.09,0.09,0.09
Hannibal Mejbri,tn TUN,FW,Manchester Utd,18,2003,2,1,68,0.8,0,0,0,0,0,2,0,0,0,0,0,0,0.1,0.1,0,0.1,0.12,0,0.12,0.12,0.12
Benjamin Mendy,fr FRA,DF,Manchester City,27,1994,1,1,78,0.9,0,0,0,0,0,0,0,0,0,0,0,0,0,0,0.3,0.3,0,0.3,0.3,0,0.3
Edouard Mendy,sn SEN,GK,Chelsea,29,1992,34,34,3060,34,0,0,0,0,0,3,0,0,0,0,0,0,0,0,0,0,0,0,0,0,0
Nampalys Mendy,sn SEN,MF,Leicester City,29,1992,14,12,1032,11.5,0,0,0,0,0,3,0,0,0,0,0,0,0,0,0,0,0,0,0,0,0
Illan Meslier,fr FRA,GK,Leeds United,21,2000,38,38,3384,37.6,0,0,0,0,0,2,0,0,0,0,0,0,0,0,0,0,0,0,0,0,0
Luka Milivojević,rs SRB,MF,Crystal Palace,30,1991,15,9,774,8.6,0,0,0,0,0,1,0,0,0,0,0,0,0.2,0.2,0.8,1,0.03,0.09,0.12,0.03,0.12
James Milner,eng ENG,MFDF,Liverpool,35,1986,24,9,853,9.5,0,1,0,0,0,2,0,0,0.11,0.11,0,0.11,0.3,0.3,2.2,2.4,0.03,0.23,0.26,0.03,0.26
Yerry Mina,co COL,DF,Everton,26,1994,13,11,846,9.4,0,0,0,0,0,3,0,0,0,0,0,0,0.3,0.3,0,0.3,0.03,0,0.03,0.03,0.03
Takumi Minamino,jp JPN,FWMF,Liverpool,26,1995,11,1,186,2.1,3,0,3,0,0,1,0,1.45,0,1.45,1.45,1.45,1.8,1.8,0.5,2.3,0.88,0.25,1.13,0.88,1.13
Tyrone Mings,eng ENG,DF,Aston Villa,28,1993,36,35,3189,35.4,1,3,1,0,0,11,0,0.03,0.08,0.11,0.03,0.11,1.4,1.4,1.5,2.9,0.04,0.04,0.08,0.04,0.08
Tyrick Mitchell,eng ENG,DF,Crystal Palace,21,1999,36,35,3101,34.5,0,2,0,0,0,1,0,0,0.06,0.06,0,0.06,0.3,0.3,1.3,1.6,0.01,0.04,0.05,0.01,0.05
Jakub Moder,pl POL,MFFW,Brighton,22,1999,28,19,1701,18.9,0,3,0,0,0,1,0,0,0.16,0.16,0,0.16,2.5,2.5,1.7,4.2,0.13,0.09,0.22,0.13,0.22
Wesley Moraes,br BRA,FW,Aston Villa,24,1996,1,0,1,0,0,0,0,0,0,0,0,0,0,0,0,0,0,0,0,0,0,0,0,0,0
Tyler Morton,eng ENG,MF,Liverpool,18,2002,2,1,66,0.7,0,0,0,0,0,1,0,0,0,0,0,0,0,0,0,0,0,0,0,0,0
Mason Mount,eng ENG,MFFW,Chelsea,22,1999,32,27,2363,26.3,11,10,10,1,1,4,0,0.42,0.38,0.8,0.38,0.76,8.9,8.1,6.7,14.8,0.34,0.25,0.59,0.31,0.56
Lucas Moura,br BRA,FWMF,Tottenham,28,1992,34,19,1775,19.7,2,6,2,0,0,4,0,0.1,0.3,0.41,0.1,0.41,3.7,3.7,4.4,8.1,0.19,0.23,0.41,0.19,0.41
João Moutinho,pt POR,MF,Wolves,34,1986,35,34,2970,33,2,1,2,0,0,4,0,0.06,0.03,0.09,0.06,0.09,1,1,2.4,3.5,0.03,0.07,0.11,0.03,0.11
Bali Mumba,eng ENG,DF,Norwich City,19,2001,1,0,45,0.5,0,0,0,0,0,0,0,0,0,0,0,0,0,0,0,0,0,0,0,0,0
Jacob Murphy,eng ENG,FWDF,Newcastle Utd,26,1995,33,13,1473,16.4,1,2,1,0,0,4,0,0.06,0.12,0.18,0.06,0.18,2.9,2.9,2.1,5,0.18,0.13,0.31,0.18,0.31
Enock Mwepu,zm ZAM,MFFW,Brighton,23,1998,18,12,996,11.1,2,4,2,0,0,2,0,0.18,0.36,0.54,0.18,0.54,1.9,1.9,1.4,3.2,0.17,0.12,0.29,0.17,0.29
Vitaliy Mykolenko,ua UKR,DF,Everton,22,1999,13,12,1055,11.7,1,0,1,0,0,0,0,0.09,0,0.09,0.09,0.09,0.8,0.8,0.8,1.6,0.07,0.07,0.14,0.07,0.14
Marvelous Nakamba,zw ZIM,MF,Aston Villa,27,1994,16,10,904,10,0,0,0,0,0,5,0,0,0,0,0,0,0,0,0.1,0.1,0,0.01,0.01,0,0.01
Wilfred Ndidi,ng NGA,MFDF,Leicester City,24,1996,19,18,1618,18,0,0,0,0,0,4,0,0,0,0,0,0,1,1,0,1,0.06,0,0.06,0.06,0.06
Tanguy Ndombele,fr FRA,MF,Tottenham,24,1996,9,6,484,5.4,1,1,1,0,0,1,0,0.19,0.19,0.37,0.19,0.37,0.5,0.5,0.4,0.9,0.09,0.07,0.16,0.09,0.16
Reiss Nelson,eng ENG,FW,Arsenal,21,1999,1,0,20,0.2,0,0,0,0,0,0,0,0,0,0,0,0,0,0,0,0.1,0.16,0.18,0.35,0.16,0.35
Pedro Neto,pt POR,FWMF,Wolves,21,2000,13,5,466,5.2,1,1,1,0,0,3,0,0.19,0.19,0.39,0.19,0.39,1.5,1.5,1.1,2.6,0.29,0.22,0.51,0.29,0.51
Rúben Neves,pt POR,MF,Wolves,24,1997,33,31,2661,29.6,4,2,4,0,0,9,0,0.14,0.07,0.2,0.14,0.2,1.2,1.2,2.2,3.4,0.04,0.07,0.12,0.04,0.12
Jeremy Ngakia,eng ENG,DF,Watford,20,2000,16,9,903,10,0,0,0,0,0,0,0,0,0,0,0,0,0.1,0.1,0.5,0.6,0.01,0.05,0.06,0.01,0.06
Saúl Ñíguez,es ESP,MFDF,Chelsea,26,1994,10,5,480,5.3,0,0,0,0,0,1,0,0,0,0,0,0,0.2,0.2,0.3,0.5,0.04,0.06,0.1,0.04,0.1
Eddie Nketiah,eng ENG,FW,Arsenal,22,1999,21,8,835,9.3,5,1,5,0,0,3,0,0.54,0.11,0.65,0.54,0.65,4.6,4.6,1.4,6.1,0.5,0.16,0.65,0.5,0.65
Nicolas Nkoulou,cm CMR,DF,Watford,31,1990,3,2,168,1.9,0,0,0,0,0,0,0,0,0,0,0,0,0,0,0,0,0,0.01,0.01,0,0.01
Mark Noble,eng ENG,MF,West Ham,34,1987,11,3,332,3.7,1,0,0,1,2,0,0,0.27,0,0.27,0,0,1.5,0,0.2,0.2,0.41,0.06,0.47,0,0.06
Christian Nørgaard,dk DEN,MF,Brentford,27,1994,35,35,3054,33.9,3,4,3,0,0,8,0,0.09,0.12,0.21,0.09,0.21,3.2,3.2,3.1,6.3,0.09,0.09,0.19,0.09,0.19
Mathias Normann,no NOR,MF,Norwich City,25,1996,23,20,1645,18.3,1,2,1,0,0,6,0,0.05,0.11,0.16,0.05,0.16,1,1,1.8,2.8,0.05,0.1,0.15,0.05,0.15
Martin Ødegaard,no NOR,MF,Arsenal,22,1998,36,32,2785,30.9,7,4,7,0,0,4,0,0.23,0.13,0.36,0.23,0.36,4.8,4.8,6.8,11.6,0.16,0.22,0.38,0.16,0.38
Angelo Ogbonna,it ITA,DF,West Ham,33,1988,11,11,921,10.2,1,0,1,0,0,1,0,0.1,0,0.1,0.1,0.1,0.3,0.3,0,0.3,0.03,0,0.03,0.03,0.03
Michael Olise,fr FRA,FWMF,Crystal Palace,19,2001,26,12,1141,12.7,2,5,2,0,0,4,0,0.16,0.39,0.55,0.16,0.55,1.4,1.4,3.3,4.7,0.11,0.26,0.37,0.11,0.37
Robin Olsen,se SWE,GK,Aston Villa,31,1990,1,1,90,1,0,0,0,0,0,0,0,0,0,0,0,0,0,0,0,0,0,0,0,0,0
Andrew Omobamidele,ie IRL,DF,Norwich City,19,2002,5,4,382,4.2,1,0,1,0,0,1,0,0.24,0,0.24,0.24,0.24,0.4,0.4,0,0.4,0.09,0,0.09,0.09,0.09
Tyler Onyango,eng ENG,MFFW,Everton,18,2003,3,0,28,0.3,0,0,0,0,0,0,0,0,0,0,0,0,0,0,0,0,0.1,0,0.1,0.1,0.1
Frank Onyeka,ng NGA,MF,Brentford,23,1998,20,12,1045,11.6,0,0,0,0,0,4,0,0,0,0,0,0,1.1,1.1,0.2,1.3,0.1,0.02,0.11,0.1,0.11
Divock Origi,be BEL,FW,Liverpool,26,1995,7,0,133,1.5,3,0,3,0,0,0,0,2.03,0,2.03,2.03,2.03,1.6,1.6,0,1.6,1.08,0,1.08,1.08,1.08
Alex Oxlade-Chamberlain,eng ENG,MFFW,Liverpool,27,1993,17,9,785,8.7,2,1,2,0,0,0,0,0.23,0.11,0.34,0.23,0.34,1.2,1.2,0.9,2.1,0.14,0.11,0.25,0.14,0.25
Cole Palmer,eng ENG,FWMF,Manchester City,19,2002,4,1,123,1.4,0,0,0,0,0,0,0,0,0,0,0,0,0.3,0.3,0.2,0.5,0.23,0.17,0.39,0.23,0.39
Emerson Palmieri,it ITA,DF,Chelsea,26,1994,1,0,5,0.1,0,0,0,0,0,0,0,0,0,0,0,0,0,0,0,0,0,0,0,0,0
Thomas Partey,gh GHA,MF,Arsenal,28,1993,24,23,2028,22.5,2,1,2,0,0,6,0,0.09,0.04,0.13,0.09,0.13,2.5,2.5,1.3,3.8,0.11,0.06,0.17,0.11,0.17
Nicolas Pépé,ci CIV,FWMF,Arsenal,26,1995,20,5,696,7.7,1,2,1,0,0,0,0,0.13,0.26,0.39,0.13,0.39,2.9,2.9,1.7,4.6,0.38,0.22,0.6,0.38,0.6
Ricardo Pereira,pt POR,DF,Leicester City,27,1993,14,13,991,11,1,3,1,0,0,3,0,0.09,0.27,0.36,0.09,0.36,0.7,0.7,1.3,2,0.06,0.12,0.18,0.06,0.18
Ayoze Pérez,es ESP,MFFW,Leicester City,28,1993,14,6,445,4.9,2,3,2,0,0,0,1,0.4,0.61,1.01,0.4,1.01,1.5,1.5,0.9,2.4,0.31,0.18,0.49,0.31,0.49
Sonny Perkins,eng ENG,FW,West Ham,17,2004,1,0,4,0,0,0,0,0,0,0,0,0,0,0,0,0,0,0,0,0,0,0,0,0,0
Romain Perraud,fr FRA,DF,Southampton,23,1997,20,18,1623,18,0,1,0,0,0,3,0,0,0.06,0.06,0,0.06,0.9,0.9,0.6,1.5,0.05,0.03,0.08,0.05,0.08
Kalvin Phillips,eng ENG,MF,Leeds United,25,1995,20,18,1596,17.7,0,1,0,0,0,4,0,0,0.06,0.06,0,0.06,0.6,0.6,0.2,0.9,0.04,0.01,0.05,0.04,0.05
Jaden Philogene Bidace,eng ENG,FW,Aston Villa,19,2002,1,0,5,0.1,0,0,0,0,0,0,0,0,0,0,0,0,0,0,0,0,0,0,0,0,0
Jordan Pickford,eng ENG,GK,Everton,27,1994,35,35,3150,35,0,0,0,0,0,2,0,0,0,0,0,0,0,0,0.1,0.1,0,0,0,0,0
Erik Pieters,nl NED,DF,Burnley,32,1988,12,8,730,8.1,0,1,0,0,0,1,0,0,0.12,0.12,0,0.12,0.2,0.2,0.8,1,0.02,0.1,0.13,0.02,0.13
Ethan Pinnock,jm JAM,DF,Brentford,28,1993,32,32,2694,29.9,1,1,1,0,0,1,0,0.03,0.03,0.07,0.03,0.07,1.5,1.5,1.2,2.8,0.05,0.04,0.09,0.05,0.09
Przemysław Płacheta,pl POL,FWMF,Norwich City,23,1998,12,6,504,5.6,0,0,0,0,0,1,0,0,0,0,0,0,0.5,0.5,0.7,1.3,0.1,0.13,0.23,0.1,0.23
Daniel Podence,pt POR,FWMF,Wolves,25,1995,26,15,1484,16.5,2,3,2,0,0,2,0,0.12,0.18,0.3,0.12,0.3,1.9,1.9,3.8,5.8,0.12,0.23,0.35,0.12,0.35
Paul Pogba,fr FRA,MFFW,Manchester Utd,28,1993,20,16,1349,15,1,9,1,0,0,7,1,0.07,0.6,0.67,0.07,0.67,2.4,2.4,3.5,6,0.16,0.24,0.4,0.16,0.4
Nick Pope,eng ENG,GK,Burnley,29,1992,36,36,3240,36,0,0,0,0,0,1,0,0,0,0,0,0,0,0,0.2,0.2,0,0.01,0.01,0,0.01
Isaac Price,nir NIR,MF,Everton,17,2003,1,0,14,0.2,0,0,0,0,0,0,0,0,0,0,0,0,0.2,0.2,0,0.2,1.03,0,1.03,1.03,1.03
Teemu Pukki,fi FIN,FW,Norwich City,31,1990,37,37,3253,36.1,11,3,8,3,3,4,0,0.3,0.08,0.39,0.22,0.3,11.5,9.2,2.8,12,0.32,0.08,0.39,0.25,0.33
Christian Pulisic,us USA,MFFW,Chelsea,22,1998,22,13,1290,14.3,6,2,6,0,0,2,0,0.42,0.14,0.56,0.42,0.56,5.1,5.1,1.2,6.3,0.35,0.08,0.44,0.35,0.44
Jesuran Rak Sakyi,eng ENG,FWMF,Crystal Palace,18,2002,2,1,80,0.9,0,0,0,0,0,0,0,0,0,0,0,0,0,0,0,0,0,0,0,0,0
Aaron Ramsdale,eng ENG,GK,Arsenal,23,1998,34,34,3060,34,0,0,0,0,0,1,0,0,0,0,0,0,0,0,0,0,0,0,0,0,0
Jacob Ramsey,eng ENG,MF,Aston Villa,20,2001,34,29,2467,27.4,6,1,6,0,0,6,0,0.22,0.04,0.26,0.22,0.26,3.8,3.8,2,5.8,0.14,0.07,0.21,0.14,0.21
Raphinha,br BRA,FWMF,Leeds United,24,1996,35,34,2915,32.4,11,3,7,4,4,7,0,0.34,0.09,0.43,0.22,0.31,11.3,8.2,6.8,15,0.35,0.21,0.56,0.25,0.46
Marcus Rashford,eng ENG,FWMF,Manchester Utd,23,1997,25,13,1235,13.7,4,2,4,0,0,2,0,0.29,0.15,0.44,0.29,0.44,2.4,2.4,2,4.4,0.18,0.14,0.32,0.18,0.32
Milot Rashica,xk KVX,FWMF,Norwich City,25,1996,31,25,2229,24.8,1,2,1,0,0,0,0,0.04,0.08,0.12,0.04,0.12,2.6,2.6,2.6,5.2,0.1,0.11,0.21,0.1,0.21
David Raya,es ESP,GK,Brentford,25,1995,24,24,2160,24,0,0,0,0,0,1,0,0,0,0,0,0,0,0,0,0,0,0,0,0,0
Nathan Redmond,eng ENG,MFFW,Southampton,27,1994,27,20,1833,20.4,1,5,1,0,0,0,0,0.05,0.25,0.29,0.05,0.29,1.9,1.9,4.3,6.3,0.09,0.21,0.31,0.09,0.31
Sergio Reguilón,es ESP,DF,Tottenham,24,1996,25,22,1916,21.3,2,3,2,0,0,4,0,0.09,0.14,0.23,0.09,0.23,3,3,4,7,0.14,0.19,0.33,0.14,0.33
Declan Rice,eng ENG,MF,West Ham,22,1999,36,35,3179,35.3,1,4,1,0,0,8,0,0.03,0.11,0.14,0.03,0.14,1.1,1.1,2,3.1,0.03,0.06,0.09,0.03,0.09
Taylor Richards,eng ENG,MFFW,Brighton,20,2000,2,0,25,0.3,0,0,0,0,0,0,0,0,0,0,0,0,0,0,0,0,0.14,0,0.14,0.14,0.14
Richarlison,br BRA,FWMF,Everton,24,1997,30,28,2523,28,10,5,7,3,3,9,0,0.36,0.18,0.54,0.25,0.43,10.2,7.9,2.4,10.3,0.36,0.09,0.45,0.28,0.37
Jaïro Riedewald,nl NED,MF,Crystal Palace,24,1996,3,1,118,1.3,0,0,0,0,0,0,0,0,0,0,0,0,0,0,0.1,0.1,0,0.06,0.06,0,0.06
Matt Ritchie,sct SCO,DF,Newcastle Utd,31,1989,18,14,1337,14.9,0,2,0,0,0,5,0,0,0.13,0.13,0,0.13,0.4,0.4,1.6,2.1,0.03,0.11,0.14,0.03,0.14
Connor Roberts,wls WAL,DF,Burnley,25,1995,21,19,1692,18.8,1,1,1,0,0,2,0,0.05,0.05,0.11,0.05,0.11,0.2,0.2,1.1,1.3,0.01,0.06,0.07,0.01,0.07
Tyler Roberts,wls WAL,MFFW,Leeds United,22,1999,23,7,987,11,1,1,1,0,0,5,0,0.09,0.09,0.18,0.09,0.18,2.4,2.4,1.3,3.7,0.22,0.11,0.34,0.22,0.34
Andrew Robertson,sct SCO,DF,Liverpool,27,1994,29,29,2537,28.2,3,10,3,0,0,5,1,0.11,0.35,0.46,0.11,0.46,1.9,1.9,5.2,7.1,0.07,0.19,0.25,0.07,0.25
Joe Rodon,wls WAL,DF,Tottenham,23,1997,3,0,89,1,0,0,0,0,0,0,0,0,0,0,0,0,0,0,0,0,0,0,0,0,0
Rodri,es ESP,MF,Manchester City,25,1996,33,33,2884,32,7,2,7,0,0,5,0,0.22,0.06,0.28,0.22,0.28,2.6,2.6,1.4,4,0.08,0.04,0.12,0.08,0.12
Rodrigo,es ESP,MFFW,Leeds United,30,1991,31,27,2265,25.2,6,1,5,1,1,9,0,0.24,0.04,0.28,0.2,0.24,4.9,4.1,4.6,8.8,0.19,0.18,0.38,0.16,0.35
Jay Rodriguez,eng ENG,FW,Burnley,32,1989,29,13,1382,15.4,2,2,2,0,0,3,0,0.13,0.13,0.26,0.13,0.26,4.7,4.7,1.9,6.6,0.3,0.12,0.43,0.3,0.43
Mads Roerslev,dk DEN,DF,Brentford,22,1999,21,12,1240,13.8,1,1,1,0,0,1,0,0.07,0.07,0.15,0.07,0.15,0.3,0.3,0.8,1.1,0.02,0.06,0.08,0.02,0.08
Cristian Romero,ar ARG,DF,Tottenham,23,1998,22,21,1844,20.5,1,0,1,0,0,8,0,0.05,0,0.05,0.05,0.05,0.7,0.7,0.5,1.1,0.03,0.02,0.05,0.03,0.05
Oriol Romeu,es ESP,MF,Southampton,29,1991,36,34,2889,32.1,2,2,2,0,0,9,0,0.06,0.06,0.12,0.06,0.12,1.3,1.3,2.8,4.1,0.04,0.09,0.13,0.04,0.13
Cristiano Ronaldo,pt POR,FW,Manchester Utd,36,1985,30,27,2456,27.3,18,3,15,3,3,8,0,0.66,0.11,0.77,0.55,0.66,16.5,14.2,3.1,17.3,0.61,0.11,0.72,0.52,0.64
Salomón Rondón,ve VEN,FW,Everton,31,1989,20,8,790,8.8,1,1,1,0,0,3,1,0.11,0.11,0.23,0.11,0.23,2.2,2.2,0.7,2.9,0.25,0.09,0.33,0.25,0.33
Danny Rose,eng ENG,DF,Watford,31,1990,8,7,689,7.7,0,0,0,0,0,4,0,0,0,0,0,0,0.2,0.2,0.8,0.9,0.02,0.1,0.12,0.02,0.12
Jon Rowe,eng ENG,FWMF,Norwich City,18,2003,13,0,223,2.5,0,1,0,0,0,0,0,0,0.4,0.4,0,0.4,0.4,0.4,0.3,0.7,0.16,0.14,0.3,0.16,0.3
John Ruddy,eng ENG,GK,Wolves,34,1986,2,1,135,1.5,0,0,0,0,0,0,0,0,0,0,0,0,0,0,0,0,0,0,0,0,0
Antonio Rüdiger,de GER,DF,Chelsea,28,1993,34,34,3035,33.7,3,0,3,0,0,9,0,0.09,0,0.09,0.09,0.09,2.8,2.8,1.1,3.9,0.08,0.03,0.12,0.08,0.12
Lukas Rupp,de GER,MF,Norwich City,30,1991,19,7,769,8.5,0,0,0,0,0,0,0,0,0,0,0,0,0.7,0.7,1.2,1.9,0.08,0.14,0.22,0.08,0.22
José Sá,pt POR,GK,Wolves,28,1993,37,37,3285,36.5,0,1,0,0,0,3,0,0,0.03,0.03,0,0.03,0,0,1,1,0,0.03,0.03,0,0.03
Allan Saint-Maximin,fr FRA,FWMF,Newcastle Utd,24,1997,35,31,2804,31.2,5,5,5,0,0,6,0,0.16,0.16,0.32,0.16,0.32,5.1,5.1,5.8,10.9,0.16,0.19,0.35,0.16,0.35
Romain Saïss,ma MAR,DF,Wolves,31,1990,31,31,2705,30.1,2,0,2,0,0,6,0,0.07,0,0.07,0.07,0.07,2.7,2.7,0.4,3.1,0.09,0.01,0.1,0.09,0.1
Bukayo Saka,eng ENG,FWMF,Arsenal,19,2001,38,36,2978,33.1,11,7,9,2,2,6,0,0.33,0.21,0.54,0.27,0.48,9.7,8.2,6.9,15.1,0.29,0.21,0.5,0.25,0.46
Mohamed Salah,eg EGY,FW,Liverpool,29,1992,35,30,2762,30.7,23,13,18,5,6,1,0,0.75,0.42,1.17,0.59,1.01,21.8,17.1,10.1,27.2,0.71,0.33,1.04,0.56,0.89
Mohammed Salisu,gh GHA,DF,Southampton,22,1999,34,33,2972,33,0,0,0,0,0,10,1,0,0,0,0,0,1.8,1.8,0.5,2.3,0.06,0.02,0.07,0.06,0.07
Albert Sambi Lokonga,be BEL,MF,Arsenal,21,1999,19,12,1134,12.6,0,0,0,0,0,5,0,0,0,0,0,0,0.6,0.6,0.8,1.4,0.05,0.06,0.11,0.05,0.11
Davinson Sánchez,co COL,DF,Tottenham,25,1996,23,17,1631,18.1,2,0,2,0,0,4,0,0.11,0,0.11,0.11,0.11,2.1,2.1,0.4,2.5,0.11,0.02,0.14,0.11,0.14
Robert Sánchez,es ESP,GK,Brighton,23,1997,37,37,3329,37,0,0,0,0,0,3,1,0,0,0,0,0,0,0,0.4,0.4,0,0.01,0.01,0,0.01
Jadon Sancho,eng ENG,FWMF,Manchester Utd,21,2000,29,20,1900,21.1,3,3,3,0,0,0,0,0.14,0.14,0.28,0.14,0.28,3.3,3.3,4.2,7.5,0.16,0.2,0.36,0.16,0.36
Morgan Sanson,fr FRA,MF,Aston Villa,26,1994,10,3,356,4,0,0,0,0,0,0,0,0,0,0,0,0,0,0,0,0,0,0,0.01,0,0.01
Samir Santos,br BRA,DF,Watford,26,1994,19,19,1673,18.6,0,0,0,0,0,4,0,0,0,0,0,0,0.3,0.3,0.1,0.5,0.02,0.01,0.02,0.02,0.02
Josh Sargent,us USA,FWMF,Norwich City,21,2000,26,18,1572,17.5,2,1,2,0,0,1,0,0.11,0.06,0.17,0.11,0.17,2.8,2.8,0.7,3.5,0.16,0.04,0.2,0.16,0.2
Jeremy Sarmiento,ec ECU,FWMF,Brighton,19,2002,5,1,48,0.5,0,0,0,0,0,0,0,0,0,0,0,0,0,0,0,0,0,0,0,0,0
Ismaila Sarr,sn SEN,FWMF,Watford,23,1998,22,21,1861,20.7,5,2,5,0,1,2,0,0.24,0.1,0.34,0.24,0.34,4.3,3.5,2.6,6.1,0.21,0.12,0.33,0.17,0.29
Malang Sarr,fr FRA,DF,Chelsea,22,1999,8,6,546,6.1,0,0,0,0,0,2,0,0,0,0,0,0,0,0,0.4,0.4,0.01,0.06,0.07,0.01,0.07
Dane Scarlett,eng ENG,MF,Tottenham,17,2004,1,0,4,0,0,0,0,0,0,0,0,0,0,0,0,0,0,0,0,0,0,0,0,0,0
Fabian Schär,ch SUI,DF,Newcastle Utd,29,1991,25,25,2158,24,2,2,2,0,0,4,0,0.08,0.08,0.17,0.08,0.17,1.3,1.3,0.6,2,0.06,0.03,0.08,0.06,0.08
Jeffrey Schlupp,gh GHA,MFFW,Crystal Palace,28,1992,32,20,1851,20.6,4,1,4,0,0,1,0,0.19,0.05,0.24,0.19,0.24,3.2,3.2,1.7,4.8,0.15,0.08,0.23,0.15,0.23
Kasper Schmeichel,dk DEN,GK,Leicester City,34,1986,37,37,3330,37,0,0,0,0,0,2,0,0,0,0,0,0,0,0,0,0,0,0,0,0,0
Ken Sema,se SWE,MFFW,Watford,27,1993,18,7,852,9.5,0,0,0,0,0,1,0,0,0,0,0,0,0.2,0.2,1,1.2,0.02,0.1,0.12,0.02,0.12
Nélson Semedo,pt POR,DF,Wolves,27,1993,25,25,2131,23.7,0,1,0,0,0,1,0,0,0.04,0.04,0,0.04,1.4,1.4,1.2,2.6,0.06,0.05,0.11,0.06,0.11
Ryan Sessegnon,eng ENG,DF,Tottenham,21,2000,15,13,1047,11.6,0,2,0,0,0,2,0,0,0.17,0.17,0,0.17,0.4,0.4,2.9,3.3,0.03,0.25,0.28,0.03,0.28
Jamie Shackleton,eng ENG,DFMF,Leeds United,21,1999,14,7,709,7.9,0,0,0,0,0,4,0,0,0,0,0,0,0.2,0.2,0,0.2,0.02,0.01,0.03,0.02,0.03
Luke Shaw,eng ENG,DF,Manchester Utd,26,1995,20,19,1601,17.8,0,3,0,0,0,8,0,0,0.17,0.17,0,0.17,0.2,0.2,3.2,3.4,0.01,0.18,0.19,0.01,0.19
Jonjo Shelvey,eng ENG,MF,Newcastle Utd,29,1992,24,22,1983,22,2,1,2,0,0,7,1,0.09,0.05,0.14,0.09,0.14,0.9,0.9,0.8,1.7,0.04,0.04,0.08,0.04,0.08
Shola Shoretire,eng ENG,FW,Manchester Utd,17,2004,1,0,16,0.2,0,0,0,0,0,0,0,0,0,0,0,0,0,0,0,0,0,0,0,0,0
Francisco Sierralta,cl CHI,DF,Watford,24,1997,5,5,427,4.7,0,0,0,0,0,0,0,0,0,0,0,0,0,0,0,0,0.01,0,0.01,0.01,0.01
Bernardo Silva,pt POR,MFFW,Manchester City,26,1994,35,33,2857,31.7,8,4,8,0,0,6,0,0.25,0.13,0.38,0.25,0.38,6.6,6.6,5,11.7,0.21,0.16,0.37,0.21,0.37
Fábio Silva,pt POR,FW,Wolves,19,2002,22,6,572,6.4,0,0,0,0,0,0,0,0,0,0,0,0,2.3,2.3,0.2,2.4,0.36,0.02,0.38,0.36,0.38
Thiago Silva,br BRA,DF,Chelsea,36,1984,32,28,2650,29.4,3,0,3,0,0,2,0,0.1,0,0.1,0.1,0.1,0.9,0.9,0.2,1.1,0.03,0.01,0.04,0.03,0.04
Ellis Simms,eng ENG,FW,Everton,20,2001,1,1,61,0.7,0,0,0,0,0,0,0,0,0,0,0,0,0,0,0,0,0,0,0,0,0
Moussa Sissoko,fr FRA,MF,Watford,31,1989,36,36,3220,35.8,2,1,2,0,0,5,0,0.06,0.03,0.08,0.06,0.08,3.4,3.4,2.8,6.2,0.1,0.08,0.17,0.1,0.17
Oliver Skipp,eng ENG,MF,Tottenham,20,2000,18,14,1350,15,0,0,0,0,0,6,0,0,0,0,0,0,0.2,0.2,0.9,1.1,0.01,0.06,0.07,0.01,0.07
William Smallbone,ie IRL,MFFW,Southampton,21,2000,4,2,133,1.5,0,0,0,0,0,0,0,0,0,0,0,0,0.1,0.1,0.1,0.2,0.05,0.06,0.12,0.05,0.12
Emile Smith Rowe,eng ENG,MFFW,Arsenal,21,2000,33,21,1921,21.3,10,2,10,0,0,1,0,0.47,0.09,0.56,0.47,0.56,5.8,5.8,2.2,8,0.27,0.1,0.37,0.27,0.37
Cédric Soares,pt POR,DF,Arsenal,29,1991,21,16,1486,16.5,1,1,1,0,0,3,0,0.06,0.06,0.12,0.06,0.12,0.5,0.5,1.4,2,0.03,0.09,0.12,0.03,0.12
Jakob Sørensen,dk DEN,MFDF,Norwich City,23,1998,10,6,604,6.7,0,0,0,0,0,0,0,0,0,0,0,0,0.4,0.4,0,0.4,0.06,0,0.06,0.06,0.06
Tomáš Souček,cz CZE,MF,West Ham,26,1995,35,34,3062,34,5,1,5,0,0,3,0,0.15,0.03,0.18,0.15,0.18,4.8,4.4,1.5,5.9,0.14,0.05,0.19,0.13,0.17
Boubakary Soumaré,fr FRA,MF,Leicester City,22,1999,19,12,1102,12.2,0,1,0,0,0,0,0,0,0.08,0.08,0,0.08,0.4,0.4,0.4,0.8,0.03,0.03,0.06,0.03,0.06
Çağlar Söyüncü,tr TUR,DF,Leicester City,25,1996,28,28,2497,27.7,1,0,1,0,0,5,0,0.04,0,0.04,0.04,0.04,1.4,1.4,0.1,1.5,0.05,0,0.05,0.05,0.05
Tony Springett,eng ENG,FWMF,Norwich City,18,2002,3,1,141,1.6,0,0,0,0,0,1,0,0,0,0,0,0,0.3,0.3,0.4,0.6,0.17,0.22,0.4,0.17,0.4
Jason Steele,eng ENG,GK,Brighton,30,1990,1,1,90,1,0,0,0,0,0,0,0,0,0,0,0,0,0,0,0,0,0,0,0,0,0
Jed Steer,eng ENG,GK,Aston Villa,28,1992,1,1,90,1,0,0,0,0,0,0,0,0,0,0,0,0,0,0,0,0,0,0,0,0,0
Zack Steffen,us USA,GK,Manchester City,26,1995,1,1,90,1,0,0,0,0,0,0,0,0,0,0,0,0,0,0,0,0,0,0,0,0,0
Dale Stephens,eng ENG,MF,Burnley,32,1989,3,1,124,1.4,0,0,0,0,0,1,0,0,0,0,0,0,0,0,0,0.1,0.02,0.03,0.06,0.02,0.06
Jack Stephens,eng ENG,DF,Southampton,27,1994,11,9,811,9,0,0,0,0,0,3,0,0,0,0,0,0,0,0,0.3,0.3,0,0.03,0.03,0,0.03
Raheem Sterling,eng ENG,FW,Manchester City,26,1994,30,23,2128,23.6,13,5,11,2,3,1,0,0.55,0.21,0.76,0.47,0.68,14.3,11.8,4.6,16.4,0.6,0.19,0.8,0.5,0.69
Finley Stevens,wls WAL,DF,Brentford,18,2003,1,0,15,0.2,0,0,0,0,0,0,0,0,0,0,0,0,0,0,0,0,0,0.25,0.25,0,0.25
John Stones,eng ENG,DF,Manchester City,27,1994,14,12,1119,12.4,1,0,1,0,0,0,0,0.08,0,0.08,0.08,0.08,1,1,0.1,1.1,0.08,0.01,0.09,0.08,0.09
Pascal Struijk,nl NED,DF,Leeds United,21,1999,29,22,2055,22.8,1,0,1,0,0,6,1,0.04,0,0.04,0.04,0.04,1.3,1.3,0.3,1.6,0.06,0.01,0.07,0.06,0.07
Crysencio Summerville,nl NED,MFFW,Leeds United,19,2001,6,0,130,1.4,0,0,0,0,0,0,0,0,0,0,0,0,0.3,0.3,0.1,0.3,0.18,0.03,0.21,0.18,0.21
Japhet Tanganga,eng ENG,DF,Tottenham,22,1999,11,10,735,8.2,0,0,0,0,0,4,1,0,0,0,0,0,0.4,0.4,0.4,0.7,0.05,0.05,0.09,0.05,0.09
Matt Targett,eng ENG,DF,Aston Villa,25,1995,17,17,1431,15.9,1,1,1,0,0,2,0,0.06,0.06,0.13,0.06,0.13,0.5,0.5,2.2,2.7,0.03,0.14,0.17,0.03,0.17
Matt Targett,eng ENG,DF,Newcastle Utd,25,1995,16,16,1440,16,0,0,0,0,0,1,0,0,0,0,0,0,0.3,0.3,1.6,1.9,0.02,0.1,0.12,0.02,0.12
James Tarkowski,eng ENG,DF,Burnley,28,1992,35,35,3106,34.5,1,2,1,0,0,11,0,0.03,0.06,0.09,0.03,0.09,2,2,0.6,2.6,0.06,0.02,0.08,0.06,0.08
Nuno Tavares,pt POR,DF,Arsenal,21,2000,22,13,1176,13.1,1,1,1,0,0,2,0,0.08,0.08,0.15,0.08,0.15,1.5,1.5,1,2.5,0.11,0.08,0.19,0.11,0.19
Charlie Taylor,eng ENG,DF,Burnley,27,1993,31,30,2731,30.3,0,3,0,0,0,3,0,0,0.1,0.1,0,0.1,0.2,0.2,3.5,3.7,0.01,0.11,0.12,0.01,0.12
Nathan Tella,eng ENG,MFFW,Southampton,22,1999,14,10,804,8.9,0,1,0,0,0,2,0,0,0.11,0.11,0,0.11,0.5,0.5,0.7,1.3,0.06,0.08,0.14,0.06,0.14
Alex Telles,br BRA,DF,Manchester Utd,28,1992,21,18,1660,18.4,0,4,0,0,0,1,0,0,0.22,0.22,0,0.22,0.5,0.5,2,2.4,0.03,0.11,0.13,0.03,0.13
Luke Thomas,eng ENG,DF,Leicester City,20,2001,22,21,1912,21.2,0,1,0,0,0,2,0,0,0.05,0.05,0,0.05,0.2,0.2,1.6,1.8,0.01,0.07,0.08,0.01,0.08
Dominic Thompson,eng ENG,DF,Brentford,21,2000,2,2,146,1.6,0,0,0,0,0,0,0,0,0,0,0,0,0,0,0,0,0.01,0,0.01,0.01,0.01
Youri Tielemans,be BEL,MF,Leicester City,24,1997,32,29,2631,29.2,6,4,4,2,2,3,0,0.21,0.14,0.34,0.14,0.27,4.6,3.1,4.9,7.9,0.16,0.17,0.32,0.11,0.27
Kieran Tierney,sct SCO,DF,Arsenal,24,1997,22,22,1915,21.3,1,3,1,0,0,0,0,0.05,0.14,0.19,0.05,0.19,0.7,0.7,1.9,2.6,0.03,0.09,0.12,0.03,0.12
Takehiro Tomiyasu,jp JPN,DF,Arsenal,22,1998,21,20,1679,18.7,0,1,0,0,0,2,0,0,0.05,0.05,0,0.05,0.8,0.8,0.6,1.4,0.04,0.03,0.08,0.04,0.08
James Tomkins,eng ENG,DF,Crystal Palace,32,1989,8,6,547,6.1,1,0,1,0,0,2,0,0.16,0,0.16,0.16,0.16,0.6,0.6,0.4,0.9,0.09,0.06,0.15,0.09,0.15
Ivan Toney,eng ENG,FW,Brentford,25,1996,33,32,2909,32.3,12,5,7,5,5,8,0,0.37,0.15,0.53,0.22,0.37,12,8.2,5.8,14,0.37,0.18,0.55,0.25,0.43
Ferrán Torres,es ESP,FW,Manchester City,21,2000,4,4,303,3.4,2,1,2,0,0,0,0,0.59,0.3,0.89,0.59,0.89,2.5,2.5,0,2.5,0.74,0.01,0.75,0.74,0.75
Cenk Tosun,tr TUR,FW,Everton,30,1991,1,0,7,0.1,0,0,0,0,0,0,0,0,0,0,0,0,0,0,0,0,0,0,0,0,0
Andros Townsend,eng ENG,MF,Everton,30,1991,21,17,1455,16.2,3,2,2,1,1,3,0,0.19,0.12,0.31,0.12,0.25,2.3,1.5,2.4,3.9,0.14,0.15,0.29,0.09,0.24
Adama Traoré,es ESP,FW,Wolves,25,1996,20,10,1067,11.9,1,0,1,0,0,0,0,0.08,0,0.08,0.08,0.08,2.4,2.4,1.7,4.1,0.2,0.15,0.35,0.2,0.35
Bertrand Traoré,bf BFA,MFFW,Aston Villa,25,1995,9,1,220,2.4,0,0,0,0,0,0,0,0,0,0,0,0,0.3,0.3,0,0.3,0.14,0,0.14,0.14,0.14
Trézéguet,eg EGY,FW,Aston Villa,26,1994,1,0,11,0.1,0,0,0,0,0,0,0,0,0,0,0,0,0.1,0.1,0,0.1,0.51,0,0.51,0.51,0.51
Francisco Trincão,pt POR,FWMF,Wolves,21,1999,28,16,1336,14.8,2,1,2,0,0,0,0,0.13,0.07,0.2,0.13,0.2,3.4,3.4,1.2,4.6,0.23,0.08,0.31,0.23,0.31
Kieran Trippier,eng ENG,DF,Newcastle Utd,30,1990,6,5,429,4.8,2,0,2,0,0,0,0,0.42,0,0.42,0.42,0.42,0.1,0.1,0.4,0.6,0.03,0.09,0.12,0.03,0.12
William Troost-Ekong,ng NGA,DF,Watford,27,1993,17,15,1390,15.4,0,0,0,0,0,3,0,0,0,0,0,0,0.1,0.1,0.1,0.2,0.01,0.01,0.01,0.01,0.01
Leandro Trossard,be BEL,FWMF,Brighton,26,1994,34,32,2805,31.2,8,3,7,1,1,2,0,0.26,0.1,0.35,0.22,0.32,6.7,6,4.1,10,0.22,0.13,0.35,0.19,0.32
Kostas Tsimikas,gr GRE,DF,Liverpool,25,1996,13,9,877,9.7,0,2,0,0,0,3,0,0,0.21,0.21,0,0.21,0.5,0.5,2.6,3.1,0.05,0.26,0.32,0.05,0.32
Axel Tuanzebe,eng ENG,DF,Aston Villa,23,1997,9,6,508,5.6,0,0,0,0,0,1,0,0,0,0,0,0,0.2,0.2,0,0.2,0.03,0,0.03,0.03,0.03
Ozan Tufan,tr TUR,MF,Watford,26,1995,7,4,334,3.7,0,0,0,0,0,0,0,0,0,0,0,0,0.5,0.5,0.2,0.8,0.14,0.07,0.2,0.14,0.2
Christos Tzolis,gr GRE,FWMF,Norwich City,19,2002,14,3,336,3.7,0,0,0,0,0,0,0,0,0,0,0,0,0.5,0.5,1,1.4,0.13,0.26,0.39,0.13,0.39
Yan Valery,fr FRA,DF,Southampton,22,1999,5,3,370,4.1,0,0,0,0,0,0,0,0,0,0,0,0,0,0,0.1,0.1,0.01,0.02,0.03,0.01,0.03
Virgil van Dijk,nl NED,DF,Liverpool,30,1991,34,34,3060,34,3,1,3,0,0,3,0,0.09,0.03,0.12,0.09,0.12,2.5,2.5,0.4,2.9,0.07,0.01,0.08,0.07,0.08
Raphaël Varane,fr FRA,DF,Manchester Utd,28,1993,22,20,1831,20.3,1,1,1,0,0,0,0,0.05,0.05,0.1,0.05,0.1,0.8,0.8,0.2,1,0.04,0.01,0.05,0.04,0.05
Jamie Vardy,eng ENG,FW,Leicester City,34,1987,25,20,1806,20.1,15,2,15,0,0,2,0,0.75,0.1,0.85,0.75,0.85,9.5,9.5,1.6,11.1,0.47,0.08,0.55,0.47,0.55
Joël Veltman,nl NED,DF,Brighton,29,1992,34,33,2874,31.9,1,1,1,0,0,6,0,0.03,0.03,0.06,0.03,0.06,0.9,0.9,1.1,2,0.03,0.03,0.06,0.03,0.06
Jannik Vestergaard,dk DEN,DF,Leicester City,28,1992,10,6,567,6.3,0,0,0,0,0,2,0,0,0,0,0,0,0.1,0.1,0,0.1,0.01,0.01,0.01,0.01,0.01
Nikola Vlašić,hr CRO,FWMF,West Ham,23,1997,19,6,560,6.2,1,0,1,0,0,0,0,0.16,0,0.16,0.16,0.16,1,1,0.4,1.4,0.16,0.07,0.23,0.16,0.23
Matěj Vydra,cz CZE,FW,Burnley,29,1992,22,5,679,7.5,2,3,2,0,0,1,0,0.27,0.4,0.66,0.27,0.66,3,3,0.6,3.6,0.4,0.08,0.48,0.4,0.48
Theo Walcott,eng ENG,MFFW,Southampton,32,1989,9,5,379,4.2,0,0,0,0,0,0,0,0,0,0,0,0,0.7,0.7,0,0.7,0.17,0.01,0.18,0.17,0.18
Kyle Walker,eng ENG,DF,Manchester City,31,1990,20,20,1755,19.5,0,2,0,0,0,1,0,0,0.1,0.1,0,0.1,0.3,0.3,1.1,1.4,0.01,0.06,0.07,0.01,0.07
Kyle Walker-Peters,eng ENG,DF,Southampton,24,1997,32,29,2633,29.3,1,2,1,0,0,5,0,0.03,0.07,0.1,0.03,0.1,1,1,2.9,3.8,0.03,0.1,0.13,0.03,0.13
Aaron Wan-Bissaka,eng ENG,DF,Manchester Utd,23,1997,20,20,1793,19.9,0,0,0,0,0,2,0,0,0,0,0,0,0.2,0.2,0.9,1.1,0.01,0.05,0.06,0.01,0.06
Danny Ward,wls WAL,GK,Leicester City,28,1993,1,1,90,1,0,0,0,0,0,0,0,0,0,0,0,0,0,0,0,0,0,0,0,0,0
Joel Ward,eng ENG,DF,Crystal Palace,31,1989,28,27,2487,27.6,0,0,0,0,0,8,0,0,0,0,0,0,0.4,0.4,0.6,1,0.01,0.02,0.03,0.01,0.03
James Ward-Prowse,eng ENG,MF,Southampton,26,1994,36,36,3215,35.7,10,5,6,4,4,3,1,0.28,0.14,0.42,0.17,0.31,5.4,2.3,6.2,8.5,0.15,0.17,0.32,0.07,0.24
Ollie Watkins,eng ENG,FW,Aston Villa,25,1995,35,33,2952,32.8,11,2,10,1,1,7,0,0.34,0.06,0.4,0.3,0.37,12.2,11.4,2.9,14.3,0.37,0.09,0.46,0.35,0.44
Adam Webster,eng ENG,DF,Brighton,26,1995,22,16,1434,15.9,2,0,2,0,0,5,0,0.13,0,0.13,0.13,0.13,1.1,1.1,0.1,1.2,0.07,0,0.07,0.07,0.07
Wout Weghorst,nl NED,FW,Burnley,28,1992,20,17,1450,16.1,2,3,2,0,0,3,0,0.12,0.19,0.31,0.12,0.31,4.2,4.2,1.4,5.7,0.26,0.09,0.35,0.26,0.35
Danny Welbeck,eng ENG,FW,Brighton,30,1990,25,15,1478,16.4,6,2,6,0,0,0,0,0.37,0.12,0.49,0.37,0.49,6.1,6.1,1,7.1,0.37,0.06,0.43,0.37,0.43
Timo Werner,de GER,FWMF,Chelsea,25,1996,21,15,1283,14.3,4,1,4,0,0,1,0,0.28,0.07,0.35,0.28,0.35,7.6,7.6,0.4,8,0.53,0.03,0.56,0.53,0.56
Ashley Westwood,eng ENG,MF,Burnley,31,1990,27,26,2287,25.4,0,3,0,0,0,7,0,0,0.12,0.12,0,0.12,0.8,0.8,3.6,4.3,0.03,0.14,0.17,0.03,0.17
Ben White,eng ENG,DF,Arsenal,23,1997,32,32,2880,32,0,0,0,0,0,3,0,0,0,0,0,0,1,1,0.6,1.6,0.03,0.02,0.05,0.03,0.05
Brandon Williams,eng ENG,DF,Norwich City,20,2000,26,23,2120,23.6,0,1,0,0,0,8,0,0,0.04,0.04,0,0.04,0.2,0.2,1.3,1.5,0.01,0.05,0.06,0.01,0.06
Neco Williams,wls WAL,DF,Liverpool,20,2001,1,0,8,0.1,0,1,0,0,0,0,0,0,11.25,11.25,0,11.25,0,0,0.6,0.6,0,6.5,6.5,0,6.5
Joe Willock,eng ENG,MF,Newcastle Utd,21,1999,29,24,2038,22.6,2,0,2,0,0,0,0,0.09,0,0.09,0.09,0.09,3.6,3.6,1.2,4.8,0.16,0.05,0.21,0.16,0.21
Callum Wilson,eng ENG,FW,Newcastle Utd,29,1992,18,16,1386,15.4,8,0,6,2,2,4,0,0.52,0,0.52,0.39,0.39,6.5,5,0.6,5.5,0.42,0.04,0.46,0.32,0.36
Harry Winks,eng ENG,MF,Tottenham,25,1996,19,9,912,10.1,0,1,0,0,0,2,0,0,0.1,0.1,0,0.1,0.1,0.1,1.5,1.6,0.01,0.15,0.16,0.01,0.16
Yoane Wissa,cd COD,FWMF,Brentford,24,1996,30,12,1284,14.3,7,1,7,0,0,0,0,0.49,0.07,0.56,0.49,0.56,3.7,3.7,0.7,4.4,0.26,0.05,0.31,0.26,0.31
Chris Wood,nz NZL,FW,Newcastle Utd,29,1991,17,15,1327,14.7,2,0,1,1,1,0,0,0.14,0,0.14,0.07,0.07,2.9,2.1,1,3.1,0.19,0.07,0.26,0.14,0.21
Chris Wood,nz NZL,FW,Burnley,29,1991,17,17,1367,15.2,3,0,3,0,0,1,0,0.2,0,0.2,0.2,0.2,4.5,4.5,0.2,4.7,0.3,0.02,0.31,0.3,0.31
Freddie Woodman,eng ENG,GK,Newcastle Utd,24,1997,4,4,360,4,0,0,0,0,0,0,0,0,0,0,0,0,0,0,0,0,0,0,0,0,0
Granit Xhaka,ch SUI,MFDF,Arsenal,28,1992,27,27,2327,25.9,1,2,1,0,0,10,1,0.04,0.08,0.12,0.04,0.12,1.2,1.2,2.3,3.5,0.05,0.09,0.14,0.05,0.14
Andriy Yarmolenko,ua UKR,FW,West Ham,31,1989,19,1,316,3.5,1,0,1,0,0,1,0,0.28,0,0.28,0.28,0.28,0.8,0.8,0.2,1,0.24,0.05,0.29,0.24,0.29
Ashley Young,eng ENG,DFFW,Aston Villa,36,1985,24,10,1250,13.9,0,2,0,0,0,2,0,0,0.14,0.14,0,0.14,0.4,0.4,0.7,1.1,0.03,0.05,0.08,0.03,0.08
Nathan Young-Coombes,eng ENG,FW,Brentford,18,2003,1,0,4,0,0,0,0,0,0,0,0,0,0,0,0,0,0,0,0,0,0,0,0,0,0
Wilfried Zaha,ci CIV,FW,Crystal Palace,28,1992,33,31,2760,30.7,14,1,9,5,7,6,1,0.46,0.03,0.49,0.29,0.33,9.4,4,4.8,8.8,0.31,0.16,0.46,0.13,0.29
Christoph Zimmermann,de GER,DF,Norwich City,28,1993,3,2,157,1.7,0,0,0,0,0,0,0,0,0,0,0,0,0.1,0.1,0,0.1,0.04,0,0.04,0.04,0.04
Oleksandr Zinchenko,ua UKR,DF,Manchester City,24,1996,15,10,1047,11.6,0,4,0,0,0,0,0,0,0.34,0.34,0,0.34,0.4,0.4,2,2.5,0.04,0.18,0.21,0.04,0.21
Hakim Ziyech,ma MAR,FWMF,Chelsea,28,1993,23,14,1319,14.7,4,3,4,0,0,3,0,0.27,0.2,0.48,0.27,0.48,3.4,3.4,3.5,6.9,0.23,0.24,0.47,0.23,0.47
Kurt Zouma,fr FRA,DF,West Ham,26,1994,24,24,2078,23.1,1,0,1,0,0,1,0,0.04,0,0.04,0.04,0.04,0.9,0.9,0,0.9,0.04,0,0.04,0.04,0.04
