Player,Nation,Pos,Squad,Age,Born,90s,CrdY,CrdR,2CrdY,Fls,Fld,Off,Crs,Int,TklW,PKwon,PKcon,OG,Recov,Won,Lost,Won%
Patrick van Aanholt,nl NED,DF,Crystal Palace,29,1990,19.7,2,0,0,13,3,3,34,34,19,0,0,0,179,10,11,47.6
Tammy Abraham,eng ENG,FW,Chelsea,22,1997,11.6,0,0,0,26,19,5,4,2,4,1,0,0,47,39,28,58.2
Che Adams,sct SCO,FW,Southampton,24,1996,29.6,1,0,0,32,68,19,13,11,17,0,0,0,119,47,141,25
Tosin Adarabioyo,eng ENG,DF,Fulham,22,1997,32.8,1,0,0,19,6,2,3,55,26,0,1,1,278,100,39,71.9
Adrián,es ESP,GK,Liverpool,33,1987,3,0,0,0,0,1,0,0,0,0,0,0,0,20,0,0,
Sergio Agüero,ar ARG,FWMF,Manchester City,32,1988,6.2,0,0,0,2,9,1,2,4,0,0,0,0,18,2,6,25
Ola Aina,ng NGA,DF,Fulham,23,1996,29.6,3,0,0,34,28,2,42,53,25,0,0,0,250,33,43,43.4
Rayan Aït Nouri,fr FRA,DF,Wolves,19,2001,15.6,1,0,0,17,22,1,30,15,16,0,1,0,118,14,21,40
Semi Ajayi,ng NGA,DF,West Brom,26,1993,30.9,3,1,0,31,8,1,6,41,42,0,2,0,263,85,46,64.9
Nathan Aké,nl NED,DF,Manchester City,25,1995,8.9,4,0,0,8,6,0,0,6,6,0,1,0,80,30,17,63.8
Marc Albrighton,eng ENG,DFFW,Leicester City,30,1989,19.4,2,0,0,17,24,4,73,28,31,0,0,0,188,15,32,31.9
Thiago Alcántara,es ESP,MF,Liverpool,29,1991,20.6,4,0,0,52,41,0,4,42,43,0,1,0,236,34,23,59.6
Toby Alderweireld,be BEL,DF,Tottenham,31,1989,24.9,2,0,0,22,4,0,1,15,19,0,1,1,200,54,39,58.1
Rúnar Alex Rúnarsson,is ISL,GK,Arsenal,25,1995,0.2,0,0,0,0,0,0,0,0,0,0,0,0,2,0,0,
Trent Alexander-Arnold,eng ENG,DF,Liverpool,21,1998,33.7,2,0,0,23,13,5,182,49,36,0,1,0,336,8,28,22.2
Ezgjan Alioski,mk MKD,DF,Leeds United,28,1992,27.3,7,0,0,48,46,6,59,36,42,0,2,0,248,43,43,50
Alisson,br BRA,GK,Liverpool,27,1992,33,1,0,0,1,6,0,0,0,0,0,1,0,170,0,1,0
Allan,br BRA,MF,Everton,29,1991,22.8,6,0,0,52,38,0,3,23,54,0,0,0,221,6,13,31.6
Dele Alli,eng ENG,MF,Tottenham,24,1996,6.9,0,0,0,14,14,1,7,10,15,0,0,0,66,10,13,43.5
Miguel Almirón,py PAR,MFFW,Newcastle Utd,26,1994,27,3,0,0,24,45,6,29,27,29,0,0,0,189,8,20,28.6
Marcos Alonso,es ESP,DF,Chelsea,29,1990,10.7,2,0,0,14,13,2,13,11,8,0,0,0,86,27,19,58.7
Steven Alzate,co COL,MFDF,Brighton,21,1998,10,2,0,0,25,10,1,2,7,15,0,0,0,68,6,14,30
Daniel Amartey,gh GHA,DF,Leicester City,25,1994,8,3,0,0,3,1,0,0,12,6,0,0,0,94,21,15,58.3
Ethan Ampadu,wls WAL,DFMF,Sheffield Utd,19,2000,23.2,3,0,0,41,27,1,11,39,36,0,1,1,220,66,30,68.8
Joachim Andersen,dk DEN,DF,Fulham,24,1996,30.3,7,1,0,45,15,1,4,51,26,0,1,0,335,118,40,74.7
Elliot Anderson,sct SCO,MF,Newcastle Utd,17,2002,0,0,0,0,0,0,0,0,0,0,0,0,0,0,0,0,
Felipe Anderson,br BRA,FWMF,West Ham,27,1993,0,0,0,0,0,0,0,1,0,1,0,0,0,0,0,0,
Michail Antonio,jm JAM,FW,West Ham,30,1990,21.9,3,0,0,34,48,16,30,9,8,1,0,0,81,63,116,35.2
Alphonse Areola,fr FRA,GK,Fulham,27,1993,36,2,0,0,0,6,0,0,0,1,0,0,0,150,0,0,
Stuart Armstrong,sct SCO,MF,Southampton,28,1992,30.7,3,0,0,37,39,4,26,31,41,0,0,0,270,8,23,25.8
Kepa Arrizabalaga,es ESP,GK,Chelsea,25,1994,6.5,1,0,0,0,0,0,0,0,0,0,0,0,34,0,0,
Pierre-Emerick Aubameyang,ga GAB,FW,Arsenal,31,1989,25.9,2,0,0,21,19,18,47,6,5,0,0,1,84,31,64,32.6
Serge Aurier,ci CIV,DF,Tottenham,27,1992,17.8,0,0,0,28,17,1,21,24,38,0,1,0,156,39,37,51.3
Charlie Austin,eng ENG,FW,West Brom,31,1989,1.5,0,0,0,0,2,1,1,2,3,0,0,0,6,7,13,35
Jordan Ayew,gh GHA,FWMF,Crystal Palace,28,1991,23.3,4,0,0,53,73,5,18,29,33,0,0,0,132,31,110,22
Luke Ayling,eng ENG,DF,Leeds United,28,1991,37.8,7,0,0,38,62,2,70,58,67,0,1,0,404,71,66,51.8
César Azpilicueta,es ESP,DF,Chelsea,30,1989,24.3,5,1,0,33,16,5,29,37,31,0,0,0,243,58,48,54.7
Eric Bailly,ci CIV,DF,Manchester Utd,26,1994,10.2,3,0,0,12,5,0,0,22,6,0,0,0,98,27,17,61.4
Fabián Balbuena,py PAR,DF,West Ham,28,1991,13.3,1,1,0,12,4,0,0,14,14,0,0,0,114,26,17,60.5
George Baldock,gr GRE,DF,Sheffield Utd,27,1993,31,7,0,0,57,27,10,51,35,27,0,0,0,209,29,35,45.3
Gareth Bale,wls WAL,FW,Tottenham,31,1989,10.2,1,0,0,11,10,5,29,9,9,0,0,0,70,22,11,66.7
Patrick Bamford,eng ENG,FW,Leeds United,26,1993,33.9,3,0,0,47,30,18,5,13,18,3,0,0,93,54,81,40
Phil Bardsley,sct SCO,DF,Burnley,35,1985,3,2,0,0,9,4,0,7,3,4,0,0,0,39,5,5,50
Ross Barkley,eng ENG,MF,Chelsea,26,1993,0.5,0,0,0,2,3,1,0,0,0,0,0,0,8,3,1,75
Ross Barkley,eng ENG,MF,Aston Villa,26,1993,17,0,0,0,16,26,5,20,5,2,1,0,0,144,25,25,50
Ashley Barnes,eng ENG,FW,Burnley,30,1989,14.8,4,0,0,53,56,17,6,5,6,1,0,0,75,55,98,35.9
Harvey Barnes,eng ENG,FWMF,Leicester City,22,1997,21.6,0,0,0,21,42,1,18,16,14,0,0,0,134,22,32,40.7
Kyle Bartley,eng ENG,DF,West Brom,29,1991,28.7,4,0,0,35,9,5,4,31,18,0,1,0,260,111,55,66.9
Chris Basham,eng ENG,DFMF,Sheffield Utd,32,1988,28.6,5,0,0,32,31,6,24,45,46,1,1,0,295,77,63,55
Michy Batshuayi,be BEL,FW,Crystal Palace,26,1993,8.1,0,0,0,13,6,11,7,2,3,1,0,0,34,11,23,32.4
Jan Bednarek,pl POL,DF,Southampton,24,1996,34.4,5,1,0,33,15,0,0,78,28,0,0,1,410,110,51,68.3
Donny van de Beek,nl NED,MFFW,Manchester Utd,23,1997,5.8,1,0,0,7,7,0,4,7,9,1,0,0,44,3,4,42.9
Héctor Bellerín,es ESP,DF,Arsenal,25,1995,23.2,8,0,0,28,7,1,51,13,18,1,0,0,208,32,35,47.8
Saïd Benrahma,dz ALG,FWMF,West Ham,24,1995,15.5,0,0,0,15,21,2,39,13,21,0,1,0,124,3,15,16.7
Josh Benson,eng ENG,MF,Burnley,20,1999,2.9,0,0,0,4,1,0,4,1,5,0,1,0,24,1,4,20
Christian Benteke,be BEL,FW,Crystal Palace,29,1990,20.2,3,1,1,38,26,15,6,5,9,0,0,0,79,212,150,58.6
Gaetano Berardi,ch SUI,DF,Leeds United,31,1988,1.3,0,0,0,2,0,0,1,2,2,0,0,0,6,3,4,42.9
Jóhann Berg Guðmundsson,is ISL,MF,Burnley,29,1990,15.1,2,0,0,12,17,2,24,17,14,0,0,0,108,19,31,38
Sander Berge,no NOR,MF,Sheffield Utd,22,1998,12.4,4,0,0,20,6,2,18,3,16,0,0,0,101,16,15,51.6
Steven Bergwijn,nl NED,FWMF,Tottenham,22,1997,13.4,3,0,0,21,17,1,12,12,10,1,0,0,80,2,16,11.1
Bernard,br BRA,MFFW,Everton,27,1992,5.1,2,0,0,7,7,0,9,7,4,0,0,0,59,0,0,
Bernardo,br BRA,DFMF,Brighton,25,1995,2.3,0,0,0,1,1,0,4,0,5,0,0,0,12,5,6,45.5
Ryan Bertrand,eng ENG,DF,Southampton,30,1989,28.9,5,0,0,31,38,3,57,31,43,0,1,0,210,34,54,38.6
Yves Bissouma,ml MLI,MF,Brighton,23,1996,34.6,8,1,0,64,41,0,8,60,74,0,0,0,364,38,22,63.3
Jayden Bogle,eng ENG,DF,Sheffield Utd,20,2000,12.3,2,0,0,16,11,1,12,20,16,0,0,0,84,16,28,36.4
Willy Boly,ci CIV,DF,Wolves,29,1991,20.9,2,0,0,15,11,0,0,23,26,0,1,0,180,65,22,74.7
Jarrod Bowen,eng ENG,FWMF,West Ham,23,1996,28.5,0,0,0,18,67,14,52,22,14,0,0,0,175,20,60,25
Robbie Brady,ie IRL,MF,Burnley,28,1992,11.7,3,0,0,24,10,2,25,9,12,0,0,0,110,21,20,51.2
Rhian Brewster,eng ENG,FW,Sheffield Utd,20,2000,12.5,1,0,0,23,21,4,13,6,8,0,0,0,61,12,45,21.1
Nathan Broadhead,wls WAL,MF,Everton,22,1998,0,0,0,0,0,0,0,0,0,0,0,0,0,0,1,0,100
Josh Brownhill,eng ENG,MF,Burnley,24,1995,31.3,2,0,0,48,39,2,17,53,28,0,0,0,398,71,43,62.3
Joe Bryan,eng ENG,DFFW,Fulham,26,1993,7.4,2,0,0,12,8,0,24,13,12,1,1,0,66,6,3,66.7
Kean Bryan,eng ENG,DF,Sheffield Utd,23,1996,11.2,1,0,0,16,3,0,15,28,15,0,0,1,92,31,19,62
Oliver Burke,sct SCO,FW,Sheffield Utd,23,1997,14.1,2,0,0,27,7,3,20,2,10,0,0,0,54,27,49,35.5
Dan Burn,eng ENG,DF,Brighton,28,1992,22.9,5,0,0,43,7,4,32,37,22,0,1,1,195,99,41,70.7
Jack Butland,eng ENG,GK,Crystal Palace,27,1993,1,0,0,0,0,0,0,0,0,0,0,0,0,4,0,0,
David Button,eng ENG,GK,West Brom,31,1989,1,0,0,0,0,0,0,0,0,0,0,0,0,2,0,0,
Oskar Buur,dk DEN,DF,Wolves,22,1998,0.2,0,0,0,0,0,0,0,0,0,0,0,0,2,0,0,
Willy Caballero,ar ARG,GK,Chelsea,38,1981,1,0,0,0,0,0,0,0,0,0,0,0,0,4,0,0,
Gary Cahill,eng ENG,DF,Crystal Palace,34,1985,20,3,0,0,15,3,3,0,19,7,0,0,0,147,80,39,67.2
Tom Cairney,sct SCO,MF,Fulham,29,1991,8.4,2,0,0,5,19,1,18,1,4,1,0,0,71,2,5,28.6
Dominic Calvert-Lewin,eng ENG,FW,Everton,23,1997,31.9,3,0,0,38,44,19,15,5,12,2,0,0,115,143,147,49.3
João Cancelo,pt POR,DF,Manchester City,26,1994,25.5,5,1,0,40,23,2,69,53,44,0,0,0,259,35,30,53.8
Ian Carlo Poveda,eng ENG,MFDF,Leeds United,20,2000,3.9,0,0,0,5,7,2,9,2,7,0,0,0,26,0,4,0
Andy Carroll,eng ENG,FW,Newcastle Utd,31,1989,4.4,1,0,0,13,12,4,3,1,1,0,0,0,37,47,35,57.3
Scott Carson,eng ENG,GK,Manchester City,34,1985,1,0,0,0,0,0,0,0,0,0,0,0,0,5,0,0,
Fabio Carvalho,pt POR,MFFW,Fulham,17,2002,2.8,0,0,0,5,5,0,2,4,5,0,0,0,16,1,5,16.7
Matty Cash,pl POL,DF,Aston Villa,22,1997,26.4,8,1,1,43,24,2,62,49,44,0,2,0,228,40,42,48.8
Kiko Casilla,es ESP,GK,Leeds United,33,1986,3,0,0,0,0,0,0,0,0,0,0,0,0,14,0,0,
Timothy Castagne,be BEL,DF,Leicester City,24,1995,26.1,1,0,0,23,15,2,37,23,34,0,0,0,220,40,42,48.8
Jonny Castro,es ESP,DF,Wolves,26,1994,5.5,0,0,0,8,10,0,6,7,5,0,0,0,38,8,4,66.7
Ivan Cavaleiro,pt POR,FWMF,Fulham,26,1993,27.5,2,0,0,37,36,9,70,18,21,0,0,0,173,46,89,34.1
Edinson Cavani,uy URU,FW,Manchester Utd,33,1987,15.3,4,0,0,21,15,6,5,10,11,0,0,0,73,9,19,32.1
Dani Ceballos,es ESP,MF,Arsenal,23,1996,17.9,4,0,0,21,30,0,13,24,33,0,0,0,196,7,12,36.8
Calum Chambers,eng ENG,DF,Arsenal,25,1995,8.4,0,0,0,9,2,0,27,14,3,0,0,0,94,23,17,57.5
Ben Chilwell,eng ENG,DF,Chelsea,23,1996,25.4,3,0,0,27,44,8,93,29,29,0,0,0,198,44,36,55
Hamza Choudhury,eng ENG,MF,Leicester City,22,1997,3.5,1,0,0,8,3,0,0,5,7,0,0,0,54,2,3,40
Andreas Christensen,dk DEN,DF,Chelsea,24,1996,15.2,2,1,0,12,10,0,1,26,12,0,0,0,131,45,22,67.2
Carney Chukwuemeka,lk SRI,FWMF,Aston Villa,16,2003,0.2,0,0,0,2,0,0,0,0,2,0,0,0,0,1,4,20
Ciaran Clark,ie IRL,DF,Newcastle Utd,30,1989,21,3,0,0,17,15,1,0,26,14,0,1,1,168,79,35,69.3
Nathaniel Clyne,eng ENG,DF,Crystal Palace,29,1991,12.7,2,0,0,3,1,0,13,13,9,0,0,0,99,7,15,31.8
Conor Coady,eng ENG,DF,Wolves,27,1993,36.7,5,0,0,26,13,0,1,25,23,0,1,0,270,40,29,58
Séamus Coleman,ie IRL,DFMF,Everton,31,1988,17.9,0,0,0,17,19,0,32,20,26,0,0,0,155,13,13,50
Aaron Connolly,ie IRL,FW,Brighton,20,2000,8.8,0,0,0,7,16,8,2,0,5,1,0,0,28,11,30,26.8
Liam Cooper,sct SCO,DF,Leeds United,28,1991,24.3,4,1,0,26,28,1,0,53,47,0,0,0,305,103,53,66
Theo Corbeanu,ca CAN,FW,Wolves,18,2002,0.1,0,0,0,0,1,0,1,1,0,0,0,0,0,0,0,
Jack Cork,eng ENG,MF,Burnley,31,1989,15,2,0,0,23,14,0,4,15,16,0,0,0,154,32,21,60.4
Hélder Costa,ao ANG,MFFW,Leeds United,26,1994,12.8,0,0,0,24,19,3,16,6,15,0,0,1,68,4,25,13.8
Vladimír Coufal,cz CZE,DF,West Ham,27,1992,33.9,3,0,0,33,38,0,102,39,41,0,0,0,322,50,42,54.3
Aaron Cresswell,eng ENG,DF,West Ham,30,1989,35.2,3,0,0,15,18,0,91,36,13,0,0,0,307,38,30,55.9
Patrick Cutrone,it ITA,FW,Wolves,22,1998,0.3,0,0,0,0,1,0,0,0,0,0,0,0,2,1,2,33.3
Stuart Dallas,nir NIR,DFMF,Leeds United,29,1991,37.9,7,0,0,45,59,0,56,59,52,0,0,0,367,41,37,52.6
Scott Dann,eng ENG,DF,Crystal Palace,33,1987,15,1,0,0,8,5,0,0,8,7,0,0,0,148,49,34,59
Karl Darlow,eng ENG,GK,Newcastle Utd,29,1990,25,3,0,0,0,4,0,0,1,0,0,0,0,103,0,0,
Ben Davies,wls WAL,DF,Tottenham,27,1993,15,1,0,0,25,12,1,24,13,13,1,0,0,101,34,20,63
Tom Davies,eng ENG,MF,Everton,22,1998,15.8,3,0,0,38,29,0,5,34,28,0,1,0,130,9,16,36
Keinan Davis,eng ENG,FWMF,Aston Villa,22,1998,3.1,0,0,0,4,9,0,6,0,3,0,0,0,12,17,17,50
Leif Davis,eng ENG,DF,Leeds United,20,2000,0.4,0,0,0,2,0,0,0,2,0,0,0,0,2,0,1,0
Craig Dawson,eng ENG,DF,West Ham,30,1990,21.4,5,1,1,22,13,2,0,39,11,0,0,2,153,65,28,69.9
Kevin De Bruyne,be BEL,MF,Manchester City,29,1991,22.2,1,0,0,27,42,1,65,16,31,2,0,0,157,8,14,36.4
Liam Delap,eng ENG,FW,Manchester City,17,2003,0.4,0,0,0,1,0,0,0,0,0,0,0,0,0,1,1,50
Fabian Delph,eng ENG,MFDF,Everton,30,1989,3,1,0,0,3,9,0,3,4,2,0,0,0,29,0,0,
Leander Dendoncker,be BEL,MFDF,Wolves,25,1995,27.8,4,0,0,37,15,4,8,27,29,0,0,1,232,83,51,61.9
Mbaye Diagne,sn SEN,FW,West Brom,28,1991,13.2,2,0,0,18,26,17,5,2,4,0,0,0,48,48,100,32.4
Amad Diallo,ci CIV,FW,Manchester Utd,18,2002,1.8,0,0,0,2,5,0,0,3,3,0,0,0,11,1,2,33.3
Ibrahima Diallo,fr FRA,MF,Southampton,21,1999,11.3,3,0,0,31,18,0,7,16,25,0,1,0,126,8,19,29.6
Grady Diangana,eng ENG,MFFW,West Brom,22,1998,13.7,0,0,0,13,40,4,15,14,19,0,0,0,80,15,37,28.8
Rúben Dias,pt POR,DF,Manchester City,23,1997,31.6,4,0,0,26,23,1,2,22,21,0,2,1,272,60,28,68.2
Eric Dier,eng ENG,DF,Tottenham,26,1994,28,3,0,0,16,14,0,4,23,15,0,2,0,269,90,48,65.2
Lucas Digne,fr FRA,DF,Everton,27,1993,29.8,2,1,0,38,30,4,132,26,40,0,0,0,285,94,39,70.7
Issa Diop,fr FRA,DF,West Ham,23,1997,15.3,3,0,0,9,7,1,1,14,19,0,0,1,111,30,20,60
Moussa Djenepo,ml MLI,MF,Southampton,22,1998,13.8,5,0,0,34,44,3,10,10,22,1,1,0,119,11,33,25
Matt Doherty,ie IRL,DF,Tottenham,28,1992,13.8,4,1,1,22,12,0,24,18,8,0,1,0,114,54,23,70.1
Gabriel Dos Santos,br BRA,DF,Arsenal,22,1997,22.2,4,1,1,22,29,0,3,23,17,0,1,0,177,69,45,60.5
Abdoulaye Doucouré,ml MLI,MF,Everton,27,1993,27.1,6,0,0,34,16,0,10,35,42,0,0,0,304,37,26,58.7
Martin Dúbravka,sk SVK,GK,Newcastle Utd,31,1989,13,0,0,0,0,4,0,0,0,0,0,0,0,65,0,0,
Paul Dummett,wls WAL,DF,Newcastle Utd,28,1991,13.9,2,0,0,10,4,0,9,17,11,0,0,0,72,39,31,55.7
Lewis Dunk,eng ENG,DF,Brighton,28,1991,32.6,5,2,0,20,21,2,1,29,19,0,0,1,408,69,40,63.3
Jimmy Dunne,ie IRL,DF,Burnley,22,1997,3,1,0,0,3,3,0,0,3,2,0,0,0,59,23,7,76.7
Ederson,br BRA,GK,Manchester City,26,1993,36,3,0,0,1,4,0,0,0,0,0,0,0,132,0,0,
Kyle Edwards,eng ENG,MFFW,West Brom,22,1998,1.3,0,0,0,1,3,0,1,1,0,0,0,0,9,0,0,
John Egan,ie IRL,DF,Sheffield Utd,27,1992,29.2,7,1,0,33,10,0,2,41,30,0,0,0,259,86,57,60.1
Anthony Elanga,se SWE,FW,Manchester Utd,18,2002,1.7,0,0,0,2,4,1,1,1,1,0,0,0,7,2,4,33.3
Ahmed Elmohamady,eg EGY,DF,Aston Villa,32,1987,9.3,2,0,0,8,2,0,32,27,13,0,0,0,97,27,9,75
Mohamed Elneny,eg EGY,MF,Arsenal,28,1992,17.2,3,0,0,18,16,0,3,20,11,0,0,0,144,8,19,29.6
Jonny Evans,nir NIR,DF,Leicester City,32,1988,27.5,7,0,0,21,15,1,2,41,12,0,0,1,354,93,38,71
Eberechi Eze,eng ENG,MF,Crystal Palace,22,1998,28.4,3,0,0,21,83,1,26,29,22,0,0,0,203,12,32,27.3
Łukasz Fabiański,pl POL,GK,West Ham,35,1985,35,2,0,0,1,6,0,0,0,0,0,1,0,164,0,0,
Fabinho,br BRA,DFMF,Liverpool,26,1993,28.5,6,0,0,39,31,0,2,49,51,1,2,0,319,62,52,54.4
Bruno Fernandes,pt POR,MF,Manchester Utd,25,1994,34.4,6,0,0,50,68,3,91,22,39,0,1,0,239,13,43,23.2
Federico Fernández,ar ARG,DF,Newcastle Utd,31,1989,23.1,4,0,0,16,15,0,10,17,17,0,1,1,158,46,36,56.1
Fernandinho,br BRA,MF,Manchester City,35,1985,13.2,6,0,0,31,10,0,6,26,22,0,0,0,132,29,18,61.7
Sam Field,eng ENG,MF,West Brom,22,1998,0.7,0,0,0,2,1,0,0,0,7,0,0,0,12,1,2,33.3
Roberto Firmino,br BRA,FW,Liverpool,28,1991,31.5,2,0,0,23,31,4,32,10,22,0,0,0,204,25,87,22.3
John Fleck,sct SCO,MF,Sheffield Utd,28,1991,28.6,4,0,0,42,35,1,35,39,27,0,0,0,235,9,19,32.1
Phil Foden,eng ENG,FWMF,Manchester City,20,2000,18,0,0,0,17,39,3,36,12,16,0,0,0,93,14,30,31.8
Wesley Fofana,fr FRA,DF,Leicester City,19,2000,25.1,7,0,0,44,34,2,1,51,41,1,1,0,279,94,56,62.7
Pablo Fornals,es ESP,FWMF,West Ham,24,1996,28.6,3,0,0,34,28,7,33,33,29,0,0,0,216,25,37,40.3
Fraser Forster,eng ENG,GK,Southampton,32,1988,8,0,0,0,1,5,0,0,0,0,0,1,0,40,0,0,
Timothy Fosu-Mensah,nl NED,DF,Manchester Utd,22,1998,0.9,1,0,0,1,0,1,5,1,1,0,0,0,11,1,0,100
Tyrese Francois,au AUS,DF,Fulham,20,2000,0.2,0,0,0,0,0,0,0,0,0,0,0,0,0,0,1,0
Ryan Fraser,sct SCO,FWMF,Newcastle Utd,26,1994,10.3,2,1,1,5,20,0,52,3,1,1,0,0,58,5,26,16.1
Fred,br BRA,MF,Manchester Utd,27,1993,26.6,5,0,0,67,41,1,7,47,55,0,0,0,311,10,14,41.7
Ryan Fredericks,eng ENG,DFFW,West Ham,27,1992,6.3,2,0,0,16,10,1,18,8,6,0,0,0,56,9,14,39.1
Christian Fuchs,at AUT,DF,Leicester City,34,1986,7.8,4,0,0,16,6,0,8,12,9,0,1,0,80,24,14,63.2
Darnell Furlong,eng ENG,DF,West Brom,24,1995,32.6,5,0,0,35,38,3,74,28,17,0,2,1,212,129,75,63.2
Conor Gallagher,eng ENG,MF,West Brom,20,2000,28.1,11,0,0,63,75,0,32,39,53,0,0,0,271,24,37,39.3
Eric García,es ESP,DF,Manchester City,19,2001,4.3,0,0,0,4,1,0,0,5,4,0,1,0,38,3,6,33.3
Dwight Gayle,eng ENG,FWMF,Newcastle Utd,29,1990,5.7,0,0,0,6,7,3,2,1,4,0,0,0,28,7,16,30.4
Jean-Philippe Gbamin,ci CIV,MF,Everton,24,1995,0.1,0,0,0,0,0,0,0,0,1,0,0,0,3,0,0,
David de Gea,es ESP,GK,Manchester Utd,29,1990,25.5,0,0,0,0,3,0,0,0,0,0,0,0,83,0,0,
Anwar El Ghazi,nl NED,FW,Aston Villa,25,1995,17.9,2,0,0,23,32,5,61,10,10,0,0,0,81,30,50,37.5
Kieran Gibbs,eng ENG,DF,West Brom,30,1989,9,1,1,0,8,2,0,11,14,6,0,0,0,80,10,12,45.5
Morgan Gibbs-White,eng ENG,MFFW,Wolves,20,2000,4.6,1,0,0,5,11,1,8,4,6,0,0,0,38,2,7,22.2
Billy Gilmour,sct SCO,MF,Chelsea,19,2001,2.9,0,0,0,4,3,0,3,5,1,0,1,0,25,2,1,66.7
Olivier Giroud,fr FRA,FW,Chelsea,33,1986,8.3,1,0,0,17,8,6,3,4,4,0,0,0,38,20,33,37.7
Ben Godfrey,eng ENG,DF,Everton,22,1998,29.8,4,0,0,18,19,3,7,44,29,0,1,1,239,71,36,66.4
André Gomes,pt POR,MF,Everton,27,1993,17.4,3,0,0,50,22,2,17,15,34,0,1,0,175,19,17,52.8
Joe Gomez,eng ENG,DF,Liverpool,23,1997,6.6,0,0,0,9,6,0,0,5,2,0,1,0,107,26,23,53.1
Anthony Gordon,eng ENG,FWMF,Everton,19,2001,1,0,0,0,0,3,1,1,1,2,0,0,0,9,1,2,33.3
Karlan Grant,eng ENG,FWMF,West Brom,22,1997,12.5,1,0,0,11,17,7,9,11,3,0,0,0,53,13,63,17.1
Demarai Gray,eng ENG,FW,Leicester City,24,1996,0.2,0,0,0,0,0,0,1,0,1,0,0,0,2,0,0,
Jack Grealish,eng ENG,FWMF,Aston Villa,24,1995,24.3,6,0,0,44,123,7,59,13,19,2,0,0,199,24,40,37.5
Mason Greenwood,eng ENG,FW,Manchester Utd,18,2001,20.2,2,0,0,22,26,4,30,9,12,0,0,0,93,7,17,29.2
Kamil Grosicki,pl POL,FWMF,West Brom,32,1988,1.6,0,0,0,1,0,0,3,0,0,0,0,0,14,0,1,0
Pascal Groß,de GER,MFDF,Brighton,29,1991,27.6,3,0,0,22,18,5,98,25,24,1,0,0,227,22,47,31.9
Vicente Guaita,es ESP,GK,Crystal Palace,33,1987,37,2,0,0,0,8,0,0,0,0,0,0,0,168,0,1,0
İlkay Gündoğan,de GER,MF,Manchester City,29,1990,22.5,1,0,0,14,28,1,19,19,18,1,0,0,170,14,16,46.7
Antwoine Hackford,eng ENG,FWDF,Sheffield Utd,16,2004,0.1,0,0,0,0,0,0,0,0,0,0,0,0,1,0,1,0
Sébastien Haller,ci CIV,FW,West Ham,26,1994,10.4,0,0,0,31,21,11,4,5,4,0,0,0,36,61,78,43.9
Rekeem Harper,eng ENG,MF,West Brom,20,2000,0.4,0,0,0,1,0,0,0,0,1,0,0,0,6,0,0,
Jack Harrison,eng ENG,MF,Leeds United,23,1996,31.6,2,0,0,33,33,12,119,25,35,0,0,0,208,30,41,42.3
Kortney Hause,eng ENG,DF,Aston Villa,25,1995,7,2,0,0,8,4,0,2,12,4,0,0,0,71,47,14,77
Kai Havertz,de GER,MFFW,Chelsea,21,1999,16.9,2,0,0,31,25,7,16,11,11,2,0,0,111,25,28,47.2
Isaac Hayden,eng ENG,MFDF,Newcastle Utd,25,1995,21.6,8,0,0,46,20,1,12,46,34,0,0,0,217,55,37,59.8
Michael Hector,jm JAM,DF,Fulham,28,1992,2.9,2,0,0,7,3,0,0,0,5,0,0,0,25,5,3,62.5
Ahmed Hegazi,eg EGY,DF,West Brom,29,1991,1,0,0,0,0,0,0,0,0,0,0,0,0,21,8,3,72.7
Dean Henderson,eng ENG,GK,Manchester Utd,23,1997,12.5,3,0,0,0,0,0,0,0,0,0,0,0,50,0,0,
Jordan Henderson,eng ENG,MFDF,Liverpool,30,1990,18.9,0,0,0,12,15,0,14,30,9,0,0,0,240,14,6,70
Jeff Hendrick,ie IRL,MF,Newcastle Utd,28,1992,15.8,3,1,1,15,12,3,5,12,4,0,0,0,138,15,29,34.1
Pablo Hernández,es ESP,MFFW,Leeds United,35,1985,4.7,1,0,0,3,6,0,11,5,2,0,0,0,51,0,3,0
Son Heung-min,kr KOR,FW,Tottenham,28,1992,34.6,0,0,0,16,61,16,54,23,17,0,0,0,161,24,67,26.4
Ki-Jana Hoever,nl NED,DF,Wolves,18,2002,6.4,1,0,0,5,7,1,15,10,10,0,0,0,63,8,11,42.1
Pierre Højbjerg,dk DEN,MF,Tottenham,24,1995,38,9,0,0,80,67,0,11,49,82,0,1,0,429,52,40,56.5
Rob Holding,eng ENG,DF,Arsenal,24,1995,28.4,2,0,0,31,6,2,3,23,21,0,0,1,248,70,55,56
Mason Holgate,eng ENG,DF,Everton,23,1996,25.4,9,0,0,31,31,1,27,41,38,0,0,0,201,42,23,64.6
Conor Hourihane,ie IRL,MF,Aston Villa,29,1991,2.5,0,0,0,1,0,0,12,0,0,0,0,0,12,3,0,100
Callum Hudson-Odoi,eng ENG,FWDF,Chelsea,19,2000,11.8,0,0,0,12,8,5,46,10,12,0,0,0,73,5,11,31.3
Niall Huggins,wls WAL,DF,Leeds United,19,2000,0.4,0,0,0,1,1,0,1,0,0,0,0,0,7,0,0,
Odion Ighalo,ng NGA,FW,Manchester Utd,31,1989,0.1,0,0,0,0,0,0,0,0,0,0,0,0,0,0,3,0
Kelechi Iheanacho,ng NGA,FW,Leicester City,23,1996,16.2,1,0,0,29,15,9,12,4,9,0,1,0,71,9,43,17.3
Danny Ings,eng ENG,FW,Southampton,28,1992,24.1,1,0,0,27,22,20,24,7,13,0,1,0,109,21,62,25.3
Branislav Ivanović,rs SRB,DF,West Brom,36,1984,8.5,2,0,0,13,4,1,0,3,5,0,0,0,84,19,13,59.4
Alex Iwobi,ng NGA,FWDF,Everton,24,1996,17.1,0,0,0,15,19,0,52,18,21,0,0,0,118,4,8,33.3
José Izquierdo,co COL,DF,Brighton,28,1992,0.1,0,0,0,0,0,0,1,0,0,0,0,0,1,0,0,
Phil Jagielka,eng ENG,DF,Sheffield Utd,37,1982,5.8,1,1,0,8,1,0,1,12,4,0,0,1,45,15,10,60
Alireza Jahanbakhsh,ir IRN,FWMF,Brighton,26,1993,5.9,3,0,0,11,5,0,28,7,5,0,0,0,41,4,13,23.5
Daniel James,wls WAL,FW,Manchester Utd,22,1997,10.1,3,0,0,15,22,4,18,10,9,0,0,0,59,6,13,31.6
Reece James,eng ENG,DF,Chelsea,20,1999,26.4,3,0,0,36,21,1,100,41,36,0,1,0,216,36,28,56.3
Alexandre Jankewitz,ch SUI,MF,Southampton,18,2001,0,0,1,0,0,1,0,0,0,0,0,0,0,1,0,0,
Daniel Jebbison,eng ENG,FW,Sheffield Utd,17,2003,3.2,0,0,0,8,4,1,1,3,0,0,0,0,16,5,21,19.2
Gabriel Jesus,br BRA,FW,Manchester City,23,1997,22.9,2,0,0,33,51,17,10,19,13,1,1,0,103,14,62,18.4
Raúl Jiménez,mx MEX,FW,Wolves,29,1991,9.1,0,0,0,9,19,4,3,6,4,0,0,1,45,17,19,47.2
Joelinton,br BRA,FWMF,Newcastle Utd,23,1996,22,3,0,0,35,43,6,14,20,26,1,0,0,135,98,115,46
Ben Johnson,eng ENG,DF,West Ham,20,2000,5.8,1,0,0,7,3,0,14,11,3,0,0,0,44,5,6,45.5
Sam Johnstone,eng ENG,GK,West Brom,27,1993,37,1,0,0,1,5,0,0,0,0,0,1,0,195,0,0,
Curtis Jones,eng ENG,MF,Liverpool,19,2001,13.1,2,0,0,19,18,1,7,17,16,0,0,0,121,12,21,36.4
Jorginho,it ITA,MF,Chelsea,28,1991,22.3,2,0,0,40,36,0,1,51,38,0,1,0,221,16,17,48.5
Willian José,br BRA,FW,Wolves,28,1991,12.3,0,0,0,9,13,2,7,7,2,1,0,0,55,22,30,42.3
Diogo Jota,pt POR,FW,Liverpool,23,1996,12.4,2,0,0,29,22,1,16,8,10,0,0,0,76,14,38,26.9
James Justin,eng ENG,DF,Leicester City,22,1998,23,4,0,0,18,40,3,48,25,28,2,0,0,201,28,44,38.9
Ozan Kabak,tr TUR,DF,Liverpool,20,2000,8.9,3,0,0,13,5,0,0,12,10,0,0,0,83,28,22,56
Aboubakar Kamara,mr MTN,FWDF,Fulham,25,1995,3.5,1,1,0,10,3,0,12,2,2,0,1,0,25,8,7,53.3
Harry Kane,eng ENG,FW,Tottenham,27,1993,34.2,1,0,0,28,70,12,37,15,12,2,0,0,155,90,129,41.1
N'Golo Kanté,fr FRA,MF,Chelsea,29,1991,23.8,7,0,0,50,12,0,8,62,57,0,0,0,284,19,31,38
Moise Kean,it ITA,FW,Everton,20,2000,0.2,0,0,0,1,0,0,0,0,0,0,0,0,2,0,0,
Michael Keane,eng ENG,DF,Everton,27,1993,33.2,4,0,0,20,9,0,0,43,15,0,0,0,272,125,47,72.7
Neeskens Kebano,cd COD,FWMF,Fulham,28,1992,1.3,0,0,0,3,2,1,4,0,1,0,0,0,7,0,1,0
Naby Keïta,gn GUI,MF,Liverpool,25,1995,5.8,1,0,0,17,6,0,4,12,5,0,0,0,56,5,8,38.5
Caoimhín Kelleher,ie IRL,GK,Liverpool,21,1998,2,0,0,0,0,0,0,0,0,0,0,0,0,6,0,0,
Martin Kelly,eng ENG,DF,Crystal Palace,30,1990,0,0,0,0,0,0,0,0,0,0,0,0,0,2,0,0,
Jonjoe Kenny,eng ENG,DFFW,Everton,23,1997,0.9,0,0,0,0,0,1,3,1,0,0,0,0,8,0,0,
Reda Khadra,de GER,FW,Brighton,19,2001,0.1,0,0,0,0,0,0,0,0,0,0,0,0,0,0,1,0
Max Kilman,eng ENG,DF,Wolves,23,1997,14.6,4,0,0,21,5,1,0,18,20,0,1,0,100,23,23,50
Joshua King,no NOR,MFFW,Everton,28,1992,1.6,0,0,0,4,2,3,1,1,1,0,0,0,12,4,6,40
Mateusz Klich,pl POL,MF,Leeds United,30,1990,26.6,6,0,0,50,24,5,37,17,43,0,1,0,267,17,21,44.7
Robin Koch,de GER,DFMF,Leeds United,24,1996,12.6,1,0,0,25,8,0,1,13,18,0,2,0,159,40,25,61.5
Sead Kolašinac,ba BIH,DF,Arsenal,27,1993,1,0,0,0,1,2,0,0,0,0,0,0,0,12,1,1,50
Terence Kongolo,nl NED,DF,Fulham,26,1994,1,0,0,0,1,1,0,1,0,4,0,0,0,8,2,3,40
Ezri Konsa,eng ENG,DF,Aston Villa,22,1997,35.5,3,0,0,22,57,1,2,27,22,0,1,0,289,90,62,59.2
Cheikhou Kouyaté,sn SEN,DF,Crystal Palace,30,1989,34.7,4,0,0,43,20,0,4,38,36,0,0,0,310,94,51,64.8
Mateo Kovačić,hr CRO,MF,Chelsea,26,1994,20.2,4,0,0,21,55,0,6,22,36,0,0,0,158,11,10,52.4
Emil Krafth,se SWE,DF,Newcastle Utd,25,1994,14.3,4,0,0,17,9,1,12,21,16,0,0,0,104,22,22,50
Filip Krovinović,hr CRO,MF,West Brom,24,1995,6.1,0,0,0,10,11,0,5,2,10,0,0,0,70,8,13,38.1
Alexandre Lacazette,fr FRA,FW,Arsenal,29,1991,21.4,3,0,0,41,68,10,4,14,19,1,0,0,99,30,61,33
Adam Lallana,eng ENG,MFFW,Brighton,32,1988,17.7,0,0,0,23,26,3,17,16,26,0,1,0,158,13,32,28.9
Érik Lamela,ar ARG,FWMF,Tottenham,28,1992,8,6,1,1,27,16,0,9,4,11,0,0,0,48,5,17,22.7
Tariq Lamptey,eng ENG,DF,Brighton,19,2000,9.8,4,1,1,21,32,1,30,13,10,2,1,0,83,5,12,29.4
Manuel Lanzini,ar ARG,MFFW,West Ham,27,1993,6.3,1,0,0,7,11,2,2,6,6,0,0,0,67,1,9,10
Aymeric Laporte,es ESP,DF,Manchester City,26,1994,14.9,1,0,0,9,11,2,0,8,6,0,1,0,139,46,18,71.9
Jamaal Lascelles,eng ENG,DF,Newcastle Utd,26,1993,18.1,4,0,0,20,9,0,1,15,12,0,0,0,142,53,20,72.6
Maxime Le Marchand,fr FRA,DF,Fulham,30,1989,1.4,2,0,0,3,1,0,0,0,1,0,0,0,11,4,3,57.1
Mario Lemina,ga GAB,MF,Fulham,26,1993,18.9,5,0,0,38,19,0,5,43,36,1,0,0,191,19,27,41.3
Bernd Leno,de GER,GK,Arsenal,28,1992,34.8,0,1,0,1,5,0,0,0,0,0,0,1,149,0,0,
Khanya Leshabela,za RSA,MF,Leicester City,20,1999,0.1,0,0,0,0,0,0,0,0,0,0,0,0,2,0,0,
Jamal Lewis,nir NIR,DF,Newcastle Utd,22,1998,20.4,4,0,0,26,18,1,32,20,26,0,1,0,153,14,18,43.8
Victor Lindelöf,se SWE,DF,Manchester Utd,26,1994,28.7,0,0,0,28,10,1,1,32,16,0,1,0,265,69,36,65.7
Jesse Lingard,eng ENG,MFFW,West Ham,27,1992,15.8,3,0,0,24,35,6,23,7,10,2,0,0,88,0,6,0
Jake Livermore,eng ENG,MF,West Brom,30,1989,13.8,2,1,0,36,7,0,4,19,19,0,0,1,143,18,19,48.6
Diego Llorente,es ESP,DF,Leeds United,26,1993,13.4,1,0,0,24,12,0,2,41,27,0,0,0,117,40,26,60.6
Hugo Lloris,fr FRA,GK,Tottenham,33,1986,38,0,0,0,0,6,0,0,0,0,0,0,0,152,0,0,
Giovani Lo Celso,ar ARG,MF,Tottenham,24,1996,10.5,5,0,0,24,21,0,3,8,23,0,0,0,105,11,18,37.9
Ruben Loftus-Cheek,eng ENG,MFFW,Fulham,24,1996,21.2,3,0,0,36,60,3,13,23,22,1,0,0,134,43,81,34.7
Ruben Loftus-Cheek,eng ENG,FW,Chelsea,24,1996,0.7,0,0,0,1,2,0,0,1,0,0,0,0,5,1,3,25
Kevin Long,ie IRL,DF,Burnley,29,1990,7.1,2,0,0,10,3,0,1,4,8,0,0,0,88,22,21,51.2
Shane Long,ie IRL,FW,Southampton,33,1987,2.3,0,0,0,8,6,3,0,2,0,0,0,0,18,15,14,51.7
Matthew Longstaff,eng ENG,MF,Newcastle Utd,20,2000,4.2,0,0,0,4,5,0,3,6,3,0,0,0,44,6,5,54.5
Sean Longstaff,eng ENG,MF,Newcastle Utd,22,1997,15.7,2,0,0,26,23,0,7,19,21,0,0,0,118,12,15,44.4
Ademola Lookman,ng NGA,FWMF,Fulham,22,1997,30.5,5,0,0,55,67,12,64,25,29,0,0,0,200,7,36,16.3
Max Lowe,eng ENG,DF,Sheffield Utd,23,1997,6.1,1,0,0,11,3,0,17,3,14,0,0,0,43,5,19,20.8
Matthew Lowton,eng ENG,DF,Burnley,31,1989,34,5,0,0,26,15,0,57,55,36,0,0,0,315,38,24,61.3
David Luiz,br BRA,DF,Arsenal,33,1987,15.5,1,1,0,16,7,1,7,12,9,0,0,0,115,30,12,71.4
Douglas Luiz,br BRA,MF,Aston Villa,22,1998,30.9,10,1,1,68,55,0,13,33,43,0,2,0,375,40,43,48.2
John Lundstram,eng ENG,MF,Sheffield Utd,26,1994,22.6,8,1,0,33,24,1,31,21,12,0,0,0,171,18,15,54.5
Alexis Mac Allister,ar ARG,MFFW,Brighton,21,1998,12.4,1,0,0,22,20,0,7,11,18,0,0,0,102,10,24,29.4
James Maddison,eng ENG,MFFW,Leicester City,23,1996,23.3,4,0,0,28,71,5,40,11,27,2,0,0,149,3,18,14.3
Harry Maguire,eng ENG,DF,Manchester Utd,27,1993,33.9,11,0,0,43,36,1,4,61,18,0,0,0,392,145,42,77.5
Riyad Mahrez,dz ALG,FW,Manchester City,29,1991,21.7,0,0,0,18,37,7,60,6,15,0,0,0,123,15,18,45.5
Ainsley Maitland-Niles,eng ENG,DF,Arsenal,22,1997,5.4,0,0,0,6,3,2,4,13,11,1,0,0,44,5,4,55.6
Ainsley Maitland-Niles,eng ENG,MF,West Brom,22,1997,13.7,2,0,0,12,18,0,12,25,14,1,0,0,124,8,22,26.7
Josh Maja,ng NGA,FWMF,Fulham,21,1998,9,0,0,0,10,12,2,0,4,6,0,0,0,41,9,36,20
Sadio Mané,sn SEN,FW,Liverpool,28,1992,31.2,3,0,0,57,84,31,63,15,32,1,0,0,160,28,80,25.9
Javier Manquillo,es ESP,DF,Newcastle Utd,26,1994,9.2,1,0,0,8,7,0,20,8,14,0,0,0,75,17,10,63
Fernando Marçal,br BRA,DF,Wolves,31,1989,6.9,2,0,0,16,4,0,10,8,4,0,0,0,56,9,11,45
Solly March,eng ENG,DF,Brighton,26,1994,18.6,0,0,0,28,26,2,71,19,35,0,1,0,186,17,22,43.6
Pablo Marí,es ESP,DF,Arsenal,26,1993,10,2,0,0,10,5,0,0,5,11,0,1,0,72,29,16,64.4
Anthony Martial,fr FRA,FW,Manchester Utd,24,1995,16.4,0,1,0,19,35,15,12,4,1,4,0,0,62,15,23,39.5
Martinelli,br BRA,FW,Arsenal,19,2001,6.5,0,0,0,8,6,1,14,8,1,0,0,0,33,6,14,30
Emiliano Martínez,ar ARG,GK,Aston Villa,27,1992,38,1,0,0,1,7,0,0,0,0,0,0,0,178,0,0,
Arthur Masuaku,cd COD,DFFW,West Ham,26,1993,11.2,2,0,0,13,10,1,33,6,13,0,1,0,101,10,17,37
Juan Mata,es ESP,FWMF,Manchester Utd,32,1988,5.7,0,0,0,1,6,2,7,2,2,0,0,0,28,1,3,25
Jean-Philippe Mateta,fr FRA,FW,Crystal Palace,23,1997,2.5,0,0,0,4,1,5,1,1,1,0,0,0,9,13,13,50
Nemanja Matić,rs SRB,MF,Manchester Utd,31,1988,12.3,2,0,0,18,8,0,6,18,15,0,0,0,127,19,8,70.4
Joël Matip,cm CMR,DF,Liverpool,28,1991,7.7,2,0,0,10,6,0,0,4,11,0,0,0,82,24,11,68.6
Neal Maupay,fr FRA,FWMF,Brighton,23,1996,27.9,1,1,0,35,51,12,11,12,18,1,1,0,117,26,68,27.7
James McArthur,sct SCO,MF,Crystal Palace,32,1987,16.3,3,0,0,34,16,0,7,23,26,0,0,0,207,20,20,50
Oliver McBurnie,sct SCO,FW,Sheffield Utd,24,1996,14.7,2,0,0,29,29,4,3,8,7,1,0,0,65,140,119,54.1
Alex McCarthy,eng ENG,GK,Southampton,30,1989,30,2,0,0,0,2,0,0,0,0,0,0,0,130,0,0,
James McCarthy,ie IRL,MF,Crystal Palace,29,1990,9.1,1,0,0,10,8,0,5,8,8,0,0,0,112,7,8,46.7
John McGinn,sct SCO,MF,Aston Villa,25,1994,37,12,0,0,56,94,2,30,45,46,1,0,0,304,27,50,35.1
David McGoldrick,ie IRL,FWMF,Sheffield Utd,32,1987,26.6,7,0,0,54,43,17,24,12,16,0,0,0,146,94,133,41.4
Dwight McNeil,eng ENG,MF,Burnley,20,1999,34.1,1,0,0,13,46,2,114,38,22,0,0,0,272,22,30,42.3
Scott McTominay,sct SCO,MF,Manchester Utd,23,1996,23.7,3,0,0,51,48,1,9,51,29,0,0,0,215,49,34,59
Ben Mee,eng ENG,DF,Burnley,30,1989,29.9,3,0,0,23,20,1,1,35,24,0,0,0,338,128,57,69.2
Hannibal Mejbri,tn TUN,MF,Manchester Utd,17,2003,0.1,0,0,0,0,1,0,0,0,0,0,0,0,1,0,0,
Benjamin Mendy,fr FRA,DF,Manchester City,26,1994,10.6,2,0,0,15,2,1,26,6,10,0,1,0,81,11,13,45.8
Edouard Mendy,sn SEN,GK,Chelsea,28,1992,30.5,2,0,0,1,3,0,0,0,0,0,1,0,118,0,1,0
Nampalys Mendy,sn SEN,MF,Leicester City,28,1992,16.2,5,0,0,26,40,0,0,9,22,0,0,0,199,12,17,41.4
Illan Meslier,fr FRA,GK,Leeds United,20,2000,35,0,0,0,1,9,0,0,0,0,0,1,1,173,0,0,
Luka Milivojević,rs SRB,MF,Crystal Palace,29,1991,26.2,8,1,0,48,33,0,15,44,44,0,0,0,270,33,23,58.9
James Milner,eng ENG,MFDF,Liverpool,34,1986,11.9,3,0,0,20,13,0,17,16,14,0,0,0,141,25,14,64.1
Yerry Mina,co COL,DF,Everton,25,1994,21.5,2,0,0,22,11,0,0,13,12,0,0,0,168,68,27,71.6
Takumi Minamino,jp JPN,MFFW,Liverpool,25,1995,3.3,0,0,0,6,4,1,3,0,3,0,0,0,21,3,2,60
Takumi Minamino,jp JPN,MFFW,Southampton,25,1995,7.9,1,0,0,7,13,1,7,8,2,0,0,0,62,4,11,26.7
Tyrone Mings,eng ENG,DF,Aston Villa,27,1993,35.5,6,1,1,22,22,3,2,38,18,0,0,1,370,109,35,75.7
Tyrick Mitchell,eng ENG,DF,Crystal Palace,20,1999,19,1,0,0,9,11,0,22,30,29,0,1,0,123,16,13,55.2
Aleksandar Mitrović,rs SRB,FW,Fulham,25,1994,15.6,3,0,0,23,28,3,8,3,9,0,1,0,55,68,76,47.2
Jakub Moder,pl POL,DFMF,Brighton,21,1999,7.2,0,0,0,14,6,2,13,8,8,0,0,0,47,6,12,33.3
Jayson Molumby,ie IRL,MF,Brighton,20,1999,0,0,0,0,0,0,0,0,0,0,0,0,0,1,0,0,
Wesley Moraes,br BRA,MFFW,Aston Villa,23,1996,0.2,0,0,0,1,1,0,0,0,0,0,0,0,3,0,1,0
Wes Morgan,jm JAM,DF,Leicester City,36,1984,0.2,0,0,0,0,0,0,0,0,0,0,0,0,2,0,0,
Mason Mount,eng ENG,MFFW,Chelsea,21,1999,32.1,2,0,0,62,51,4,65,36,44,2,0,0,244,21,52,28.8
Lucas Moura,br BRA,FWMF,Tottenham,27,1992,15.7,1,0,0,28,58,3,11,20,22,0,0,0,128,26,42,38.2
Lys Mousset,fr FRA,FWMF,Sheffield Utd,24,1996,3.3,0,0,0,8,2,5,0,0,0,0,0,0,12,1,20,4.8
João Moutinho,pt POR,MF,Wolves,33,1986,28.1,5,1,1,52,30,0,43,39,46,0,1,0,279,20,24,45.5
Joel Mumbongo,se SWE,FW,Burnley,21,1999,0.4,1,0,0,2,1,1,0,0,0,0,0,0,1,0,3,0
Jacob Murphy,eng ENG,DFMF,Newcastle Utd,25,1995,18.1,3,0,0,26,31,2,38,20,35,0,0,0,108,5,19,20.8
Shkodran Mustafi,de GER,DF,Arsenal,28,1992,0.5,0,0,0,1,0,0,0,0,1,0,0,0,5,2,0,100
Marvelous Nakamba,zw ZIM,MF,Aston Villa,26,1994,8.3,3,0,0,8,12,0,1,11,14,0,0,0,68,8,8,50
Iliman Ndiaye,sn SEN,MF,Sheffield Utd,20,2000,0.1,0,0,0,0,0,0,0,0,0,0,0,0,0,0,0,
Wilfred Ndidi,ng NGA,MFDF,Leicester City,23,1996,24.2,6,0,0,59,20,0,3,62,73,0,1,0,300,51,35,59.3
Tanguy Ndombele,fr FRA,MF,Tottenham,23,1996,23.2,3,0,0,33,83,0,8,30,32,0,0,0,206,14,19,42.4
Reiss Nelson,eng ENG,FW,Arsenal,20,1999,0.8,0,0,0,2,1,0,4,1,0,0,0,0,4,0,0,
Pedro Neto,pt POR,FWMF,Wolves,20,2000,28.3,4,0,0,31,53,4,127,29,18,0,0,0,151,20,39,33.9
Rúben Neves,pt POR,MF,Wolves,23,1997,29.7,8,0,0,58,19,0,17,46,66,0,0,0,329,27,22,55.1
Eddie Nketiah,eng ENG,FW,Arsenal,21,1999,4.7,0,0,0,11,12,0,4,1,3,0,0,0,12,3,18,14.3
Niels Nkounkou,fr FRA,DFFW,Everton,19,2000,0.9,1,0,0,1,0,0,2,0,0,0,0,0,4,0,0,
Dan Nlundulu,eng ENG,FW,Southampton,21,1999,1.2,0,0,0,6,0,1,0,0,0,0,0,0,6,6,5,54.5
Mark Noble,eng ENG,MF,West Ham,33,1987,7.9,1,0,0,12,11,1,4,11,5,0,0,0,77,7,2,77.8
Will Norris,eng ENG,GK,Burnley,26,1993,2,0,0,0,0,0,0,0,0,0,0,0,0,6,0,0,
Oliver Norwood,nir NIR,MF,Sheffield Utd,29,1991,24.7,6,0,0,47,13,0,40,40,29,0,0,0,263,17,23,42.5
Jack O'Connell,eng ENG,DF,Sheffield Utd,26,1994,2,0,0,0,1,0,1,1,0,1,0,0,0,21,5,10,33.3
Dara O'Shea,ie IRL,DF,West Brom,21,1999,23.4,3,0,0,17,18,0,8,39,30,0,1,0,213,72,42,63.2
Michael Obafemi,ie IRL,FW,Southampton,20,2000,0.7,0,0,0,1,3,0,1,1,1,0,0,0,3,0,3,0
Martin Ødegaard,no NOR,MF,Arsenal,21,1998,9.6,0,0,0,4,13,1,12,5,5,0,0,0,56,1,14,6.7
Denis Odoi,gh GHA,DF,Fulham,32,1988,3,1,0,0,8,5,1,4,1,0,0,0,0,35,7,6,53.8
Angelo Ogbonna,it ITA,DF,West Ham,32,1988,27.7,5,0,0,30,11,1,3,27,20,0,0,0,227,77,36,68.1
Robin Olsen,se SWE,GK,Everton,30,1990,7,1,0,0,0,1,0,0,0,0,0,0,0,22,0,0,
Josh Onomah,eng ENG,MF,Fulham,23,1997,4.2,1,0,0,16,0,0,1,3,5,0,0,0,34,4,7,36.4
Divock Origi,be BEL,FW,Liverpool,25,1995,2.1,0,0,0,0,2,0,3,1,4,0,0,0,15,3,8,27.3
Ben Osborn,eng ENG,MFDF,Sheffield Utd,25,1994,17.8,1,0,0,16,17,4,46,16,16,0,0,0,150,13,22,37.1
Owen Otasowie,us USA,MFFW,Wolves,19,2001,2.1,1,0,0,4,7,0,0,3,5,0,0,0,18,8,8,50
Alex Oxlade-Chamberlain,eng ENG,FWMF,Liverpool,26,1993,2.8,0,0,0,2,1,0,1,1,1,0,0,0,33,2,4,33.3
Emerson Palmieri,it ITA,DF,Chelsea,25,1994,1,0,0,0,3,0,0,1,1,2,0,0,0,11,3,0,100
Thomas Partey,gh GHA,MF,Arsenal,27,1993,17,5,0,0,24,23,0,2,26,30,0,0,0,198,22,21,51.2
Rui Patrício,pt POR,GK,Wolves,32,1988,37,1,0,0,0,1,0,0,0,0,0,0,0,143,0,0,
Bailey Peacock-Farrell,nir NIR,GK,Burnley,23,1996,4,0,0,0,0,2,0,0,0,0,0,0,0,16,0,0,
Lee Peltier,eng ENG,DF,West Brom,33,1986,2.5,1,0,0,6,0,0,2,2,7,0,0,0,16,6,2,75
Nicolas Pépé,ci CIV,FW,Arsenal,25,1995,18,1,1,0,16,34,4,35,18,16,0,0,0,103,35,32,52.2
Matheus Pereira,pt POR,MFFW,West Brom,24,1996,28.6,2,1,0,46,57,14,58,29,20,1,0,0,204,15,50,23.1
Ricardo Pereira,pt POR,DF,Leicester City,26,1993,10.7,3,0,0,18,11,1,15,16,18,0,0,0,88,11,13,45.8
Ayoze Pérez,es ESP,MFFW,Leicester City,27,1993,14.8,2,0,0,38,31,7,18,19,15,0,0,0,94,9,41,18
Kalvin Phillips,eng ENG,MF,Leeds United,24,1995,27,10,0,0,63,36,0,25,49,44,0,0,0,325,31,35,47
Matt Phillips,sct SCO,MFFW,West Brom,29,1991,20.3,1,0,0,30,10,8,52,19,14,0,0,0,150,15,46,24.6
Nathaniel Phillips,eng ENG,DF,Liverpool,23,1997,16.2,2,0,0,26,12,0,2,29,12,0,0,0,184,103,39,72.5
Jaden Philogene Bidace,eng ENG,FW,Aston Villa,18,2002,0,0,0,0,0,0,1,0,1,0,0,0,0,0,0,0,
Jordan Pickford,eng ENG,GK,Everton,26,1994,30.5,1,0,0,1,4,0,0,0,0,0,1,0,160,0,0,
Erik Pieters,nl NED,DFMF,Burnley,31,1988,14.1,1,0,0,33,23,1,15,10,27,1,0,1,129,20,12,62.5
Daniel Podence,pt POR,MFFW,Wolves,24,1995,18.5,3,0,0,15,34,5,28,15,7,0,0,0,113,8,21,27.6
Paul Pogba,fr FRA,MFFW,Manchester Utd,27,1993,21.1,3,0,0,51,55,4,24,25,26,2,2,0,210,55,38,59.1
Nick Pope,eng ENG,GK,Burnley,28,1992,32,1,0,0,2,5,0,0,1,0,0,2,0,164,0,1,0
Dennis Praet,be BEL,MFFW,Leicester City,26,1994,8,0,0,0,15,4,0,18,9,7,0,0,0,62,5,11,31.3
Davy Pröpper,nl NED,MF,Brighton,28,1991,2.4,0,0,0,1,0,0,2,2,5,0,0,0,12,3,4,42.9
Christian Pulisic,us USA,FWMF,Chelsea,21,1998,19.3,2,0,0,18,44,5,31,9,17,0,0,0,120,21,48,30.4
Aaron Ramsdale,eng ENG,GK,Sheffield Utd,22,1998,38,1,0,0,1,7,0,0,0,0,0,1,0,183,0,0,
Jacob Ramsey,eng ENG,MFFW,Aston Villa,19,2001,7,0,0,0,18,12,2,7,6,7,0,0,0,54,5,17,22.7
Kayne Ramsey,eng ENG,DF,Southampton,19,2000,1,1,0,0,1,0,0,0,1,3,0,0,0,6,1,1,50
Darren Randolph,ie IRL,GK,West Ham,33,1987,3,0,0,0,0,1,0,0,0,0,0,0,0,7,0,0,
Raphinha,br BRA,MF,Leeds United,23,1996,26.2,3,0,0,22,39,15,75,31,19,0,0,0,159,12,38,24
Marcus Rashford,eng ENG,FW,Manchester Utd,22,1997,32.4,4,0,0,25,56,27,43,10,10,2,0,0,142,23,22,51.1
Tim Ream,us USA,DF,Fulham,32,1987,7,0,0,0,4,0,0,0,4,4,0,0,0,63,11,9,55
Nathan Redmond,eng ENG,MFFW,Southampton,26,1994,19.3,1,0,0,37,21,4,34,18,17,0,1,0,121,11,37,22.9
Harrison Reed,eng ENG,MF,Fulham,25,1995,25,5,0,0,50,29,1,13,54,42,0,0,0,329,28,28,50
Sergio Reguilón,es ESP,DF,Tottenham,23,1996,24.9,5,0,0,30,28,1,59,35,27,1,1,1,215,30,31,49.2
Bobby Reid,jm JAM,MFDF,Fulham,27,1993,26.4,7,0,0,43,24,4,35,17,20,1,0,0,157,26,41,38.8
Declan Rice,eng ENG,MF,West Ham,21,1999,32,2,0,0,26,19,1,29,68,53,0,1,0,315,47,29,61.8
Lewis Richardson,eng ENG,FWMF,Burnley,17,2003,0,0,0,0,0,0,0,0,0,0,0,0,0,0,0,1,0
Richarlison,br BRA,FW,Everton,23,1997,31.8,4,1,0,36,81,25,23,20,30,1,0,0,186,42,81,34.1
Jaïro Riedewald,nl NED,MF,Crystal Palace,23,1996,20.2,4,0,0,25,9,0,5,24,21,0,0,0,160,14,15,48.3
Matt Ritchie,sct SCO,DFMF,Newcastle Utd,30,1989,15,2,0,0,14,20,1,59,23,9,1,0,1,103,15,21,41.7
Tyler Roberts,wls WAL,MFFW,Leeds United,21,1999,14.9,3,0,0,27,34,9,9,9,8,0,0,0,100,20,24,45.5
Andrew Robertson,sct SCO,DF,Liverpool,26,1994,37.6,2,0,0,23,17,8,147,34,28,0,1,0,380,39,27,59.1
Antonee Robinson,us USA,DF,Fulham,22,1997,24,4,1,0,21,15,1,93,44,27,0,0,0,219,39,28,58.2
Callum Robinson,ie IRL,FWMF,West Brom,25,1995,17.3,0,0,0,6,21,8,35,14,7,2,0,0,104,13,50,20.6
Jack Robinson,eng ENG,DF,Sheffield Utd,26,1993,9.7,3,0,0,11,7,0,11,17,10,1,1,0,91,28,24,53.8
Hal Robson-Kanu,wls WAL,FWMF,West Brom,31,1989,6.2,2,0,0,16,12,4,3,4,3,0,0,0,26,7,29,19.4
Marek Rodák,sk SVK,GK,Fulham,23,1996,2,0,0,0,0,0,0,0,0,0,0,0,0,4,0,0,
Joe Rodon,wls WAL,DF,Tottenham,22,1997,8.1,0,0,0,3,9,1,0,13,9,0,0,0,73,24,11,68.6
Rodri,es ESP,MF,Manchester City,24,1996,30.5,6,0,0,57,38,3,12,40,60,0,0,0,417,91,28,76.5
Rodrigo,es ESP,MFFW,Leeds United,29,1991,14.3,3,0,0,24,17,3,20,9,13,0,1,0,101,25,34,42.4
James Rodríguez,co COL,FWMF,Everton,29,1991,19.6,4,0,0,21,54,6,35,16,14,1,0,0,141,5,15,25
Jay Rodriguez,eng ENG,FWMF,Burnley,31,1989,14.1,3,0,0,39,20,15,4,4,14,0,0,0,69,46,85,35.1
Oriol Romeu,es ESP,MF,Southampton,28,1991,19.6,6,0,0,40,28,0,5,27,35,0,0,0,279,35,28,55.6
John Ruddy,eng ENG,GK,Wolves,33,1986,1,0,0,0,0,1,0,0,0,0,0,0,0,8,0,0,
Antonio Rüdiger,de GER,DF,Chelsea,27,1993,19,0,0,0,17,13,1,1,15,18,0,0,1,162,50,16,75.8
Mathew Ryan,au AUS,GK,Arsenal,28,1992,3,0,0,0,0,0,0,0,0,0,0,0,0,15,0,1,0
Mathew Ryan,au AUS,GK,Brighton,28,1992,11,1,0,0,1,0,0,0,0,0,0,1,0,42,0,0,
Allan Saint-Maximin,fr FRA,FWMF,Newcastle Utd,23,1997,17.3,0,0,0,10,54,5,21,9,11,0,1,0,100,5,13,27.8
Romain Saïss,ma MAR,DF,Wolves,30,1990,26.7,2,0,0,33,12,1,17,39,18,0,2,0,219,89,53,62.7
Bukayo Saka,eng ENG,FWDF,Arsenal,18,2001,28.4,1,0,0,29,75,15,82,27,19,1,0,1,176,15,43,25.9
Mamadou Sakho,fr FRA,DF,Crystal Palace,30,1990,3.1,0,0,0,2,0,0,0,0,2,0,1,0,17,5,8,38.5
Mohamed Salah,eg EGY,FW,Liverpool,28,1992,34.2,0,0,0,23,32,13,47,9,13,2,0,0,191,21,52,28.8
Mohammed Salisu,gh GHA,DF,Southampton,21,1999,9.4,1,0,0,12,4,0,2,26,19,0,0,0,75,26,18,59.1
Davinson Sánchez,co COL,DF,Tottenham,24,1996,16.5,1,0,0,25,12,0,0,14,25,0,3,1,153,50,30,62.5
Robert Sánchez,es ESP,GK,Brighton,22,1997,27,2,0,0,2,5,0,0,0,0,0,1,0,134,1,1,50
Morgan Sanson,fr FRA,MF,Aston Villa,25,1994,3.3,3,0,0,8,9,2,8,7,5,0,0,0,31,5,4,55.6
Romaine Sawyers,kn SKN,MF,West Brom,28,1991,16.5,2,0,0,31,18,0,5,22,19,0,0,1,176,13,6,68.4
Dane Scarlett,eng ENG,FW,Tottenham,16,2004,0,0,0,0,0,0,0,0,0,0,0,0,0,0,0,0,
Fabian Schär,ch SUI,DF,Newcastle Utd,28,1991,13.8,4,1,0,22,15,1,3,22,9,0,0,0,123,20,25,44.4
Jeffrey Schlupp,gh GHA,MF,Crystal Palace,27,1992,15.9,3,0,0,34,26,0,27,21,20,0,0,0,116,32,43,42.7
Kasper Schmeichel,dk DEN,GK,Leicester City,33,1986,38,0,0,0,0,3,0,0,0,0,0,0,1,161,0,0,
Nélson Semedo,pt POR,DF,Wolves,26,1993,33.1,5,0,0,47,44,2,48,45,53,0,1,1,263,43,42,50.6
Femi Seriki,eng ENG,DF,Sheffield Utd,18,2002,0,0,0,0,0,0,0,0,0,0,0,0,0,0,0,0,
Jamie Shackleton,eng ENG,MFDF,Leeds United,20,1999,5.1,0,0,0,5,2,1,2,6,5,0,0,0,36,4,6,40
Xherdan Shaqiri,ch SUI,MFFW,Liverpool,28,1991,6.2,2,0,0,12,7,0,11,4,4,0,0,0,61,3,7,30
Billy Sharp,eng ENG,FW,Sheffield Utd,34,1986,8.2,1,0,0,19,15,11,7,3,5,0,0,0,26,13,36,26.5
Luke Shaw,eng ENG,DF,Manchester Utd,25,1995,29.5,8,0,0,50,31,3,92,29,44,0,0,1,267,34,36,48.6
Jonjo Shelvey,eng ENG,MF,Newcastle Utd,28,1992,29.1,7,0,0,40,11,0,37,43,25,0,0,0,244,34,26,56.7
Shola Shoretire,eng ENG,FW,Manchester Utd,16,2004,0.1,0,0,0,0,0,0,0,0,0,0,0,0,0,1,1,50
Gylfi Sigurðsson,is ISL,MF,Everton,30,1989,25,2,0,0,31,22,0,31,31,21,0,0,0,176,8,12,40
Bernardo Silva,pt POR,MFFW,Manchester City,25,1994,22.9,5,0,0,21,34,3,27,21,21,0,0,0,137,10,29,25.6
Fábio Silva,pt POR,FW,Wolves,18,2002,15.2,2,0,0,25,25,5,6,5,6,1,0,0,67,32,76,29.6
Thiago Silva,br BRA,DF,Chelsea,35,1984,21.5,5,1,1,13,14,0,1,28,13,0,0,0,227,55,20,73.3
Moussa Sissoko,fr FRA,MF,Tottenham,30,1989,17.6,3,0,0,26,12,0,10,16,20,0,0,0,183,17,24,41.5
Islam Slimani,dz ALG,FW,Leicester City,32,1988,0.2,0,0,0,0,0,0,1,0,0,0,0,0,0,3,1,75
William Smallbone,ie IRL,MF,Southampton,20,2000,1.9,0,0,0,4,2,0,2,1,4,0,0,0,12,3,4,42.9
Emile Smith Rowe,eng ENG,MFFW,Arsenal,20,2000,16,0,0,0,7,21,4,19,14,8,0,0,0,106,8,9,47.1
Robert Snodgrass,sct SCO,FWDF,West Ham,32,1987,0.1,0,0,0,0,1,0,0,0,1,0,0,0,0,0,0,
Robert Snodgrass,sct SCO,MFFW,West Brom,32,1987,5.8,2,0,0,12,13,1,5,4,12,0,0,0,55,10,13,43.5
Cédric Soares,pt POR,DF,Arsenal,28,1991,8.3,1,0,0,8,4,0,29,8,10,0,0,0,69,10,14,41.7
Tomáš Souček,cz CZE,MF,West Ham,25,1995,38,7,1,0,88,50,3,10,55,50,0,1,1,463,228,134,63
Çağlar Söyüncü,tr TUR,DF,Leicester City,24,1996,20.2,2,0,0,20,16,0,8,27,16,0,0,0,186,62,37,62.6
Zack Steffen,us USA,GK,Manchester City,25,1995,1,0,0,0,1,0,0,0,0,0,0,0,0,2,0,0,
Dale Stephens,eng ENG,MF,Burnley,31,1989,2.9,1,0,0,8,2,0,0,3,4,0,0,0,49,5,4,55.6
Jack Stephens,eng ENG,DF,Southampton,26,1994,17.1,2,0,0,10,9,0,0,25,19,0,0,0,175,26,18,59.1
Raheem Sterling,eng ENG,FW,Manchester City,25,1994,28.2,4,0,0,39,54,9,34,14,18,2,0,0,123,5,26,16.1
Enda Stevens,ie IRL,DF,Sheffield Utd,30,1990,30,6,0,0,44,12,3,55,47,23,0,0,0,268,38,39,49.4
John Stones,eng ENG,DF,Manchester City,26,1994,21.5,0,1,0,6,14,1,1,20,12,0,0,0,177,46,15,75.4
Pascal Struijk,nl NED,DFMF,Leeds United,20,1999,23.1,3,0,0,29,7,0,1,41,29,0,1,0,228,51,45,53.1
Japhet Tanganga,eng ENG,DF,Tottenham,21,1999,5.4,2,0,0,12,8,0,4,2,4,0,0,0,50,11,9,55
Matt Targett,eng ENG,DF,Aston Villa,24,1995,37.8,7,0,0,36,30,0,98,47,57,0,1,0,355,84,54,60.9
James Tarkowski,eng ENG,DF,Burnley,27,1992,36,6,0,0,35,33,3,5,57,42,0,0,0,358,184,62,74.8
Percy Tau,za RSA,FWMF,Brighton,26,1994,1.1,0,0,0,0,2,0,0,0,0,0,0,0,6,0,5,0
Sidnei Tavares,pt POR,MF,Leicester City,18,2001,0.9,0,0,0,1,4,0,0,1,0,0,0,0,4,1,1,50
Charlie Taylor,eng ENG,DF,Burnley,26,1993,27,1,0,0,11,44,0,76,28,25,0,0,0,250,46,26,63.9
Neil Taylor,wls WAL,DF,Aston Villa,31,1989,0.2,1,0,0,1,0,0,0,0,0,0,0,0,2,0,0,
Allan Tchaptchet,fr FRA,DF,Southampton,18,2001,0.1,0,0,0,0,0,0,0,0,0,0,0,0,1,1,0,100
Nathan Tella,eng ENG,FWMF,Southampton,21,1999,8.3,2,0,0,19,26,5,12,9,8,1,0,0,58,3,18,14.3
Alex Telles,br BRA,DF,Manchester Utd,27,1992,7.7,0,0,0,5,7,1,27,12,6,0,0,0,59,11,10,52.4
Kenny Tete,nl NED,DF,Fulham,24,1995,16.5,3,0,0,35,20,2,61,29,29,0,1,0,151,27,24,52.9
William Thomas Fish,eng ENG,DF,Manchester Utd,17,2003,0,0,0,0,0,0,0,0,0,0,0,0,0,1,0,0,
Luke Thomas,eng ENG,DF,Leicester City,19,2001,10.8,2,0,0,11,18,0,8,16,8,1,0,0,82,18,27,40
Youri Tielemans,be BEL,MF,Leicester City,23,1997,37.3,6,0,0,54,69,0,45,36,56,0,0,0,412,37,35,51.4
Kieran Tierney,sct SCO,DF,Arsenal,23,1997,25.5,4,0,0,16,22,0,101,20,17,1,0,0,211,19,45,29.7
James Tomkins,eng ENG,DF,Crystal Palace,31,1989,6.1,1,0,0,4,1,0,0,5,4,0,1,0,41,14,10,58.3
Fikayo Tomori,eng ENG,DF,Chelsea,22,1997,0.5,0,0,0,1,0,0,0,1,2,0,0,0,4,0,0,
Ferrán Torres,es ESP,FWMF,Manchester City,20,2000,14.5,1,0,0,19,19,5,28,7,8,1,0,0,66,13,23,36.1
Cenk Tosun,tr TUR,FW,Everton,29,1991,0.5,1,0,0,1,0,0,0,0,0,0,0,0,0,1,1,50
Andros Townsend,eng ENG,MFFW,Crystal Palace,29,1991,25.1,0,0,0,36,64,2,89,48,36,0,0,0,203,5,24,17.2
Conor Townsend,eng ENG,DF,West Brom,27,1993,24.8,0,0,0,17,29,2,52,40,32,0,2,0,187,45,35,56.3
Adama Traoré,es ESP,FW,Wolves,24,1996,29.4,4,0,0,53,104,7,119,11,23,1,0,0,162,78,75,51
Bertrand Traoré,bf BFA,FW,Aston Villa,24,1995,25.7,1,0,0,35,46,7,54,23,9,1,0,0,152,31,37,45.6
Trézéguet,eg EGY,FW,Aston Villa,25,1994,13,0,0,0,42,21,4,24,11,18,1,0,0,87,29,45,39.2
Leandro Trossard,be BEL,FWMF,Brighton,25,1994,29,2,0,0,32,38,6,64,24,20,0,0,0,202,6,28,17.6
Kostas Tsimikas,gr GRE,DFFW,Liverpool,24,1996,0.1,0,0,0,1,0,0,1,0,0,0,0,0,0,0,1,0
Axel Tuanzebe,eng ENG,DF,Manchester Utd,22,1997,4.5,2,0,0,7,3,0,0,4,5,0,0,1,45,6,7,46.2
Cengiz Ünder,tr TUR,MFFW,Leicester City,23,1997,3.1,0,0,0,1,4,2,10,3,3,0,0,0,22,0,3,0
Yan Valery,fr FRA,DFMF,Southampton,21,1999,1.1,0,0,0,2,1,0,2,3,2,0,0,0,13,1,3,25
Virgil van Dijk,nl NED,DF,Liverpool,29,1991,4.1,1,0,0,4,3,1,0,0,1,0,0,0,48,16,7,69.6
Jamie Vardy,eng ENG,FW,Leicester City,33,1987,31.6,1,0,0,27,27,36,24,8,8,5,0,0,83,56,68,45.2
Joël Veltman,nl NED,DF,Brighton,28,1992,25.3,3,0,0,42,43,0,52,35,41,0,0,0,274,48,35,57.8
Jannik Vestergaard,dk DEN,DF,Southampton,27,1992,28.6,3,1,0,22,12,0,2,38,37,1,0,0,309,108,46,70.1
Rúben Vinagre,pt POR,DF,Wolves,21,1999,1.9,0,0,0,2,0,0,4,1,3,0,0,0,19,3,3,50
Carlos Vinícius,br BRA,FW,Tottenham,25,1995,3.4,2,0,0,11,5,2,2,1,0,0,0,0,10,11,20,35.5
João Virgínia,pt POR,GK,Everton,20,1999,0.5,0,0,0,0,1,0,0,0,0,0,0,0,1,0,0,
Vitinha,pt POR,MF,Wolves,20,2000,5.8,0,0,0,12,9,1,3,4,7,0,0,0,36,0,2,0
Jake Vokins,eng ENG,DF,Southampton,20,2000,0.7,0,0,0,2,0,1,2,0,0,0,0,0,2,0,0,
Matěj Vydra,cz CZE,FW,Burnley,28,1992,15.2,0,0,0,7,15,12,6,5,6,0,0,0,49,31,97,24.2
Theo Walcott,eng ENG,MFFW,Southampton,31,1989,18,0,0,0,16,32,8,34,9,18,0,0,0,115,8,29,21.6
Theo Walcott,eng ENG,FW,Everton,31,1989,0.1,0,0,0,0,0,0,0,0,0,0,0,0,0,0,0,
Kyle Walker,eng ENG,DF,Manchester City,30,1990,21.6,1,0,0,25,15,1,24,15,27,0,3,0,187,28,14,66.7
Kyle Walker-Peters,eng ENG,DF,Southampton,23,1997,29.4,4,0,0,37,48,7,22,40,43,1,1,0,275,20,39,33.9
Aaron Wan-Bissaka,eng ENG,DF,Manchester Utd,22,1997,34,3,0,0,33,20,1,57,66,52,0,0,0,267,46,35,56.8
Joel Ward,eng ENG,DF,Crystal Palace,30,1989,25.1,5,0,0,34,14,1,15,52,26,0,1,0,227,59,42,58.4
James Ward-Prowse,eng ENG,MF,Southampton,25,1994,38,5,0,0,55,37,0,52,44,57,0,1,0,483,49,64,43.4
Ollie Watkins,eng ENG,FW,Aston Villa,24,1995,37,4,1,1,49,69,30,36,12,22,0,0,0,121,139,178,43.8
Caleb Watts,au AUS,MFFW,Southampton,18,2002,0.4,1,0,0,1,1,0,1,0,1,0,0,0,2,1,3,25
Adam Webster,eng ENG,DF,Brighton,25,1995,28.8,4,0,0,25,19,1,2,40,21,0,0,0,320,90,50,64.3
Danny Welbeck,eng ENG,FW,Brighton,29,1990,17.2,0,0,0,21,20,5,5,5,8,2,0,0,61,20,47,29.9
Timo Werner,de GER,FW,Chelsea,24,1996,28.9,2,0,0,32,36,26,48,6,18,5,0,0,144,13,41,24.1
Ashley Westwood,eng ENG,MF,Burnley,30,1990,37.9,7,0,0,50,53,0,71,48,14,0,0,0,420,14,31,31.1
Ben White,eng ENG,DFMF,Brighton,22,1997,35.5,5,1,1,39,14,1,19,45,33,0,0,0,302,52,46,53.1
Georginio Wijnaldum,nl NED,MF,Liverpool,29,1990,32.7,1,0,0,19,34,0,4,25,24,0,0,0,295,37,50,42.5
Brandon Williams,eng ENG,DF,Manchester Utd,19,2000,2.1,0,0,0,3,3,0,1,9,1,0,0,0,13,0,1,0
Neco Williams,wls WAL,DF,Liverpool,19,2001,2.8,1,0,0,4,6,0,11,5,5,0,1,0,24,3,3,50
Rhys Williams,eng ENG,DF,Liverpool,19,2001,7.3,0,0,0,4,3,0,0,8,2,0,0,0,76,32,7,82.1
Willian,br BRA,FWMF,Arsenal,31,1988,15.6,0,0,0,9,27,4,44,12,6,0,0,0,84,6,16,27.3
Joe Willock,eng ENG,MF,Newcastle Utd,20,1999,10.9,0,0,0,15,23,0,10,32,25,1,1,0,80,13,25,34.2
Joe Willock,eng ENG,MF,Arsenal,20,1999,2.6,1,0,0,5,4,1,5,5,4,0,0,0,21,7,5,58.3
Callum Wilson,eng ENG,FW,Newcastle Utd,28,1992,23.2,2,0,0,47,48,23,13,3,10,2,0,0,87,39,127,23.5
Harry Winks,eng ENG,MF,Tottenham,24,1996,9.6,5,0,0,12,14,0,2,16,14,0,0,0,102,8,6,57.1
Chris Wood,nz NZL,FW,Burnley,28,1991,30.5,0,0,0,42,33,25,4,5,11,1,0,0,101,168,215,43.9
Granit Xhaka,ch SUI,MFDF,Arsenal,27,1992,28,7,1,0,47,43,1,6,25,37,0,0,0,317,46,33,58.2
Andriy Yarmolenko,ua UKR,FWMF,West Ham,30,1989,4.2,3,0,0,9,7,5,11,3,4,0,0,0,29,3,3,50
DeAndre Yedlin,us USA,DF,Newcastle Utd,27,1993,4.8,0,0,0,5,5,1,8,3,6,0,0,0,28,4,3,57.1
Okay Yokuşlu,tr TUR,MF,West Brom,26,1994,14.6,4,0,0,34,33,0,3,42,33,0,2,0,203,41,20,67.2
Wilfried Zaha,ci CIV,FW,Crystal Palace,27,1992,29,6,0,0,42,98,22,51,27,24,1,0,0,140,10,39,20.4
Andre-Frank Zambo Anguissa,cm CMR,MF,Fulham,24,1995,28.7,6,0,0,50,45,0,13,55,53,0,0,0,330,55,38,59.1
Andi Zeqiri,ch SUI,FWDF,Brighton,21,1999,1.9,0,0,0,2,3,0,5,0,3,0,0,0,12,2,5,28.6
Oleksandr Zinchenko,ua UKR,DF,Manchester City,23,1996,16.4,0,0,0,8,7,1,17,20,13,0,0,0,153,24,14,63.2
Hakim Ziyech,ma MAR,FWMF,Chelsea,27,1993,13,3,0,0,23,20,4,42,10,7,0,0,0,94,3,22,12
Kurt Zouma,fr FRA,DF,Chelsea,25,1994,22.5,3,0,0,21,8,0,0,26,13,0,0,0,210,97,34,74
