Player,Nation,Pos,Squad,Age,Born,MP,Min,Mn/MP,Min%,90s,Starts,Mn/Start,Compl,Subs,Mn/Sub,unSub,PPM,onG,onGA,+/-,+/-90,On-Off,onxG,onxGA,xG+/-,xG+/-90,On-Off
Patrick van Aanholt,nl NED,DF,Crystal Palace,29,1990,22,1777,81,52,19.7,20,88,19,2,11,11,1.05,19,36,-17,-0.86,-0.42,15.9,29.8,-13.8,-0.7,-0.09
Tammy Abraham,eng ENG,FW,Chelsea,22,1997,22,1040,47,30.4,11.6,12,74,7,10,15,8,1.77,23,12,11,0.95,0.54,21.1,8.8,12.2,1.06,0.34
Che Adams,sct SCO,FW,Southampton,24,1996,36,2667,74,78,29.6,30,84,16,6,25,0,1.11,39,51,-12,-0.4,0.67,32.8,39.9,-7.1,-0.24,0.33
Tosin Adarabioyo,eng ENG,DF,Fulham,22,1997,33,2953,89,86.3,32.8,33,89,32,0,,1,0.85,24,41,-17,-0.52,1.22,36.7,46.1,-9.4,-0.29,0.15
Adrián,es ESP,GK,Liverpool,33,1987,3,270,90,7.9,3,3,90,3,0,,27,1.33,6,9,-3,-1,-1.83,6.8,5.8,1,0.33,-0.42
Sergio Agüero,ar ARG,FWMF,Manchester City,32,1988,12,559,47,16.3,6.2,7,69,2,5,16,7,2.42,11,4,7,1.13,-0.26,12.2,4.4,7.8,1.26,0.18
Ola Aina,ng NGA,DF,Fulham,23,1996,31,2664,86,77.9,29.6,31,86,24,0,,4,0.84,22,36,-14,-0.47,0.96,31.8,41.4,-9.6,-0.32,-0.08
Rayan Aït Nouri,fr FRA,DF,Wolves,19,2001,21,1404,67,41.1,15.6,16,83,10,5,15,8,1,16,23,-7,-0.45,-0.05,16.8,18.3,-1.5,-0.09,0.11
Semi Ajayi,ng NGA,DF,West Brom,26,1993,33,2780,84,81.3,30.9,31,88,30,2,26,4,0.64,31,71,-40,-1.29,-1.15,26.4,58.2,-31.7,-1.03,-0.71
Nathan Aké,nl NED,DF,Manchester City,25,1995,10,797,80,23.3,8.9,9,86,8,1,20,7,1.7,16,13,3,0.34,-1.31,15.5,9.3,6.2,0.7,-0.53
Marc Albrighton,eng ENG,DFFW,Leicester City,30,1989,31,1746,56,51.1,19.4,17,80,9,14,27,7,1.9,36,22,14,0.72,0.51,30.7,25,5.6,0.29,0.15
Thiago Alcántara,es ESP,MF,Liverpool,29,1991,24,1854,77,54.2,20.6,20,85,13,4,40,1,1.71,34,18,16,0.78,0.2,40.5,23.2,17.3,0.84,0.27
Toby Alderweireld,be BEL,DF,Tottenham,31,1989,25,2240,90,65.5,24.9,25,90,24,0,,10,1.8,44,25,19,0.76,0.46,34.9,31.1,3.8,0.15,0.06
Kyle Alex John,eng ENG,DF,Everton,19,2001,0,,,,,0,,,0,,6,,,,,,,,,,,
Rúnar Alex Rúnarsson,is ISL,GK,Arsenal,25,1995,1,16,16,0.5,0.2,0,,0,1,16,21,0,0,0,0,0,-0.42,0.1,0.5,-0.4,-2.03,-2.28
Trent Alexander-Arnold,eng ENG,DF,Liverpool,21,1998,36,3031,84,88.6,33.7,34,88,30,2,19,0,1.81,60,40,20,0.59,-0.79,65.3,40.4,24.9,0.74,0.2
Ezgjan Alioski,mk MKD,DF,Leeds United,28,1992,36,2461,68,72,27.3,29,79,19,7,22,2,1.64,47,35,12,0.44,0.81,45.7,43.2,2.5,0.09,0.83
Alisson,br BRA,GK,Liverpool,27,1992,33,2970,90,86.8,33,33,90,33,0,,0,1.88,58,32,26,0.79,0.79,63.9,37.9,26,0.79,0.53
Allan,br BRA,MF,Everton,29,1991,24,2051,85,60,22.8,23,88,21,1,33,2,1.54,27,30,-3,-0.13,-0.26,30.6,31.5,-0.9,-0.04,0.23
Dele Alli,eng ENG,MF,Tottenham,24,1996,15,620,41,18.1,6.9,7,70,1,8,16,8,1.33,11,9,2,0.29,-0.38,11,10.4,0.6,0.09,-0.05
Miguel Almirón,py PAR,MFFW,Newcastle Utd,26,1994,34,2429,71,71,27,28,82,12,6,20,2,1.18,30,48,-18,-0.67,-0.85,28.8,37.5,-8.7,-0.32,0.06
Marcos Alonso,es ESP,DF,Chelsea,29,1990,13,960,74,28.1,10.7,11,84,9,2,20,9,2.08,15,13,2,0.19,-0.54,17,11.2,5.8,0.54,-0.39
Steven Alzate,co COL,MFDF,Brighton,21,1998,15,896,60,26.2,10,10,76,4,5,28,20,0.93,10,17,-7,-0.7,-0.74,11.2,10.3,0.9,0.09,-0.38
Daniel Amartey,gh GHA,DF,Leicester City,25,1994,12,722,60,21.1,8,8,80,6,4,21,14,1.54,13,14,-1,-0.12,-0.76,10.7,11,-0.3,-0.04,-0.32
Ethan Ampadu,wls WAL,DFMF,Sheffield Utd,19,2000,25,2089,84,61.1,23.2,23,86,19,2,53,4,0.52,12,41,-29,-1.25,-0.3,19.1,38.7,-19.6,-0.85,-0.07
Joachim Andersen,dk DEN,DF,Fulham,24,1996,31,2730,88,79.8,30.3,30,89,29,1,59,0,0.87,22,35,-13,-0.43,1.27,34.1,40.2,-6.2,-0.2,0.51
Elliot Anderson,sct SCO,MF,Newcastle Utd,17,2002,1,4,4,0.1,0,0,,0,1,4,8,0,0,0,0,0,0.42,0,0.3,-0.3,-7.28,-6.95
Felipe Anderson,br BRA,FWMF,West Ham,27,1993,2,3,2,0.1,0,0,,0,2,2,2,0,0,0,0,0,-0.4,0.1,0.2,-0.1,-3.63,-3.78
Florin Andone,ro ROU,FW,Brighton,27,1993,0,,,,,0,,,0,,1,,,,,,,,,,,
Faustino Anjorin,eng ENG,MF,Chelsea,18,2001,0,,,,,0,,,0,,3,,,,,,,,,,,
Michail Antonio,jm JAM,FW,West Ham,30,1990,26,1974,76,57.7,21.9,24,80,12,2,23,0,1.85,38,25,13,0.59,0.47,35.6,23,12.6,0.57,1.01
Alphonse Areola,fr FRA,GK,Fulham,27,1993,36,3240,90,94.7,36,36,90,36,0,,2,0.78,27,48,-21,-0.58,1.92,40.2,49.9,-9.8,-0.27,0.66
Stuart Armstrong,sct SCO,MF,Southampton,28,1992,33,2764,84,80.8,30.7,32,86,21,1,13,1,1.24,39,56,-17,-0.55,0,33.8,44.6,-10.8,-0.35,-0.21
Kepa Arrizabalaga,es ESP,GK,Chelsea,25,1994,7,585,84,17.1,6.5,6,90,6,1,45,28,1.14,9,8,1,0.15,-0.51,10.8,9.2,1.7,0.26,-0.68
Ryan Astley,wls WAL,DF,Everton,18,2001,0,,,,,0,,,0,,1,,,,,,,,,,,
Pierre-Emerick Aubameyang,ga GAB,FW,Arsenal,31,1989,29,2332,80,68.2,25.9,26,87,19,3,23,3,1.52,34,26,8,0.31,-0.35,34,30.3,3.7,0.14,-0.31
Serge Aurier,ci CIV,DF,Tottenham,27,1992,19,1605,84,46.9,17.8,19,84,15,0,,6,1.53,35,22,13,0.73,0.23,23.2,24.1,-0.9,-0.05,-0.35
Charlie Austin,eng ENG,FW,West Brom,31,1989,5,138,28,4,1.5,0,,0,5,28,3,0.4,2,5,-3,-1.96,-0.91,0.6,4.9,-4.3,-2.79,-1.98
Jordan Ayew,gh GHA,FWMF,Crystal Palace,28,1991,33,2096,64,61.3,23.3,23,84,12,10,17,3,1.09,21,42,-21,-0.9,-0.63,15.4,36.5,-21.1,-0.91,-0.64
Luke Ayling,eng ENG,DF,Leeds United,28,1991,38,3399,89,99.4,37.8,38,89,37,0,,0,1.55,62,54,8,0.21,0.21,56.5,62.6,-6.1,-0.16,-3.04
Miguel Azeez,eng ENG,MF,Arsenal,17,2002,0,,,,,0,,,0,,1,,,,,,,,,,,
César Azpilicueta,es ESP,DF,Chelsea,30,1989,26,2188,84,64,24.3,24,89,20,2,26,12,1.92,39,20,19,0.78,0.56,40.7,18.7,22,0.91,0.24
Eric Bailly,ci CIV,DF,Manchester Utd,26,1994,12,916,76,26.8,10.2,10,90,9,2,11,14,1.92,16,17,-1,-0.1,-1.18,14.7,14.2,0.4,0.04,-0.59
Fabián Balbuena,py PAR,DF,West Ham,28,1991,14,1198,86,35,13.3,13,89,12,1,38,20,1.71,21,19,2,0.15,-0.38,16.5,19.9,-3.4,-0.25,-0.62
George Baldock,gr GRE,DF,Sheffield Utd,27,1993,32,2787,87,81.5,31,32,87,30,0,,3,0.63,14,51,-37,-1.19,-0.34,25,54.1,-29.1,-0.94,-0.66
Gareth Bale,wls WAL,FW,Tottenham,31,1989,20,920,46,26.9,10.2,10,71,0,10,21,10,1.45,21,12,9,0.88,0.38,16.4,10.3,6,0.59,0.63
Patrick Bamford,eng ENG,FW,Leeds United,26,1993,38,3050,80,89.2,33.9,37,81,24,1,45,0,1.55,51,50,1,0.03,-1.67,51.4,54.7,-3.3,-0.1,0.42
Jamal Baptiste,eng ENG,DF,West Ham,16,2003,0,,,,,0,,,0,,1,,,,,,,,,,,
Phil Bardsley,sct SCO,DF,Burnley,35,1985,4,274,69,8,3,3,90,3,1,4,23,0.75,3,8,-5,-1.64,-1.16,3,4.1,-1.1,-0.36,0.11
Ross Barkley,eng ENG,MF,Chelsea,26,1993,2,42,21,1.2,0.5,0,,0,2,21,1,1.5,1,0,1,2.14,1.58,0.3,0.9,-0.6,-1.25,-2.1
Ross Barkley,eng ENG,MF,Aston Villa,26,1993,24,1531,64,44.8,17,18,77,6,6,26,4,1.08,26,24,2,0.12,-0.22,22.5,24.6,-2.1,-0.13,-0.23
Ashley Barnes,eng ENG,FW,Burnley,30,1989,22,1331,61,38.9,14.8,15,81,5,7,16,3,1.09,11,19,-8,-0.54,0.06,15.4,20.3,-4.9,-0.33,0.22
Harvey Barnes,eng ENG,FWMF,Leicester City,22,1997,25,1945,78,56.9,21.6,22,84,15,3,31,1,1.84,36,25,11,0.51,0.08,28.1,26.4,1.7,0.08,-0.33
Kyle Bartley,eng ENG,DF,West Brom,29,1991,30,2584,86,75.6,28.7,28,90,27,2,35,3,0.73,31,53,-22,-0.77,1.28,29.1,52.8,-23.7,-0.82,0.28
Chris Basham,eng ENG,DFMF,Sheffield Utd,32,1988,31,2576,83,75.3,28.6,31,83,21,0,,0,0.55,14,51,-37,-1.29,-0.65,23.3,45,-21.7,-0.76,0.24
Michy Batshuayi,be BEL,FW,Crystal Palace,26,1993,18,728,40,21.3,8.1,7,79,2,11,16,17,0.94,10,15,-5,-0.62,0.05,8.8,11.5,-2.7,-0.33,0.42
Jan Bednarek,pl POL,DF,Southampton,24,1996,36,3100,86,90.6,34.4,36,86,32,0,,1,1.11,41,59,-18,-0.52,0.32,37.6,48.6,-11,-0.32,-0.09
Donny van de Beek,nl NED,MFFW,Manchester Utd,23,1997,19,524,28,15.3,5.8,4,79,3,15,14,15,1.89,18,12,6,1.03,0.32,13.5,7.8,5.8,0.99,0.61
Héctor Bellerín,es ESP,DF,Arsenal,25,1995,25,2089,84,61.1,23.2,24,86,20,1,22,9,1.48,26,24,2,0.09,-0.86,28.6,29,-0.3,-0.01,-0.66
Saïd Benrahma,dz ALG,FWMF,West Ham,24,1995,30,1391,46,40.7,15.5,14,77,2,16,20,2,1.77,26,19,7,0.45,0.1,23.2,21.5,1.7,0.11,-0.06
Josh Benson,eng ENG,MF,Burnley,20,1999,6,264,44,7.7,2.9,2,82,1,4,25,17,1.17,1,7,-6,-2.05,-1.59,1.9,6.3,-4.5,-1.52,-1.14
Christian Benteke,be BEL,FW,Crystal Palace,29,1990,30,1816,61,53.1,20.2,21,81,11,9,13,4,1.07,23,34,-11,-0.55,0.24,19.5,29.6,-10,-0.5,0.34
Gaetano Berardi,ch SUI,DF,Leeds United,31,1988,2,113,57,3.3,1.3,1,68,0,1,45,9,3,4,0,4,3.19,3.08,2,1.8,0.2,0.14,0.29
Jóhann Berg Guðmundsson,is ISL,MF,Burnley,29,1990,22,1363,62,39.9,15.1,16,76,4,6,24,4,0.86,15,24,-9,-0.59,-0.03,17.2,21.9,-4.7,-0.31,0.26
Sander Berge,no NOR,MF,Sheffield Utd,22,1998,15,1120,75,32.7,12.4,13,82,11,2,30,0,0.07,6,23,-17,-1.37,-0.35,12.2,20.5,-8.3,-0.67,0.22
Steven Bergwijn,nl NED,FWMF,Tottenham,22,1997,21,1208,58,35.3,13.4,13,79,2,8,22,5,1.67,21,15,6,0.45,-0.24,13.8,20.5,-6.7,-0.5,-0.98
Adrian Bernabe,es ESP,MF,Manchester City,19,2001,0,,,,,0,,,0,,5,,,,,,,,,,,
Bernard,br BRA,MFFW,Everton,27,1992,12,455,38,13.3,5.1,3,79,1,9,24,21,0.5,4,7,-3,-0.59,-0.65,3.8,7.5,-3.7,-0.74,-0.7
Bernardo,br BRA,DFMF,Brighton,25,1995,3,206,69,6,2.3,2,90,2,1,26,9,0,0,3,-3,-1.31,-1.23,1.1,4.7,-3.6,-1.58,-2.07
Ryan Bertrand,eng ENG,DF,Southampton,30,1989,29,2598,90,76,28.9,29,90,28,0,,0,1.14,36,51,-15,-0.52,0.14,31.2,39.5,-8.4,-0.29,0.09
Nathan Bishop,eng ENG,GK,Manchester Utd,20,1999,0,,,,,0,,,0,,1,,,,,,,,,,,
Yves Bissouma,ml MLI,MF,Brighton,23,1996,36,3111,86,91,34.6,35,88,30,1,29,0,1.14,36,42,-6,-0.17,-0.17,46,33.3,12.8,0.37,0.04
Jayden Bogle,eng ENG,DF,Sheffield Utd,20,2000,16,1110,69,32.5,12.3,12,85,9,4,24,7,0.81,9,20,-11,-0.89,0.35,9.7,19.6,-9.9,-0.8,0.03
Mateusz Bogusz,pl POL,MF,Leeds United,18,2001,0,,,,,0,,,0,,1,,,,,,,,,,,
Willy Boly,ci CIV,DF,Wolves,29,1991,21,1879,89,54.9,20.9,21,89,20,0,,5,1.29,19,29,-10,-0.48,-0.13,19.7,24.9,-5.2,-0.25,-0.21
Jarrod Bowen,eng ENG,FWMF,West Ham,23,1996,38,2562,67,74.9,28.5,30,79,6,8,23,0,1.71,43,33,10,0.35,-0.17,38.1,33.7,4.4,0.15,0.03
Harry Boyes,eng ENG,MF,Sheffield Utd,18,2001,0,,,,,0,,,0,,1,,,,,,,,,,,
Robbie Brady,ie IRL,MF,Burnley,28,1992,19,1052,55,30.8,11.7,12,75,4,7,21,2,1.58,8,6,2,0.17,1.08,8.9,15.7,-6.8,-0.58,-0.16
Jarrad Branthwaite,eng ENG,DF,Everton,18,2002,0,,,,,0,,,0,,4,,,,,,,,,,,
Rhian Brewster,eng ENG,FW,Sheffield Utd,20,2000,27,1128,42,33,12.5,12,66,2,15,22,7,0.63,7,16,-9,-0.72,0.62,12,17.2,-5.2,-0.41,0.6
Nathan Broadhead,wls WAL,MF,Everton,22,1998,1,3,3,0.1,0,0,,0,1,3,7,1,0,0,0,0,0.03,0.1,0.1,0,-0.44,-0.31
Josh Brownhill,eng ENG,MF,Burnley,24,1995,33,2813,85,82.3,31.3,32,87,29,1,26,1,1.06,25,42,-17,-0.54,0.2,33.9,46.6,-12.7,-0.41,0.34
Zak Brunt,eng ENG,MF,Sheffield Utd,18,2001,0,,,,,0,,,0,,7,,,,,,,,,,,
Joe Bryan,eng ENG,DFFW,Fulham,26,1993,16,669,42,19.6,7.4,7,84,5,9,9,18,0.69,6,17,-11,-1.48,-0.99,6.4,12.1,-5.6,-0.76,-0.56
Kean Bryan,eng ENG,DF,Sheffield Utd,23,1996,13,1004,77,29.4,11.2,12,82,8,1,24,10,0.69,5,17,-12,-1.08,0.08,7.4,22.3,-14.9,-1.33,-0.73
Hugo Bueno,es ESP,DF,Wolves,17,2002,0,,,,,0,,,0,,1,,,,,,,,,,,
Oliver Burke,sct SCO,FW,Sheffield Utd,23,1997,25,1269,51,37.1,14.1,14,67,1,11,30,8,0.64,6,21,-15,-1.06,0.11,10.4,22.2,-11.8,-0.84,-0.04
Dan Burn,eng ENG,DF,Brighton,28,1992,27,2061,76,60.3,22.9,23,87,20,4,17,10,1.26,20,28,-8,-0.35,-0.48,27.2,24.4,2.8,0.12,-0.62
Jack Butland,eng ENG,GK,Crystal Palace,27,1993,1,90,90,2.6,1,1,90,1,0,,30,3,3,2,1,1,1.7,1.6,1.3,0.2,0.22,0.9
David Button,eng ENG,GK,West Brom,31,1989,1,90,90,2.6,1,1,90,1,0,,37,3,3,2,1,1,2.14,2.3,2.2,0,0.02,0.94
Oskar Buur,dk DEN,DF,Wolves,22,1998,1,22,22,0.6,0.2,0,,0,1,22,2,3,0,0,0,0,0.42,0.9,0.5,0.4,1.64,1.81
Willy Caballero,ar ARG,GK,Chelsea,38,1981,1,90,90,2.6,1,1,90,1,0,,6,1,3,3,0,0,-0.59,2.2,1,1.3,1.27,0.46
Gary Cahill,eng ENG,DF,Crystal Palace,34,1985,20,1800,90,52.6,20,20,90,20,0,,7,1.15,23,39,-16,-0.8,-0.3,15.9,33.4,-17.5,-0.87,-0.46
Moisés Caicedo,ec ECU,MF,Brighton,18,2001,0,,,,,0,,,0,,4,,,,,,,,,,,
Jake Cain,eng ENG,MF,Liverpool,18,2001,0,,,,,0,,,0,,2,,,,,,,,,,,
Tom Cairney,sct SCO,MF,Fulham,29,1991,10,759,76,22.2,8.4,9,83,7,1,8,5,0.5,6,15,-9,-1.07,-0.49,9.2,13.1,-3.9,-0.46,-0.19
Dominic Calvert-Lewin,eng ENG,FW,Everton,23,1997,33,2871,87,83.9,31.9,32,89,26,1,29,0,1.64,41,39,2,0.06,0.55,41.7,42.2,-0.4,-0.01,0.71
João Cancelo,pt POR,DF,Manchester City,26,1994,28,2299,82,67.2,25.5,27,84,23,1,20,6,2.18,51,18,33,1.29,-0.15,53.2,19.4,33.8,1.32,0.67
Elia Caprile,it ITA,GK,Leeds United,18,2001,0,,,,,0,,,0,,5,,,,,,,,,,,
Ian Carlo Poveda,eng ENG,MFDF,Leeds United,20,2000,14,355,25,10.4,3.9,0,,0,14,25,18,1.14,4,5,-1,-0.25,-0.52,6,8.9,-2.9,-0.75,-0.67
Andy Carroll,eng ENG,FW,Newcastle Utd,31,1989,18,392,22,11.5,4.4,4,68,0,14,9,17,0.89,6,8,-2,-0.46,-0.04,4.2,7.9,-3.7,-0.86,-0.58
Scott Carson,eng ENG,GK,Manchester City,34,1985,1,90,90,2.6,1,1,90,1,0,,3,3,4,3,1,1,-0.35,1.3,2.2,-0.9,-0.91,-2.07
Fabio Carvalho,pt POR,MFFW,Fulham,17,2002,4,255,64,7.5,2.8,3,81,2,1,13,1,0.25,1,6,-5,-1.76,-1.17,2.8,4.1,-1.4,-0.48,-0.19
Oliver Casey,eng ENG,DF,Leeds United,19,2000,0,,,,,0,,,0,,9,,,,,,,,,,,
Matty Cash,pl POL,DF,Aston Villa,22,1997,28,2372,85,69.4,26.4,28,85,22,0,,1,1.5,42,35,7,0.27,0.09,37.1,38.4,-1.3,-0.05,-0.17
Kiko Casilla,es ESP,GK,Leeds United,33,1986,3,270,90,7.9,3,3,90,3,0,,31,2,5,2,3,1,0.86,3.6,4.2,-0.6,-0.2,-0.06
Timothy Castagne,be BEL,DF,Leicester City,24,1995,27,2345,87,68.6,26.1,27,87,25,0,,0,1.7,51,37,14,0.54,0.2,36.8,31.3,5.5,0.21,-0.03
Jonny Castro,es ESP,DF,Wolves,26,1994,7,495,71,14.5,5.5,7,71,2,0,,0,1.29,3,4,-1,-0.18,0.28,5.7,5.6,0.1,0.02,0.2
Ivan Cavaleiro,pt POR,FWMF,Fulham,26,1993,36,2472,69,72.3,27.5,27,85,15,9,21,0,0.75,19,43,-24,-0.87,-0.68,28.6,40,-11.4,-0.42,-0.39
Edinson Cavani,uy URU,FW,Manchester Utd,33,1987,26,1375,53,40.2,15.3,13,81,8,13,25,0,1.85,28,17,11,0.72,-0.07,23.9,16.3,7.6,0.5,0.04
Dani Ceballos,es ESP,MF,Arsenal,23,1996,25,1615,65,47.2,17.9,17,84,11,8,24,10,1.28,23,17,6,0.33,-0.16,26,19,7.1,0.39,0.29
Calum Chambers,eng ENG,DF,Arsenal,25,1995,10,753,75,22,8.4,8,89,7,2,21,8,2,16,10,6,0.72,0.38,11.5,10.5,1,0.12,-0.15
Kgagelo Chauke,eng ENG,MF,Southampton,17,2003,0,,,,,0,,,0,,10,,,,,,,,,,,
Ben Chilwell,eng ENG,DF,Chelsea,23,1996,27,2286,85,66.8,25.4,27,85,22,0,,7,1.7,38,23,15,0.59,0.03,42.9,20.2,22.8,0.9,0.23
Hamza Choudhury,eng ENG,MF,Leicester City,22,1997,10,316,32,9.2,3.5,4,71,1,6,6,21,1.8,3,2,1,0.28,-0.21,4.8,4.7,0.1,0.03,-0.21
Andreas Christensen,dk DEN,DF,Chelsea,24,1996,17,1371,81,40.1,15.2,15,84,13,2,57,6,1.94,21,15,6,0.39,-0.31,26.1,14.5,11.5,0.76,-0.11
Cyrus Christie,ie IRL,DFMF,Fulham,27,1992,0,,,,,0,,,0,,1,,,,,,,,,,,
Carney Chukwuemeka,lk SRI,FWMF,Aston Villa,16,2003,2,20,10,0.6,0.2,0,,0,2,10,5,3,0,0,0,0,-0.24,0.1,0.5,-0.4,-1.78,-1.79
Ciaran Clark,ie IRL,DF,Newcastle Utd,30,1989,22,1891,86,55.3,21,21,88,18,1,37,8,0.95,19,35,-16,-0.76,-0.76,17.5,29.9,-12.4,-0.59,-0.56
Leighton Clarkson,eng ENG,MF,Liverpool,18,2001,0,,,,,0,,,0,,3,,,,,,,,,,,
Nathaniel Clyne,eng ENG,DF,Crystal Palace,29,1991,13,1145,88,33.5,12.7,13,88,11,0,,9,1.31,16,22,-6,-0.47,0.28,12.5,18.3,-5.8,-0.45,0.31
Conor Coady,eng ENG,DF,Wolves,27,1993,37,3303,89,96.6,36.7,37,89,36,0,,0,1.19,35,51,-16,-0.44,-0.44,37.1,44.3,-7.2,-0.2,-1.14
Séamus Coleman,ie IRL,DFMF,Everton,31,1988,25,1613,65,47.2,17.9,18,81,12,7,23,3,1.56,23,19,4,0.22,0.47,23.1,21.6,1.5,0.09,0.41
Aaron Connolly,ie IRL,FW,Brighton,20,2000,17,791,47,23.1,8.8,9,68,1,8,23,11,0.88,12,17,-5,-0.57,-0.53,13.8,7.8,6,0.69,0.42
Liam Cooper,sct SCO,DF,Leeds United,28,1991,25,2185,87,63.9,24.3,25,87,23,0,,1,1.52,38,40,-2,-0.08,-0.81,37.7,40.6,-2.8,-0.12,0.07
Theo Corbeanu,ca CAN,FW,Wolves,18,2002,1,9,9,0.3,0.1,0,,0,1,9,10,0,0,0,0,0,0.42,0.1,0,0.1,0.51,0.67
Jack Cork,eng ENG,MF,Burnley,31,1989,16,1350,84,39.5,15,15,87,12,1,45,5,1,17,24,-7,-0.47,0.19,17.2,22,-4.8,-0.32,0.24
Hélder Costa,ao ANG,MFFW,Leeds United,26,1994,22,1156,53,33.8,12.8,13,74,5,9,22,10,1.27,21,23,-2,-0.16,-0.55,16.7,22.7,-6,-0.47,-0.49
Vladimír Coufal,cz CZE,DF,West Ham,27,1992,34,3054,90,89.3,33.9,34,90,33,0,,1,1.79,57,43,14,0.41,0.17,48.3,44.2,4.1,0.12,-0.26
Conor Coventry,ie IRL,MF,West Ham,20,2000,0,,,,,0,,,0,,7,,,,,,,,,,,
Aaron Cresswell,eng ENG,DF,West Ham,30,1989,36,3170,88,92.7,35.2,36,88,34,0,,0,1.81,60,41,19,0.54,1.98,51.3,42.9,8.4,0.24,1.26
Charlie Cresswell,eng ENG,DF,Leeds United,17,2002,0,,,,,0,,,0,,7,,,,,,,,,,,
Luke Cundle,eng ENG,MF,Wolves,18,2002,0,,,,,0,,,0,,6,,,,,,,,,,,
Patrick Cutrone,it ITA,FW,Wolves,22,1998,2,25,13,0.7,0.3,0,,0,2,13,1,0,0,0,0,0,0.42,0.5,0,0.5,1.91,2.08
Vontae Daley Campbell,eng ENG,DF,Leicester City,19,2001,0,,,,,0,,,0,,10,,,,,,,,,,,
Stuart Dallas,nir NIR,DFMF,Leeds United,29,1991,38,3409,90,99.7,37.9,38,90,36,0,,0,1.55,62,53,9,0.24,8.42,57.4,62,-4.6,-0.12,6.74
Scott Dann,eng ENG,DF,Crystal Palace,33,1987,15,1350,90,39.5,15,15,90,15,0,,15,1.07,13,24,-11,-0.73,-0.12,14.8,21.8,-7,-0.46,0.32
Karl Darlow,eng ENG,GK,Newcastle Utd,29,1990,25,2250,90,65.8,25,25,90,25,0,,6,1,26,43,-17,-0.68,-0.76,23.4,36,-12.6,-0.5,-0.48
Ben Davies,eng ENG,DF,Liverpool,24,1995,0,,,,,0,,,0,,4,,,,,,,,,,,
Ben Davies,wls WAL,DF,Tottenham,27,1993,20,1346,67,39.4,15,14,90,14,6,14,9,1.7,21,16,5,0.33,-0.45,18.6,19.7,-1.1,-0.07,-0.34
Tom Davies,eng ENG,MF,Everton,22,1998,25,1423,57,41.6,15.8,17,79,8,8,9,10,1.76,18,23,-5,-0.32,-0.5,17.8,24.5,-6.7,-0.42,-0.51
Keinan Davis,eng ENG,FWMF,Aston Villa,22,1998,15,277,18,8.1,3.1,1,90,1,14,13,18,0.93,5,1,4,1.3,1.16,4.9,2.5,2.4,0.77,0.83
Leif Davis,eng ENG,DF,Leeds United,20,2000,2,33,17,1,0.4,0,,0,2,17,23,0.5,1,0,1,2.73,2.54,0.7,1.7,-1,-2.76,-2.64
Craig Dawson,eng ENG,DF,West Ham,30,1990,22,1925,88,56.3,21.4,22,88,21,0,,4,1.95,37,23,14,0.65,0.59,32.7,23.9,8.8,0.41,0.61
Kevin De Bruyne,be BEL,MF,Manchester City,29,1991,25,1997,80,58.4,22.2,23,85,17,2,17,4,2.24,45,17,28,1.26,-0.19,41.8,19.5,22.3,1,-0.24
Liam Delap,eng ENG,FW,Manchester City,17,2003,1,40,40,1.2,0.4,0,,0,1,40,5,0,1,4,-3,-6.75,-8.19,0.5,1.8,-1.3,-2.89,-4.05
Fabian Delph,eng ENG,MFDF,Everton,30,1989,8,266,33,7.8,3,2,59,1,6,25,7,1.25,3,6,-3,-1.02,-1.07,2.8,4.7,-1.9,-0.64,-0.55
Leander Dendoncker,be BEL,MFDF,Wolves,25,1995,33,2503,76,73.2,27.8,28,87,25,5,14,1,1.3,25,33,-8,-0.29,0.5,30.4,33.9,-3.5,-0.12,0.12
Alfie Devine,eng ENG,MF,Tottenham,15,2004,0,,,,,0,,,0,,2,,,,,,,,,,,
Mbaye Diagne,sn SEN,FW,West Brom,28,1991,16,1189,74,34.8,13.2,14,82,8,2,24,2,0.94,16,17,-1,-0.08,1.54,16.3,19,-2.7,-0.21,1.06
Amad Diallo,ci CIV,FW,Manchester Utd,18,2002,3,166,55,4.9,1.8,2,79,0,1,8,8,1.33,3,3,0,0,-0.8,2,1.4,0.6,0.33,-0.15
Ibrahima Diallo,fr FRA,MF,Southampton,21,1999,22,1020,46,29.8,11.3,10,86,8,12,13,6,1.14,10,22,-12,-1.06,-0.72,12.9,18.9,-6,-0.53,-0.31
Grady Diangana,eng ENG,MFFW,West Brom,22,1998,20,1235,62,36.1,13.7,15,74,6,5,24,9,0.4,10,33,-23,-1.68,-0.93,8.5,25.6,-17.1,-1.24,-0.55
Rúben Dias,pt POR,DF,Manchester City,23,1997,32,2843,89,83.1,31.6,32,89,30,0,,4,2.31,68,21,47,1.49,0.86,61.3,23.6,37.7,1.19,0.53
Eric Dier,eng ENG,DF,Tottenham,26,1994,28,2520,90,73.7,28,28,90,28,0,,9,1.5,45,34,11,0.39,-0.81,38.5,36.9,1.6,0.06,-0.28
Lucas Digne,fr FRA,DF,Everton,27,1993,30,2681,89,78.4,29.8,30,89,29,0,,0,1.53,39,42,-3,-0.1,-0.34,38.5,40.4,-1.9,-0.06,0.31
Issa Diop,fr FRA,DF,West Ham,23,1997,18,1381,77,40.4,15.3,15,90,15,3,10,17,1.61,24,22,2,0.13,-0.44,20.4,22.7,-2.3,-0.15,-0.5
Moussa Djenepo,ml MLI,MF,Southampton,22,1998,27,1240,46,36.3,13.8,15,70,4,12,16,7,0.96,12,27,-15,-1.09,-0.84,14.6,19.4,-4.8,-0.35,-0.06
Matt Doherty,ie IRL,DF,Tottenham,28,1992,17,1240,73,36.3,13.8,13,89,11,4,22,11,1.88,26,15,11,0.8,0.3,20.7,15.1,5.6,0.41,0.43
Gabriel Dos Santos,br BRA,DF,Arsenal,22,1997,23,1996,87,58.4,22.2,22,89,21,1,45,10,1.57,28,24,4,0.18,-0.58,27.7,24.4,3.3,0.15,-0.23
Abdoulaye Doucouré,ml MLI,MF,Everton,27,1993,29,2443,84,71.4,27.1,29,84,20,0,,1,1.69,35,36,-1,-0.04,-0.04,33.1,36.7,-3.6,-0.13,-0.01
Thomas Doyle,eng ENG,MF,Manchester City,18,2001,0,,,,,0,,,0,,5,,,,,,,,,,,
Cody Drameh,eng ENG,DF,Leeds United,18,2001,0,,,,,0,,,0,,1,,,,,,,,,,,
Anthony Driscoll-Glennon,eng ENG,DF,Burnley,20,1999,0,,,,,0,,,0,,12,,,,,,,,,,,
Martin Dúbravka,sk SVK,GK,Newcastle Utd,31,1989,13,1170,90,34.2,13,13,90,13,0,,11,1.54,20,19,1,0.08,0.76,17.6,18,-0.3,-0.03,0.48
Paul Dummett,wls WAL,DF,Newcastle Utd,28,1991,15,1255,84,36.7,13.9,14,88,12,1,24,5,1.53,20,20,0,0,0.67,17.9,19.9,-2,-0.14,0.31
Lewis Dunk,eng ENG,DF,Brighton,28,1991,33,2931,89,85.7,32.6,33,89,31,0,,0,1.06,34,38,-4,-0.12,0.25,46.8,32.1,14.7,0.45,0.6
Jimmy Dunne,ie IRL,DF,Burnley,22,1997,3,270,90,7.9,3,3,90,3,0,,30,0,2,6,-4,-1.33,-0.82,3.4,2.6,0.8,0.27,0.8
Ederson,br BRA,GK,Manchester City,26,1993,36,3240,90,94.7,36,36,90,36,0,,0,2.22,76,28,48,1.33,-0.17,69.7,28.4,41.2,1.15,0.79
Kyle Edwards,eng ENG,MFFW,West Brom,22,1998,5,118,24,3.5,1.3,1,45,0,4,18,6,0.2,1,3,-2,-1.53,-0.46,0.7,2.5,-1.8,-1.38,-0.5
John Egan,ie IRL,DF,Sheffield Utd,27,1992,31,2629,85,76.9,29.2,30,87,28,1,14,0,0.55,16,47,-31,-1.06,0.3,24.9,45.5,-20.6,-0.71,0.48
Anthony Elanga,se SWE,FW,Manchester Utd,18,2002,2,155,78,4.5,1.7,2,78,1,0,,0,1.5,3,3,0,0,-0.8,2,1.4,0.7,0.38,-0.1
Ahmed Elmohamady,eg EGY,DF,Aston Villa,32,1987,14,839,60,24.5,9.3,8,90,8,6,20,24,1.07,9,9,0,0,-0.31,13.3,11.2,2.1,0.23,0.3
Mohamed Elneny,eg EGY,MF,Arsenal,28,1992,23,1544,67,45.1,17.2,17,85,13,6,16,13,2.04,27,20,7,0.41,-0.02,22.3,21.4,0.9,0.05,-0.35
Björn Engels,be BEL,DF,Aston Villa,25,1994,0,,,,,0,,,0,,23,,,,,,,,,,,
Jonny Evans,nir NIR,DF,Leicester City,32,1988,28,2473,88,72.3,27.5,28,88,25,0,,0,1.79,46,31,15,0.55,0.26,38.7,32,6.7,0.24,0.08
Eberechi Eze,eng ENG,MF,Crystal Palace,22,1998,34,2559,75,74.8,28.4,29,84,19,5,24,2,1.24,30,51,-21,-0.74,-0.32,23.8,44.5,-20.7,-0.73,-0.28
Łukasz Fabiański,pl POL,GK,West Ham,35,1985,35,3150,90,92.1,35,35,90,35,0,,0,1.69,57,44,13,0.37,-0.3,47.4,46.3,1.1,0.03,-1.47
Fabinho,br BRA,DFMF,Liverpool,26,1993,30,2567,86,75.1,28.5,28,90,27,2,24,0,1.87,53,29,24,0.84,0.63,55.8,34.7,21.1,0.74,0.08
Fabricio,es ESP,GK,Fulham,32,1987,0,,,,,0,,,0,,8,,,,,,,,,,,
Bruno Fernandes,pt POR,MF,Manchester Utd,25,1994,37,3099,84,90.6,34.4,35,87,23,2,29,0,1.92,67,36,31,0.9,1.46,55.7,36,19.6,0.57,1.03
Gedson Fernandes,pt POR,MF,Tottenham,21,1999,0,,,,,0,,,0,,3,,,,,,,,,,,
Federico Fernández,ar ARG,DF,Newcastle Utd,31,1989,24,2079,87,60.8,23.1,24,87,20,0,,3,1.33,31,38,-7,-0.3,0.3,25,35,-10,-0.43,-0.24
Fernandinho,br BRA,MF,Manchester City,35,1985,21,1188,57,34.7,13.2,12,85,10,9,19,11,2.38,29,10,19,1.44,0.15,22.7,11.4,11.3,0.85,-0.38
Will Ferry,ie IRL,MF,Southampton,19,2000,0,,,,,0,,,0,,16,,,,,,,,,,,
Sam Field,eng ENG,MF,West Brom,22,1998,3,62,21,1.8,0.7,0,,0,3,21,2,0.33,0,2,-2,-2.9,-1.86,0.1,1.5,-1.4,-2.02,-1.15
Ryan Finnigan,eng ENG,MF,Southampton,16,2003,0,,,,,0,,,0,,2,,,,,,,,,,,
Roberto Firmino,br BRA,FW,Liverpool,28,1991,36,2838,79,83,31.5,33,84,16,3,23,0,1.83,57,39,18,0.57,-0.67,61.2,38.9,22.3,0.71,-0.07
John Fleck,sct SCO,MF,Sheffield Utd,28,1991,31,2575,83,75.3,28.6,29,87,26,2,31,2,0.71,16,47,-31,-1.08,0.19,22.6,46.3,-23.7,-0.83,-0.05
Shane Flynn,ie IRL,DF,Leicester City,18,2001,0,,,,,0,,,0,,1,,,,,,,,,,,
Phil Foden,eng ENG,FWMF,Manchester City,20,2000,28,1616,58,47.3,18,17,82,10,11,20,10,2.14,46,16,30,1.67,0.62,34.8,16.7,18.1,1.01,-0.18
Wes Foderingham,eng ENG,GK,Sheffield Utd,29,1991,0,,,,,0,,,0,,25,,,,,,,,,,,
Wesley Fofana,fr FRA,DF,Leicester City,19,2000,28,2262,81,66.1,25.1,27,83,22,1,25,1,1.64,43,30,13,0.52,0.13,36.4,28.8,7.6,0.3,0.24
Pablo Fornals,es ESP,FWMF,West Ham,24,1996,33,2572,78,75.2,28.6,31,82,16,2,18,3,1.79,43,33,10,0.35,-0.18,41.4,35.1,6.3,0.22,0.3
Fraser Forster,eng ENG,GK,Southampton,32,1988,8,720,90,21.1,8,8,90,8,0,,30,1.5,10,11,-1,-0.12,0.54,10.7,12.4,-1.8,-0.22,0.12
Timothy Fosu-Mensah,nl NED,DF,Manchester Utd,22,1998,1,80,80,2.3,0.9,1,80,0,0,,2,0,1,2,-1,-1.13,-1.93,1.1,1.5,-0.5,-0.51,-1.01
Tyrese Francois,au AUS,DF,Fulham,20,2000,1,15,15,0.4,0.2,0,,0,1,15,0,0,0,1,-1,-6,-5.34,0.1,0.8,-0.7,-3.99,-3.7
Ryan Fraser,sct SCO,FWMF,Newcastle Utd,26,1994,18,928,52,27.1,10.3,9,76,2,9,27,2,0.78,7,17,-10,-0.97,-0.75,10.1,14,-3.9,-0.38,-0.05
Fred,br BRA,MF,Manchester Utd,27,1993,30,2390,80,69.9,26.6,27,84,18,3,41,5,1.97,49,25,24,0.9,0.47,41.7,27,14.7,0.55,0.26
Ryan Fredericks,eng ENG,DFFW,West Ham,27,1992,14,569,41,16.6,6.3,6,81,3,8,11,15,1.07,7,9,-2,-0.32,-0.85,7.8,8.1,-0.3,-0.05,-0.24
Christian Fuchs,at AUT,DF,Leicester City,34,1986,9,702,78,20.5,7.8,8,86,7,1,11,20,2,13,9,4,0.51,0.05,12.7,9.7,3,0.38,0.21
Darnell Furlong,eng ENG,DF,West Brom,24,1995,35,2932,84,85.7,32.6,32,89,31,3,25,3,0.74,29,63,-34,-1.04,0.25,29,58.8,-29.9,-0.92,-0.16
Conor Gallagher,eng ENG,MF,West Brom,20,2000,30,2531,84,74,28.1,28,89,25,2,18,2,0.63,18,48,-30,-1.07,0.05,22.5,47.7,-25.2,-0.9,-0.01
Eric García,es ESP,DF,Manchester City,19,2001,6,383,64,11.2,4.3,3,90,3,3,38,16,1.67,8,12,-4,-0.94,-2.57,4.4,6.9,-2.5,-0.58,-1.9
Taylor Gardner-Hickman,eng ENG,MF,West Brom,18,2001,0,,,,,0,,,0,,4,,,,,,,,,,,
Dwight Gayle,eng ENG,FWMF,Newcastle Utd,29,1990,18,514,29,15,5.7,4,70,1,14,17,9,0.94,5,9,-4,-0.7,-0.33,7.3,8.5,-1.2,-0.21,0.15
Jean-Philippe Gbamin,ci CIV,MF,Everton,24,1995,1,12,12,0.4,0.1,0,,0,1,12,0,1,0,1,-1,-7.5,-7.5,0.5,0.4,0.1,0.45,0.58
David de Gea,es ESP,GK,Manchester Utd,29,1990,26,2295,88,67.1,25.5,26,88,25,0,,7,1.73,46,32,14,0.55,-0.65,37.9,28.5,9.4,0.37,-0.31
Joe Gelhardt,eng ENG,FW,Leeds United,18,2002,0,,,,,0,,,0,,8,,,,,,,,,,,
Anwar El Ghazi,nl NED,FW,Aston Villa,25,1995,28,1613,58,47.2,17.9,17,81,6,11,21,6,1.25,23,22,1,0.06,-0.34,26.3,23.7,2.5,0.14,0.26
Kieran Gibbs,eng ENG,DF,West Brom,30,1989,10,809,81,23.7,9,9,85,8,1,45,7,0.6,10,22,-12,-1.33,-0.34,5.4,19.1,-13.7,-1.52,-0.82
Morgan Gibbs-White,eng ENG,MFFW,Wolves,20,2000,11,414,38,12.1,4.6,4,73,1,7,17,9,0.73,4,6,-2,-0.43,-0.02,5,5,0,0,0.17
Mark Gillespie,eng ENG,GK,Newcastle Utd,28,1992,0,,,,,0,,,0,,20,,,,,,,,,,,
Billy Gilmour,sct SCO,MF,Chelsea,19,2001,5,261,52,7.6,2.9,3,75,2,2,18,12,1.2,5,2,3,1.03,0.49,4.2,3.3,0.9,0.29,-0.57
Olivier Giroud,fr FRA,FW,Chelsea,33,1986,17,748,44,21.9,8.3,8,73,1,9,18,18,1.76,9,5,4,0.48,-0.13,14.4,7.1,7.3,0.88,0.08
Ben Godfrey,eng ENG,DF,Everton,22,1998,31,2685,87,78.5,29.8,29,90,29,2,38,2,1.52,31,35,-4,-0.13,-0.5,33.1,42.1,-9.1,-0.3,-0.81
André Gomes,pt POR,MF,Everton,27,1993,28,1570,56,45.9,17.4,17,76,7,11,26,6,1.61,24,22,2,0.11,0.26,23.8,23.1,0.7,0.04,0.31
Claudio Gomes,fr FRA,MF,Manchester City,20,2000,0,,,,,0,,,0,,1,,,,,,,,,,,
Joe Gomez,eng ENG,DF,Liverpool,23,1997,7,590,84,17.3,6.6,6,85,5,1,80,0,2,15,14,1,0.15,-0.64,15.5,9.1,6.4,0.98,0.32
Anthony Gomez Mancini,fr FRA,MF,Burnley,19,2001,0,,,,,0,,,0,,2,,,,,,,,,,,
Mace Goodridge,eng ENG,MF,Burnley,20,1999,0,,,,,0,,,0,,2,,,,,,,,,,,
Anthony Gordon,eng ENG,FWMF,Everton,19,2001,3,88,29,2.6,1,1,54,0,2,17,8,2,0,0,0,0,0.03,0.6,1,-0.4,-0.38,-0.26
Kyron Gordon,eng ENG,DF,Sheffield Utd,18,2002,0,,,,,0,,,0,,6,,,,,,,,,,,
Karlan Grant,eng ENG,FWMF,West Brom,22,1997,21,1127,54,33,12.5,14,71,1,7,20,10,0.43,7,26,-19,-1.52,-0.65,8.8,19,-10.2,-0.82,0.12
Lee Grant,eng ENG,GK,Manchester Utd,37,1983,0,,,,,0,,,0,,6,,,,,,,,,,,
Demarai Gray,eng ENG,FW,Leicester City,24,1996,1,19,19,0.6,0.2,0,,0,1,19,0,1,1,0,1,4.74,4.29,0.3,0,0.3,1.33,1.12
Jack Grealish,eng ENG,FWMF,Aston Villa,24,1995,26,2185,84,63.9,24.3,24,89,22,2,23,0,1.65,40,28,12,0.49,0.71,37.3,33.6,3.6,0.15,0.41
Mason Greenwood,eng ENG,FW,Manchester Utd,18,2001,31,1822,59,53.3,20.2,21,78,7,10,19,4,1.77,39,24,15,0.74,-0.05,31.5,23.5,8,0.39,-0.17
Sam Greenwood,eng ENG,MF,Leeds United,18,2002,0,,,,,0,,,0,,1,,,,,,,,,,,
Kamil Grosicki,pl POL,FWMF,West Brom,32,1988,3,148,49,4.3,1.6,2,69,0,1,11,7,1,4,5,-1,-0.61,0.49,2.4,3,-0.6,-0.35,0.56
Pascal Groß,de GER,MFDF,Brighton,29,1991,34,2484,73,72.6,27.6,27,89,24,7,13,4,1.06,27,28,-1,-0.04,0.44,37.6,26.3,11.3,0.41,0.16
Vicente Guaita,es ESP,GK,Crystal Palace,33,1987,37,3330,90,97.4,37,37,90,37,0,,1,1.11,38,64,-26,-0.7,-1.7,30.9,56.1,-25.3,-0.68,-0.9
Frederic Guilbert,fr FRA,DFMF,Aston Villa,25,1994,0,,,,,0,,,0,,8,,,,,,,,,,,
İlkay Gündoğan,de GER,MF,Manchester City,29,1990,28,2029,72,59.3,22.5,23,84,16,5,19,6,2.36,55,16,39,1.73,0.95,46.1,16.8,29.4,1.3,0.49
Antwoine Hackford,eng ENG,FWDF,Sheffield Utd,16,2004,1,11,11,0.3,0.1,0,,0,1,11,0,0,0,0,0,0,1.14,0.2,0.1,0.1,0.91,1.73
Sébastien Haller,ci CIV,FW,West Ham,26,1994,16,937,59,27.4,10.4,10,84,7,6,17,0,1.56,10,12,-2,-0.19,-0.81,12.1,15.3,-3.1,-0.3,-0.62
Reece Hannam,eng ENG,DF,Crystal Palace,19,2000,0,,,,,0,,,0,,5,,,,,,,,,,,
Rekeem Harper,eng ENG,MF,West Brom,20,2000,2,32,16,0.9,0.4,0,,0,2,16,8,0,0,2,-2,-5.63,-4.59,0.2,1.9,-1.6,-4.53,-3.67
Jack Harrison,eng ENG,MF,Leeds United,23,1996,36,2847,79,83.2,31.6,34,82,22,2,36,0,1.53,54,45,9,0.28,0.44,50.3,51,-0.7,-0.02,0.72
Joe Hart,eng ENG,GK,Tottenham,33,1987,0,,,,,0,,,0,,38,,,,,,,,,,,
Taylor Harwood-Bellis,eng ENG,DF,Manchester City,18,2002,0,,,,,0,,,0,,2,,,,,,,,,,,
Kortney Hause,eng ENG,DF,Aston Villa,25,1995,7,630,90,18.4,7,7,90,7,0,,10,2,13,6,7,1,0.94,13,8,5,0.71,0.87
Kai Havertz,de GER,MFFW,Chelsea,21,1999,27,1520,56,44.4,16.9,18,78,8,9,13,4,1.41,31,15,16,0.95,0.66,29.7,13.7,16,0.95,0.23
Isaac Hayden,eng ENG,MFDF,Newcastle Utd,25,1995,24,1942,81,56.8,21.6,22,86,19,2,27,3,1,22,33,-11,-0.51,-0.21,21.2,29.6,-8.5,-0.39,-0.12
Kaine Hayden,eng ENG,DF,Aston Villa,17,2002,0,,,,,0,,,0,,2,,,,,,,,,,,
Tom Heaton,eng ENG,GK,Aston Villa,34,1986,0,,,,,0,,,0,,23,,,,,,,,,,,
Michael Hector,jm JAM,DF,Fulham,28,1992,4,263,66,7.7,2.9,3,79,2,1,26,23,0.25,3,10,-7,-2.4,-1.85,2.3,5.2,-2.9,-0.98,-0.73
Ahmed Hegazi,eg EGY,DF,West Brom,29,1991,1,90,90,2.6,1,1,90,1,0,,1,1,0,0,0,0,1.11,1,1.1,-0.1,-0.08,0.83
Dean Henderson,eng ENG,GK,Manchester Utd,23,1997,13,1125,87,32.9,12.5,12,90,12,1,45,25,2.46,27,12,15,1.2,0.65,22.3,13.7,8.6,0.69,0.31
Jordan Henderson,eng ENG,MFDF,Liverpool,30,1990,21,1704,81,49.8,18.9,20,83,16,1,45,2,1.62,34,24,10,0.53,-0.31,30.7,20.6,10.1,0.53,-0.37
Stephen Henderson,ie IRL,GK,Crystal Palace,32,1988,0,,,,,0,,,0,,3,,,,,,,,,,,
Jeff Hendrick,ie IRL,MF,Newcastle Utd,28,1992,22,1422,65,41.6,15.8,17,79,10,5,15,14,1.36,20,24,-4,-0.25,0.29,17.4,21.8,-4.4,-0.28,0.1
Wayne Hennessey,wls WAL,GK,Crystal Palace,33,1987,0,,,,,0,,,0,,5,,,,,,,,,,,
Pablo Hernández,es ESP,MFFW,Leeds United,35,1985,16,427,27,12.5,4.7,3,65,0,13,18,10,1.19,11,5,6,1.26,1.2,5.9,6.7,-0.8,-0.17,-0.03
Son Heung-min,kr KOR,FW,Tottenham,28,1992,37,3114,84,91.1,34.6,36,85,23,1,45,0,1.59,61,36,25,0.72,1.31,47.8,44.4,3.4,0.1,-0.36
Ki-Jana Hoever,nl NED,DF,Wolves,18,2002,12,577,48,16.9,6.4,5,84,4,7,22,22,0.75,3,11,-8,-1.25,-0.99,5.8,8.9,-3.2,-0.49,-0.4
Pierre Højbjerg,dk DEN,MF,Tottenham,24,1995,38,3420,90,100,38,38,90,38,0,,0,1.63,68,45,23,0.61,,54.5,49.5,5,0.13,
Rob Holding,eng ENG,DF,Arsenal,24,1995,30,2558,85,74.8,28.4,28,90,27,2,24,5,1.57,37,26,11,0.39,-0.14,38.7,34.4,4.3,0.15,-0.35
Mason Holgate,eng ENG,DF,Everton,23,1996,28,2287,82,66.9,25.4,26,87,22,2,15,3,1.5,26,32,-6,-0.24,-0.63,28.9,36.4,-7.6,-0.3,-0.51
Conor Hourihane,ie IRL,MF,Aston Villa,29,1991,4,225,56,6.6,2.5,3,70,0,1,16,11,1.5,4,2,2,0.8,0.6,3.9,2.2,1.8,0.71,0.76
Callum Hudson-Odoi,eng ENG,FWDF,Chelsea,19,2000,23,1059,46,31,11.8,10,73,2,13,26,10,1.87,22,5,17,1.44,1.25,21.7,6.3,15.3,1.3,0.7
Niall Huggins,wls WAL,DF,Leeds United,19,2000,1,38,38,1.1,0.4,0,,0,1,38,8,0,2,0,2,4.74,4.58,0.4,0.2,0.3,0.62,0.77
Liam Hughes,nir NIR,GK,Liverpool,18,2001,0,,,,,0,,,0,,1,,,,,,,,,,,
Frederik Ibsen,dk DEN,DF,West Ham,20,1999,0,,,,,0,,,0,,11,,,,,,,,,,,
Odion Ighalo,ng NGA,FW,Manchester Utd,31,1989,1,10,10,0.3,0.1,0,,0,1,10,1,0,0,1,-1,-9,-9.79,0,0.1,0,-0.31,-0.79
Kelechi Iheanacho,ng NGA,FW,Leicester City,23,1996,25,1459,58,42.7,16.2,16,83,10,9,15,13,1.48,30,23,7,0.43,-0.07,24.2,18.8,5.4,0.33,0.2
Danny Ings,eng ENG,FW,Southampton,28,1992,29,2173,75,63.5,24.1,26,79,13,3,41,0,1.28,33,40,-7,-0.29,0.72,27.2,30.3,-3.1,-0.13,0.5
Ryan Inniss,eng ENG,DF,Crystal Palace,25,1995,0,,,,,0,,,0,,1,,,,,,,,,,,
Tim Iroegbunam,eng ENG,MF,West Brom,17,2003,0,,,,,0,,,0,,1,,,,,,,,,,,
Branislav Ivanović,rs SRB,DF,West Brom,36,1984,13,767,59,22.4,8.5,8,85,6,5,17,7,0.92,4,19,-15,-1.76,-0.88,6.4,15.2,-8.9,-1.04,-0.19
Alex Iwobi,ng NGA,FWDF,Everton,24,1996,30,1542,51,45.1,17.1,17,75,5,13,20,5,1.53,24,21,3,0.18,0.37,22.3,26.5,-4.2,-0.25,-0.22
José Izquierdo,co COL,DF,Brighton,28,1992,1,9,9,0.3,0.1,0,,0,1,9,9,0,0,0,0,0,0.16,0.1,0,0.1,0.6,0.23
Phil Jagielka,eng ENG,DF,Sheffield Utd,37,1982,10,526,53,15.4,5.8,6,77,3,4,17,21,1.2,4,12,-8,-1.37,-0.28,4.9,10.6,-5.7,-0.98,-0.19
Alireza Jahanbakhsh,ir IRN,FWMF,Brighton,26,1993,21,528,25,15.4,5.9,6,58,0,15,12,6,0.76,4,9,-5,-0.85,-0.82,9.1,7.9,1.2,0.21,-0.18
Daniel James,wls WAL,FW,Manchester Utd,22,1997,15,910,61,26.6,10.1,11,76,4,4,17,12,2.13,22,7,15,1.48,0.98,19.6,9.1,10.6,1.05,0.78
Reece James,eng ENG,DF,Chelsea,20,1999,32,2373,74,69.4,26.4,25,90,25,7,18,3,1.75,38,29,9,0.34,-0.78,44.9,24.3,20.5,0.78,-0.13
Alexandre Jankewitz,ch SUI,MF,Southampton,18,2001,2,3,2,0.1,0,1,1,0,1,2,10,0,0,0,0,0,0.55,0.1,0,0,0.96,1.28
Sylvester Jasper,bg BUL,MF,Fulham,18,2001,0,,,,,0,,,0,,1,,,,,,,,,,,
Daniel Jebbison,eng ENG,FW,Sheffield Utd,17,2003,4,284,71,8.3,3.2,3,86,2,1,26,0,1.5,2,2,0,0,1.23,3.3,4.4,-1.2,-0.38,0.48
Jack Jenkins,eng ENG,MF,Leeds United,18,2002,0,,,,,0,,,0,,18,,,,,,,,,,,
Teddy Jenks,eng ENG,MF,Brighton,18,2002,0,,,,,0,,,0,,2,,,,,,,,,,,
Gabriel Jesus,br BRA,FW,Manchester City,23,1997,29,2063,71,60.3,22.9,22,86,18,7,25,1,2.28,54,17,37,1.61,0.69,46.8,16.1,30.7,1.34,0.59
Raúl Jiménez,mx MEX,FW,Wolves,29,1991,10,823,82,24.1,9.1,10,82,8,0,,0,1.7,9,10,-1,-0.11,0.41,8.8,10.7,-1.9,-0.21,-0.06
Joelinton,br BRA,FWMF,Newcastle Utd,23,1996,31,1983,64,58,22,23,79,10,8,21,6,1.16,27,36,-9,-0.41,0.03,23.6,29.4,-5.8,-0.26,0.19
Stefan Johansen,no NOR,MF,Fulham,29,1991,0,,,,,0,,,0,,1,,,,,,,,,,,
Nile John,eng ENG,MF,Tottenham,17,2003,0,,,,,0,,,0,,1,,,,,,,,,,,
Ben Johnson,eng ENG,DF,West Ham,20,2000,14,523,37,15.3,5.8,5,82,1,9,12,19,1.79,10,10,0,0,-0.47,7.9,7.6,0.3,0.05,-0.12
Sam Johnstone,eng ENG,GK,West Brom,27,1993,37,3330,90,97.4,37,37,90,37,0,,0,0.62,32,74,-42,-1.14,-2.14,31.5,65.5,-34,-0.92,-0.94
Curtis Jones,eng ENG,MF,Liverpool,19,2001,24,1179,49,34.5,13.1,13,75,4,11,18,12,1.75,23,13,10,0.76,0.12,24.2,15.5,8.7,0.66,-0.08
Jorginho,it ITA,MF,Chelsea,28,1991,28,2010,72,58.8,22.3,23,83,15,5,22,10,1.96,34,17,17,0.76,0.44,38.7,17.1,21.5,0.96,0.35
Willian José,br BRA,FW,Wolves,28,1991,17,1110,65,32.5,12.3,12,80,2,5,31,2,1.29,12,13,-1,-0.08,0.5,13.2,12.8,0.4,0.04,0.29
Diogo Jota,pt POR,FWMF,Wolves,23,1996,0,,,,,0,,,0,,1,,,,,,,,,,,
Diogo Jota,pt POR,FW,Liverpool,23,1996,19,1112,59,32.5,12.4,12,82,5,7,18,0,2,24,15,9,0.73,0.07,25.5,18.2,7.3,0.59,-0.19
James Justin,eng ENG,DF,Leicester City,22,1998,23,2070,90,60.5,23,23,90,23,0,,0,1.87,39,25,14,0.61,0.34,33.2,26.6,6.6,0.29,0.17
Ozan Kabak,tr TUR,DF,Liverpool,20,2000,9,801,89,23.4,8.9,9,89,7,0,,1,1.56,10,9,1,0.11,-0.75,15.4,10.8,4.6,0.51,-0.27
Felix Kalu Nmecha,de GER,MF,Manchester City,19,2000,0,,,,,0,,,0,,1,,,,,,,,,,,
Aboubakar Kamara,mr MTN,FWDF,Fulham,25,1995,11,315,29,9.2,3.5,2,60,0,9,22,6,0.27,1,9,-8,-2.29,-1.76,3.3,5.7,-2.4,-0.68,-0.41
Harry Kane,eng ENG,FW,Tottenham,27,1993,35,3082,88,90.1,34.2,35,88,30,0,,0,1.69,65,39,26,0.76,1.56,51.7,43.2,8.5,0.25,1.19
N'Golo Kanté,fr FRA,MF,Chelsea,29,1991,30,2146,72,62.7,23.8,24,84,19,6,20,2,1.97,35,24,11,0.46,-0.32,37.4,23,14.3,0.6,-0.59
Michał Karbownik,pl POL,DF,Brighton,19,2001,0,,,,,0,,,0,,7,,,,,,,,,,,
Moise Kean,it ITA,FW,Everton,20,2000,2,15,8,0.4,0.2,0,,0,2,8,1,3,0,0,0,0,0.03,0.1,0,0.1,0.78,0.91
Michael Keane,eng ENG,DF,Everton,27,1993,35,2991,85,87.5,33.2,33,89,32,2,23,2,1.6,42,43,-1,-0.03,-0.03,43,44.9,-1.9,-0.06,0.58
Neeskens Kebano,cd COD,FWMF,Fulham,28,1992,5,119,24,3.5,1.3,1,62,0,4,14,8,0.2,2,3,-1,-0.76,-0.07,1.3,2,-0.7,-0.51,-0.22
Naby Keïta,gn GUI,MF,Liverpool,25,1995,10,520,52,15.2,5.8,7,68,2,3,15,8,2.4,17,8,9,1.56,1.03,12.1,6.2,5.9,1.03,0.36
Caoimhín Kelleher,ie IRL,GK,Liverpool,21,1998,2,180,90,5.3,2,2,90,2,0,,13,1.5,4,1,3,1.5,0.86,1.9,1.6,0.3,0.14,-0.61
Martin Kelly,eng ENG,DF,Crystal Palace,30,1990,1,2,2,0.1,0,0,,0,1,2,24,0,0,0,0,0,0.66,0,0,0,0,0.66
Jonjoe Kenny,eng ENG,DFFW,Everton,23,1997,4,79,20,2.3,0.9,1,76,0,3,1,7,2.25,0,1,-1,-1.14,-1.14,0.6,1.7,-1.1,-1.3,-1.2
Kaine Kessler,eng ENG,DFMF,Aston Villa,17,2002,0,,,,,0,,,0,,2,,,,,,,,,,,
Reda Khadra,de GER,FW,Brighton,19,2001,1,5,5,0.1,0.1,0,,0,1,5,1,0,0,0,0,0,0.16,0,0.8,-0.8,-13.68,-14.07
Max Kilman,eng ENG,DF,Wolves,23,1997,18,1310,73,38.3,14.6,14,90,14,4,13,19,1.5,11,11,0,0,0.68,14.3,14.3,0,0,0.25
Joshua King,no NOR,MFFW,Everton,28,1992,11,148,13,4.3,1.6,0,,0,11,13,5,1.27,1,2,-1,-0.61,-0.61,2,3.4,-1.4,-0.85,-0.75
Toby King,eng ENG,MF,West Brom,18,2002,0,,,,,0,,,0,,1,,,,,,,,,,,
Cédric Kipré,ci CIV,DF,West Brom,23,1996,0,,,,,0,,,0,,8,,,,,,,,,,,
Mateusz Klich,pl POL,MF,Leeds United,30,1990,35,2393,68,70,26.6,28,79,15,7,25,1,1.43,41,44,-3,-0.11,-1.08,40.9,43.6,-2.7,-0.1,0.13
Anthony Knockaert,fr FRA,FWMF,Fulham,28,1991,0,,,,,0,,,0,,3,,,,,,,,,,,
Robin Koch,de GER,DFMF,Leeds United,24,1996,17,1132,67,33.1,12.6,13,84,12,4,11,2,1.59,20,21,-1,-0.08,-0.43,22.1,21.4,0.7,0.06,0.3
Sead Kolašinac,ba BIH,DF,Arsenal,27,1993,1,90,90,2.6,1,1,90,1,0,,3,3,2,1,1,1,0.59,1.4,1.9,-0.5,-0.55,-0.81
Terence Kongolo,nl NED,DF,Fulham,26,1994,1,90,90,2.6,1,1,90,1,0,,9,0,0,1,-1,-1,-0.32,0.9,0.4,0.4,0.42,0.74
Ezri Konsa,eng ENG,DF,Aston Villa,22,1997,36,3196,89,93.5,35.5,35,90,35,1,46,0,1.42,51,46,5,0.14,-1.47,47,52,-5,-0.14,-2.17
Billy Koumetio,fr FRA,DF,Liverpool,17,2002,0,,,,,0,,,0,,3,,,,,,,,,,,
Cheikhou Kouyaté,sn SEN,DF,Crystal Palace,30,1989,36,3121,87,91.3,34.7,35,89,33,1,1,1,1.22,39,56,-17,-0.49,1.92,30.9,51.8,-20.9,-0.6,0.64
Mateo Kovačić,hr CRO,MF,Chelsea,26,1994,27,1815,67,53.1,20.2,21,79,10,6,24,3,1.74,26,26,0,0,-1.23,32.5,18.1,14.4,0.71,-0.23
Emil Krafth,se SWE,DF,Newcastle Utd,25,1994,16,1288,81,37.7,14.3,14,85,9,2,48,17,1.38,20,27,-7,-0.49,-0.11,16.4,21.2,-4.9,-0.34,0
Filip Krovinović,hr CRO,MF,West Brom,24,1995,11,546,50,16,6.1,5,83,3,6,22,5,0.55,2,11,-9,-1.48,-0.48,3.8,9.8,-6.1,-1,-0.13
Alexandre Lacazette,fr FRA,FW,Arsenal,29,1991,31,1923,62,56.2,21.4,22,80,7,9,19,5,1.52,32,21,11,0.51,0.21,32.7,24.9,7.8,0.37,0.28
Adam Lallana,eng ENG,MFFW,Brighton,32,1988,30,1596,53,46.7,17.7,16,77,8,14,26,1,1.13,20,18,2,0.11,0.51,24.6,14.9,9.8,0.55,0.35
Érik Lamela,ar ARG,FWMF,Tottenham,28,1992,23,717,31,21,8,5,61,0,18,23,5,1.52,16,17,-1,-0.13,-0.92,14.4,14.1,0.3,0.04,-0.11
Tariq Lamptey,eng ENG,DF,Brighton,19,2000,11,886,81,25.9,9.8,11,81,6,0,,0,0.91,12,15,-3,-0.3,-0.2,12.9,9.4,3.5,0.36,-0.01
Daniel Langley,eng ENG,GK,Newcastle Utd,19,2000,0,,,,,0,,,0,,1,,,,,,,,,,,
Manuel Lanzini,ar ARG,MFFW,West Ham,27,1993,17,566,33,16.5,6.3,5,63,1,12,21,15,1.47,13,5,8,1.27,1.05,9,7.7,1.3,0.2,0.07
Aymeric Laporte,es ESP,DF,Manchester City,26,1994,16,1344,84,39.3,14.9,14,90,14,2,42,12,2.38,30,10,20,1.34,0,29.4,10.7,18.8,1.26,0.25
Jamaal Lascelles,eng ENG,DF,Newcastle Utd,26,1993,19,1625,86,47.5,18.1,19,86,16,0,,0,0.79,12,32,-20,-1.11,-1.31,16.8,27,-10.2,-0.56,-0.43
Maxime Le Marchand,fr FRA,DF,Fulham,30,1989,2,123,62,3.6,1.4,1,90,1,1,33,3,0,0,1,-1,-0.73,-0.05,1.1,1.4,-0.3,-0.21,0.1
Mario Lemina,ga GAB,MF,Fulham,26,1993,28,1703,61,49.8,18.9,19,80,8,9,20,2,0.89,14,27,-13,-0.69,-0.01,21.9,27.6,-5.7,-0.3,0.01
Bernd Leno,de GER,GK,Arsenal,28,1992,35,3131,89,91.5,34.8,35,89,34,0,,2,1.63,52,37,15,0.43,0.12,47.6,42,5.6,0.16,-0.96
Khanya Leshabela,za RSA,MF,Leicester City,20,1999,1,10,10,0.3,0.1,0,,0,1,10,4,3,0,0,0,0,-0.48,1.3,0,1.3,11.6,11.41
Harry Lewis,eng ENG,GK,Southampton,22,1997,0,,,,,0,,,0,,2,,,,,,,,,,,
Jamal Lewis,nir NIR,DF,Newcastle Utd,22,1998,24,1837,77,53.7,20.4,20,89,19,4,15,12,1.04,24,37,-13,-0.64,-0.47,21.8,29.3,-7.6,-0.37,-0.06
Victor Lindelöf,se SWE,DF,Manchester Utd,26,1994,29,2585,89,75.6,28.7,29,89,28,0,,5,2,61,30,31,1.08,1.29,48.5,30.5,17.9,0.62,0.62
Jesse Lingard,eng ENG,FWMF,Manchester Utd,27,1992,0,,,,,0,,,0,,4,,,,,,,,,,,
Jesse Lingard,eng ENG,MFFW,West Ham,27,1992,16,1421,89,41.5,15.8,16,89,11,0,,0,1.88,30,19,11,0.7,0.52,24.3,22.1,2.2,0.14,-0.01
Jake Livermore,eng ENG,MF,West Brom,30,1989,18,1242,69,36.3,13.8,15,80,8,3,14,12,0.67,14,33,-19,-1.38,-0.47,10.5,25,-14.4,-1.05,-0.24
Valentino Livramento,eng ENG,DFMF,Chelsea,17,2002,0,,,,,0,,,0,,2,,,,,,,,,,,
Diego Llorente,es ESP,DF,Leeds United,26,1993,15,1204,80,35.2,13.4,14,80,11,1,82,3,1.8,17,13,4,0.3,0.14,17.2,21.9,-4.7,-0.35,-0.32
Hugo Lloris,fr FRA,GK,Tottenham,33,1986,38,3420,90,100,38,38,90,38,0,,0,1.63,68,45,23,0.61,,54.5,49.5,5,0.13,
Giovani Lo Celso,ar ARG,MF,Tottenham,24,1996,18,945,53,27.6,10.5,11,69,0,7,27,2,1.89,21,10,11,1.05,0.61,18.1,13.4,4.7,0.45,0.44
Ruben Loftus-Cheek,eng ENG,MFFW,Fulham,24,1996,30,1909,64,55.8,21.2,21,81,9,9,23,2,0.83,15,21,-6,-0.28,0.91,25.2,26.9,-1.7,-0.08,0.52
Ruben Loftus-Cheek,eng ENG,FW,Chelsea,24,1996,1,60,60,1.8,0.7,1,60,0,0,,0,3,2,1,1,1.5,0.94,0.9,1.4,-0.4,-0.66,-1.51
Andy Lonergan,ie IRL,GK,West Brom,36,1983,0,,,,,0,,,0,,1,,,,,,,,,,,
Kevin Long,ie IRL,DF,Burnley,29,1990,8,637,80,18.6,7.1,7,90,7,1,7,21,0.63,4,13,-9,-1.27,-0.85,6.5,7.8,-1.3,-0.18,0.35
Shane Long,ie IRL,FW,Southampton,33,1987,11,210,19,6.1,2.3,1,89,0,10,12,7,1.18,2,6,-4,-1.71,-1.24,1.7,5.3,-3.6,-1.54,-1.3
Matthew Longstaff,eng ENG,MF,Newcastle Utd,20,2000,5,377,75,11,4.2,4,87,3,1,30,13,0.2,1,8,-7,-1.67,-1.4,1.2,6.3,-5.1,-1.21,-0.98
Sean Longstaff,eng ENG,MF,Newcastle Utd,22,1997,22,1412,64,41.3,15.7,15,89,14,7,10,9,1.55,20,26,-6,-0.38,0.07,17.4,22.6,-5.2,-0.33,0.02
Nigel Lonwijk,nl NED,DF,Wolves,17,2002,0,,,,,0,,,0,,3,,,,,,,,,,,
Ademola Lookman,ng NGA,FWMF,Fulham,22,1997,34,2747,81,80.3,30.5,31,86,19,3,25,0,0.82,23,33,-10,-0.33,1.81,34.7,38.1,-3.4,-0.11,1
Jonas Lössl,dk DEN,GK,Everton,31,1989,0,,,,,0,,,0,,8,,,,,,,,,,,
Max Lowe,eng ENG,DF,Sheffield Utd,23,1997,8,550,69,16.1,6.1,7,72,4,1,47,25,0.5,5,10,-5,-0.82,0.37,5.9,10.5,-4.5,-0.74,0.09
Matthew Lowton,eng ENG,DF,Burnley,31,1989,34,3060,90,89.5,34,34,90,34,0,,2,1.12,30,47,-17,-0.5,0.75,35.8,52.7,-16.8,-0.5,-0.27
David Luiz,br BRA,DF,Arsenal,33,1987,20,1396,70,40.8,15.5,17,80,13,3,12,2,1.45,26,18,8,0.52,0.16,23.8,17.9,5.9,0.38,0.23
Douglas Luiz,br BRA,MF,Aston Villa,22,1998,33,2781,84,81.3,30.9,32,86,21,1,18,4,1.36,43,41,2,0.06,-0.92,40.9,44.6,-3.7,-0.12,-0.66
John Lundstram,eng ENG,MF,Sheffield Utd,26,1994,28,2032,73,59.4,22.6,23,84,18,5,20,6,0.61,14,40,-26,-1.15,-0.05,18.6,39.3,-20.8,-0.92,-0.26
Alexis Mac Allister,ar ARG,MFFW,Brighton,21,1998,21,1115,53,32.6,12.4,13,75,5,8,17,9,1,9,14,-5,-0.4,-0.36,14.7,13.4,1.4,0.11,-0.38
Matt Macey,eng ENG,GK,Arsenal,25,1994,0,,,,,0,,,0,,2,,,,,,,,,,,
James Maddison,eng ENG,MFFW,Leicester City,23,1996,31,2099,68,61.4,23.3,24,81,11,7,23,0,1.87,40,28,12,0.51,0.11,34.9,31.7,3.2,0.14,-0.22
Frankie Maguire,eng ENG,MF,Sheffield Utd,17,2003,0,,,,,0,,,0,,4,,,,,,,,,,,
Harry Maguire,eng ENG,DF,Manchester Utd,27,1993,34,3047,90,89.1,33.9,34,90,33,0,,0,2.06,66,36,30,0.89,1.13,54.5,37.1,17.4,0.51,0.37
Riyad Mahrez,dz ALG,FW,Manchester City,29,1991,27,1949,72,57,21.7,23,82,13,4,14,10,2.33,48,22,26,1.2,-0.33,39,21.4,17.6,0.81,-0.68
Ainsley Maitland-Niles,eng ENG,DF,Arsenal,22,1997,11,490,45,14.3,5.4,5,85,4,6,11,8,1.64,8,6,2,0.37,-0.06,7.7,6.9,0.9,0.16,-0.1
Ainsley Maitland-Niles,eng ENG,MF,West Brom,22,1997,15,1230,82,36,13.7,14,87,10,1,18,0,0.93,14,17,-3,-0.22,1.34,16.1,22.2,-6.1,-0.45,0.7
Josh Maja,ng NGA,FWMF,Fulham,21,1998,15,810,54,23.7,9,9,77,3,6,19,2,0.87,7,9,-2,-0.22,0.61,10.5,10,0.5,0.05,0.47
Sadio Mané,sn SEN,FW,Liverpool,28,1992,35,2810,80,82.2,31.2,31,88,25,4,22,0,1.89,54,28,26,0.83,0.83,61.2,33.5,27.7,0.89,0.95
Javier Manquillo,es ESP,DF,Newcastle Utd,26,1994,13,825,63,24.1,9.2,10,77,6,3,17,16,1.38,13,15,-2,-0.22,0.27,11.5,12.3,-0.8,-0.09,0.34
Fernando Marçal,br BRA,DF,Wolves,31,1989,13,623,48,18.2,6.9,7,76,5,6,15,4,1.54,8,9,-1,-0.14,0.34,6.1,6.5,-0.4,-0.05,0.13
Solly March,eng ENG,DF,Brighton,26,1994,21,1672,80,48.9,18.6,19,86,15,2,23,0,1.1,23,25,-2,-0.11,0.1,27.5,18.6,8.9,0.48,0.22
Pablo Marí,es ESP,DF,Arsenal,26,1993,10,900,90,26.3,10,10,90,10,0,,7,2,19,8,11,1.1,0.92,17.1,13.2,4,0.4,0.21
Christian Marques,ch SUI,DF,Wolves,17,2003,0,,,,,0,,,0,,4,,,,,,,,,,,
Anthony Martial,fr FRA,FW,Manchester Utd,24,1995,22,1480,67,43.3,16.4,17,78,5,5,31,1,2.05,34,19,15,0.91,0.26,27.2,20.5,6.7,0.41,-0.12
David Martin,eng ENG,GK,West Ham,34,1986,0,,,,,0,,,0,,15,,,,,,,,,,,
Martinelli,br BRA,FW,Arsenal,19,2001,14,589,42,17.2,6.5,7,72,2,7,13,9,1.93,14,3,11,1.68,1.52,12.9,5.3,7.6,1.17,1.12
Emiliano Martínez,ar ARG,GK,Aston Villa,27,1992,38,3420,90,100,38,38,90,38,0,,0,1.45,55,46,9,0.24,,52.9,52.9,0.1,0,
Arthur Masuaku,cd COD,DFFW,West Ham,26,1993,12,1006,84,29.4,11.2,12,84,7,0,,0,1.92,23,15,8,0.72,0.45,16.5,13.7,2.8,0.25,0.14
Tawanda Maswanhise,zw ZIM,MF,Leicester City,17,2002,0,,,,,0,,,0,,1,,,,,,,,,,,
Juan Mata,es ESP,FWMF,Manchester Utd,32,1988,9,509,57,14.9,5.7,6,77,1,3,16,17,2.44,12,6,6,1.06,0.35,9.5,3.3,6.2,1.1,0.73
Jean-Philippe Mateta,fr FRA,FW,Crystal Palace,23,1997,7,221,32,6.5,2.5,2,69,0,5,17,11,0.57,2,4,-2,-0.81,-0.17,1,7,-5.9,-2.41,-1.87
Nemanja Matić,rs SRB,MF,Manchester Utd,31,1988,20,1106,55,32.3,12.3,12,86,11,8,9,17,2.15,23,18,5,0.41,-0.53,19.4,14.6,4.8,0.39,-0.12
Joël Matip,cm CMR,DF,Liverpool,28,1991,10,691,69,20.2,7.7,9,77,6,1,2,0,1.9,19,5,14,1.82,1.43,16,7.2,8.8,1.15,0.54
Neal Maupay,fr FRA,FWMF,Brighton,23,1996,33,2512,76,73.5,27.9,29,83,17,4,23,1,1.09,32,34,-2,-0.07,0.32,40.8,26.3,14.6,0.52,0.59
Luke Mbete-Tatu,eng ENG,DF,Manchester City,16,2003,0,,,,,0,,,0,,2,,,,,,,,,,,
James McArthur,sct SCO,MF,Crystal Palace,32,1987,18,1466,81,42.9,16.3,17,85,11,1,17,1,1.11,20,26,-6,-0.37,0.51,13.2,21.1,-8,-0.49,0.3
Oliver McBurnie,sct SCO,FW,Sheffield Utd,24,1996,23,1324,58,38.7,14.7,12,85,10,11,27,1,0.3,8,27,-19,-1.29,-0.26,13.2,26,-12.8,-0.87,-0.09
Alex McCarthy,eng ENG,GK,Southampton,30,1989,30,2700,90,78.9,30,30,90,30,0,,7,1.03,37,57,-20,-0.67,-0.54,31.7,41.8,-10.1,-0.34,-0.12
James McCarthy,ie IRL,MF,Crystal Palace,29,1990,16,821,51,24,9.1,10,75,2,6,12,8,1.31,9,15,-6,-0.66,0,6.4,10.7,-4.3,-0.47,0.24
Thomas Mcgill,eng ENG,GK,Brighton,20,2000,0,,,,,0,,,0,,2,,,,,,,,,,,
John McGinn,sct SCO,MF,Aston Villa,25,1994,37,3330,90,97.4,37,37,90,37,0,,0,1.41,53,46,7,0.19,-1.81,51.1,52.3,-1.2,-0.03,-1.3
David McGoldrick,ie IRL,FWMF,Sheffield Utd,32,1987,35,2397,68,70.1,26.6,28,80,16,7,23,2,0.66,16,37,-21,-0.79,1.15,21.8,39.6,-17.8,-0.67,0.5
Dwight McNeil,eng ENG,MF,Burnley,20,1999,36,3069,85,89.7,34.1,34,88,30,2,36,0,1,32,50,-18,-0.53,0.5,36.5,51.3,-14.8,-0.43,0.31
Scott McTominay,sct SCO,MF,Manchester Utd,23,1996,32,2129,67,62.3,23.7,24,85,20,8,11,4,1.94,49,25,24,1.01,0.67,38.2,27,11.3,0.48,0.01
Ben Mee,eng ENG,DF,Burnley,30,1989,30,2693,90,78.7,29.9,30,90,29,0,,0,1.23,29,41,-12,-0.4,0.84,32.4,49.3,-16.8,-0.56,-0.45
Hannibal Mejbri,tn TUN,MF,Manchester Utd,17,2003,1,9,9,0.3,0.1,0,,0,1,9,0,3,0,0,0,0,-0.77,0,0.2,-0.1,-1.34,-1.82
Benjamin Mendy,fr FRA,DF,Manchester City,26,1994,13,953,73,27.9,10.6,11,84,7,2,14,19,2,22,10,12,1.13,-0.29,21.4,7.6,13.8,1.3,0.27
Edouard Mendy,sn SEN,GK,Chelsea,28,1992,31,2745,89,80.3,30.5,31,89,30,0,,3,1.87,46,25,21,0.69,0.56,50.9,22.7,28.2,0.93,0.54
Nampalys Mendy,sn SEN,MF,Leicester City,28,1992,23,1459,63,42.7,16.2,15,83,9,8,26,14,1.57,26,25,1,0.06,-0.72,24.2,20.7,3.5,0.22,0
Illan Meslier,fr FRA,GK,Leeds United,20,2000,35,3150,90,92.1,35,35,90,35,0,,2,1.51,57,52,5,0.14,-0.86,53.9,58.7,-4.8,-0.14,0.06
Max Meyer,de GER,FWMF,Crystal Palace,24,1995,0,,,,,0,,,0,,5,,,,,,,,,,,
Luka Milivojević,rs SRB,MF,Crystal Palace,29,1991,31,2359,76,69,26.2,27,85,18,4,13,1,1.23,25,47,-22,-0.84,-0.58,21.3,41.7,-20.4,-0.78,-0.39
James Milner,eng ENG,MFDF,Liverpool,34,1986,26,1070,41,31.3,11.9,11,76,6,15,16,4,1.73,16,10,6,0.5,-0.26,20.3,14.8,5.5,0.46,-0.38
Yerry Mina,co COL,DF,Everton,25,1994,24,1937,81,56.6,21.5,23,84,20,1,2,6,1.96,33,22,11,0.51,1.24,27.3,24.8,2.5,0.12,0.56
Takumi Minamino,jp JPN,MFFW,Liverpool,25,1995,9,293,33,8.6,3.3,2,90,2,7,16,11,1.89,10,4,6,1.84,1.27,6.2,5.4,0.8,0.24,-0.53
Takumi Minamino,jp JPN,MFFW,Southampton,25,1995,10,711,71,20.8,7.9,9,75,2,1,33,5,1.1,13,14,-1,-0.13,0.54,10.4,9,1.5,0.19,0.63
Tyrone Mings,eng ENG,DF,Aston Villa,27,1993,36,3194,89,93.4,35.5,36,89,35,0,,0,1.5,50,42,8,0.23,-0.17,50.8,49.8,1,0.03,0.41
Tyrick Mitchell,eng ENG,DF,Crystal Palace,20,1999,19,1710,90,50,19,19,90,19,0,,11,1.26,22,32,-10,-0.53,0.26,17,29.3,-12.2,-0.64,0.03
Aleksandar Mitrović,rs SRB,FW,Fulham,25,1994,27,1402,52,41,15.6,13,89,12,14,18,3,0.63,12,24,-12,-0.77,-0.15,20.1,21,-1,-0.06,0.42
Jakub Moder,pl POL,DFMF,Brighton,21,1999,12,647,54,18.9,7.2,7,85,3,5,10,7,1.25,8,10,-2,-0.28,-0.15,7.2,7,0.2,0.03,-0.41
Jayson Molumby,ie IRL,MF,Brighton,20,1999,1,1,1,0,0,0,,0,1,1,5,3,0,0,0,0,0.16,0,0,0,0,-0.37
Wesley Moraes,br BRA,MFFW,Aston Villa,23,1996,3,18,6,0.5,0.2,0,,0,3,6,4,0.33,1,1,0,0,-0.24,0.7,0.4,0.2,1.15,1.16
Wes Morgan,jm JAM,DF,Leicester City,36,1984,3,18,6,0.5,0.2,0,,0,3,6,10,3,1,0,1,5,4.55,0.9,0.1,0.8,4.2,4
Mason Mount,eng ENG,MFFW,Chelsea,21,1999,36,2890,80,84.5,32.1,32,87,26,4,25,1,1.69,48,32,16,0.5,-0.52,56.2,27.6,28.6,0.89,0.46
Lucas Moura,br BRA,FWMF,Tottenham,27,1992,30,1411,47,41.3,15.7,14,77,7,16,21,7,1.67,29,18,11,0.7,0.16,24.9,17.4,7.5,0.48,0.59
Lys Mousset,fr FRA,FWMF,Sheffield Utd,24,1996,11,296,27,8.7,3.3,2,61,0,9,19,8,0,1,10,-9,-2.74,-1.76,2.9,7,-4.1,-1.24,-0.47
João Moutinho,pt POR,MF,Wolves,33,1986,33,2528,77,73.9,28.1,28,87,18,5,21,1,1.24,26,39,-13,-0.46,-0.16,29.7,35.3,-5.6,-0.2,-0.16
Joel Mumbongo,se SWE,FW,Burnley,21,1999,4,40,10,1.2,0.4,0,,0,4,10,5,0.25,0,1,-1,-2.25,-1.69,0.3,0.4,-0.1,-0.12,0.35
Jacob Murphy,eng ENG,DFMF,Newcastle Utd,25,1995,26,1626,63,47.5,18.1,17,86,13,9,19,7,1.08,27,33,-6,-0.33,0.17,21.9,28,-6.1,-0.34,0.01
Shkodran Mustafi,de GER,DF,Arsenal,28,1992,3,47,16,1.4,0.5,0,,0,3,16,6,2,0,1,-1,-1.91,-2.37,0.1,1.3,-1.2,-2.35,-2.63
Marvelous Nakamba,zw ZIM,MF,Aston Villa,26,1994,13,749,58,21.9,8.3,9,81,5,4,4,25,2.15,10,6,4,0.48,0.31,11.5,10.4,1.1,0.14,0.17
Richard Nartey,eng ENG,DF,Burnley,21,1998,0,,,,,0,,,0,,9,,,,,,,,,,,
Iliman Ndiaye,sn SEN,MF,Sheffield Utd,20,2000,1,12,12,0.4,0.1,0,,0,1,12,6,0,0,1,-1,-7.5,-6.39,0,1.4,-1.4,-10.57,-9.79
Wilfred Ndidi,ng NGA,MFDF,Leicester City,23,1996,26,2176,84,63.6,24.2,25,86,21,1,22,1,1.88,48,31,17,0.7,0.63,35.2,29.8,5.4,0.22,0.01
Tanguy Ndombele,fr FRA,MF,Tottenham,23,1996,33,2091,63,61.1,23.2,28,72,6,5,13,3,1.52,39,24,15,0.65,0.1,28,30.8,-2.8,-0.12,-0.65
Reiss Nelson,eng ENG,FW,Arsenal,20,1999,2,71,36,2.1,0.8,0,,0,2,36,4,0.5,0,0,0,0,-0.43,0.7,1.1,-0.4,-0.5,-0.76
Pedro Neto,pt POR,FWMF,Wolves,20,2000,31,2550,82,74.6,28.3,30,84,19,1,21,0,1.23,30,38,-8,-0.28,0.55,30,32.4,-2.4,-0.09,0.28
Rúben Neves,pt POR,MF,Wolves,23,1997,36,2675,74,78.2,29.7,31,84,21,5,15,1,1.17,26,43,-17,-0.57,-0.69,28.7,36.5,-7.8,-0.26,-0.48
Eddie Nketiah,eng ENG,FW,Arsenal,21,1999,17,423,25,12.4,4.7,4,67,0,13,12,11,1.12,4,6,-2,-0.43,-0.97,6.6,4.4,2.2,0.46,0.25
Niels Nkounkou,fr FRA,DFFW,Everton,19,2000,2,81,41,2.4,0.9,1,68,0,1,13,24,0,0,1,-1,-1.11,-1.11,0.4,2.3,-1.9,-2.08,-2
Dan Nlundulu,eng ENG,FW,Southampton,21,1999,13,111,9,3.2,1.2,0,,0,13,9,16,0.92,0,1,-1,-0.81,-0.27,1.9,2.1,-0.2,-0.2,0.12
Mark Noble,eng ENG,MF,West Ham,33,1987,21,712,34,20.8,7.9,8,72,2,13,11,11,1.86,11,15,-4,-0.51,-1.14,7.7,13.5,-5.8,-0.74,-1.11
Will Norris,eng ENG,GK,Burnley,26,1993,2,180,90,5.3,2,2,90,2,0,,15,0,0,4,-4,-2,-1.5,1.7,3.5,-1.8,-0.91,-0.46
Oliver Norwood,nir NIR,MF,Sheffield Utd,29,1991,32,2220,69,64.9,24.7,26,79,15,6,29,5,0.69,12,43,-31,-1.26,-0.36,19.6,41.7,-22.1,-0.9,-0.22
Jack O'Connell,eng ENG,DF,Sheffield Utd,26,1994,2,180,90,5.3,2,2,90,2,0,,0,0,0,3,-3,-1.5,-0.39,1.5,2.1,-0.6,-0.32,0.52
Dara O'Shea,ie IRL,DF,West Brom,21,1999,28,2102,75,61.5,23.4,25,81,21,3,25,8,0.71,17,51,-34,-1.46,-0.98,18.3,41.8,-23.4,-1,-0.28
Michael Obafemi,ie IRL,FW,Southampton,20,2000,4,61,15,1.8,0.7,0,,0,4,15,10,1.5,0,2,-2,-2.95,-2.44,0.8,0.7,0.1,0.12,0.44
Martin Ødegaard,no NOR,MF,Arsenal,21,1998,14,866,62,25.3,9.6,9,82,4,5,25,2,1.71,19,12,7,0.73,0.41,14.8,12.2,2.6,0.27,0.04
Denis Odoi,gh GHA,DF,Fulham,32,1988,3,270,90,7.9,3,3,90,3,0,,18,0,3,10,-7,-2.33,-1.79,2.7,5.1,-2.4,-0.81,-0.55
Mipo Odubeko,ie IRL,FW,West Ham,17,2002,0,,,,,0,,,0,,18,,,,,,,,,,,
Angelo Ogbonna,it ITA,DF,West Ham,32,1988,28,2492,89,72.9,27.7,28,89,27,0,,1,1.64,42,34,8,0.29,-0.39,38.8,33.3,5.4,0.2,0.18
Jakub Ojrzynski,pl POL,GK,Liverpool,17,2003,0,,,,,0,,,0,,1,,,,,,,,,,,
Robin Olsen,se SWE,GK,Everton,30,1990,7,630,90,18.4,7,7,90,7,0,,21,1.29,9,9,0,0,0.03,8.7,10.3,-1.6,-0.23,-0.12
Josh Onomah,eng ENG,MF,Fulham,23,1997,11,374,34,10.9,4.2,4,74,1,7,11,13,0.36,2,12,-10,-2.41,-1.93,4.3,7.7,-3.4,-0.82,-0.57
Tyler Onyango,eng ENG,MF,Everton,17,2003,0,,,,,0,,,0,,8,,,,,,,,,,,
Divock Origi,be BEL,FW,Liverpool,25,1995,9,186,21,5.4,2.1,2,68,0,7,7,17,1.33,2,0,2,0.97,0.3,3.1,1.5,1.6,0.78,0.07
Ben Osborn,eng ENG,MFDF,Sheffield Utd,25,1994,24,1604,67,46.9,17.8,17,82,10,7,30,10,0.67,6,29,-23,-1.29,-0.3,14.9,29.9,-15,-0.84,-0.05
William Osula,dk DEN,FW,Sheffield Utd,16,2003,0,,,,,0,,,0,,1,,,,,,,,,,,
Nicolás Otamendi,ar ARG,DF,Manchester City,32,1988,0,,,,,0,,,0,,1,,,,,,,,,,,
Owen Otasowie,us USA,MFFW,Wolves,19,2001,6,187,31,5.5,2.1,2,65,0,4,15,17,1,4,5,-1,-0.48,-0.06,2.7,3.7,-1.1,-0.51,-0.38
Alex Oxlade-Chamberlain,eng ENG,FWMF,Liverpool,26,1993,13,253,19,7.4,2.8,2,56,0,11,13,12,1.54,5,6,-1,-0.36,-1.12,4,3.6,0.3,0.11,-0.65
Cole Palmer,eng ENG,MF,Manchester City,18,2002,0,,,,,0,,,0,,6,,,,,,,,,,,
Emerson Palmieri,it ITA,DF,Chelsea,25,1994,2,90,45,2.6,1,0,,0,2,45,19,3,2,0,2,2,1.46,2.1,0.8,1.3,1.3,0.49
Thomas Partey,gh GHA,MF,Arsenal,27,1993,24,1534,64,44.9,17,18,80,10,6,17,0,1.58,22,17,5,0.29,-0.23,21.7,18.7,3.1,0.18,-0.11
Rui Patrício,pt POR,GK,Wolves,32,1988,37,3329,90,97.3,37,37,90,36,0,,1,1.22,36,51,-15,-0.41,0.58,39.2,45,-5.7,-0.16,0.06
Bailey Peacock-Farrell,nir NIR,GK,Burnley,23,1996,4,360,90,10.5,4,4,90,4,0,,31,0,2,14,-12,-3,-2.71,4,9.1,-5.1,-1.27,-0.9
Lee Peltier,eng ENG,DF,West Brom,33,1986,4,229,57,6.7,2.5,3,75,2,1,4,23,0.5,1,8,-7,-2.75,-1.79,1.2,3.2,-2,-0.78,0.12
Nicolas Pépé,ci CIV,FW,Arsenal,25,1995,29,1616,56,47.3,18,16,81,8,13,24,6,1.48,26,21,5,0.28,-0.27,24.5,26.1,-1.5,-0.09,-0.62
Matheus Pereira,pt POR,MFFW,West Brom,24,1996,33,2577,78,75.4,28.6,30,84,21,3,20,0,0.76,32,54,-22,-0.77,1.26,27.9,52.6,-24.7,-0.86,0.12
Ricardo Pereira,pt POR,DF,Leicester City,26,1993,15,959,64,28,10.7,10,82,7,5,28,6,1.33,15,19,-4,-0.38,-1.18,14.4,17.6,-3.2,-0.3,-0.72
Ayoze Pérez,es ESP,MFFW,Leicester City,27,1993,25,1331,53,38.9,14.8,15,75,6,10,21,4,1.64,29,21,8,0.54,0.11,22.8,18.6,4.2,0.28,0.11
Taylor Perry,eng ENG,MF,Wolves,19,2001,0,,,,,0,,,0,,3,,,,,,,,,,,
Kalvin Phillips,eng ENG,MF,Leeds United,24,1995,29,2428,84,71,27,28,87,25,1,1,0,1.83,46,34,12,0.44,0.81,42.3,44.2,-1.9,-0.07,0.25
Matt Phillips,sct SCO,MFFW,West Brom,29,1991,33,1828,55,53.5,20.3,20,79,9,13,18,1,0.7,18,42,-24,-1.18,-0.22,18.9,37.4,-18.5,-0.91,-0.03
Nathaniel Phillips,eng ENG,DF,Liverpool,23,1997,17,1456,86,42.6,16.2,15,90,15,2,53,13,2.24,29,11,18,1.11,0.75,29.2,15.5,13.7,0.85,0.22
Jaden Philogene Bidace,eng ENG,FW,Aston Villa,18,2002,1,1,1,0,0,0,,0,1,1,6,3,0,0,0,0,-0.24,0.1,0,0.1,5.74,5.74
Jordan Pickford,eng ENG,GK,Everton,26,1994,31,2742,88,80.2,30.5,31,88,30,0,,2,1.61,38,39,-1,-0.03,-0.03,37.5,40.9,-3.4,-0.11,0.09
Erik Pieters,nl NED,DFMF,Burnley,31,1988,20,1266,63,37,14.1,13,84,10,7,25,12,1.25,15,19,-4,-0.28,0.47,16,22.4,-6.4,-0.45,0.02
Daniel Podence,pt POR,MFFW,Wolves,24,1995,24,1661,69,48.6,18.5,22,73,3,2,28,0,1.46,16,24,-8,-0.43,-0.02,17.5,20.4,-2.9,-0.16,0
Paul Pogba,fr FRA,MFFW,Manchester Utd,27,1993,26,1897,73,55.5,21.1,21,85,17,5,23,3,1.81,36,26,10,0.47,-0.65,31.4,27,4.4,0.21,-0.6
Nick Pope,eng ENG,GK,Burnley,28,1992,32,2880,90,84.2,32,32,90,32,0,,0,1.22,31,37,-6,-0.19,2.48,34.2,45.1,-10.8,-0.34,0.81
Dennis Praet,be BEL,MFFW,Leicester City,26,1994,15,718,48,21,8,10,66,0,5,12,10,2.07,12,11,1,0.13,-0.44,11.3,8.7,2.6,0.32,0.13
Isaac Price,nir NIR,MF,Everton,16,2003,0,,,,,0,,,0,,2,,,,,,,,,,,
Davy Pröpper,nl NED,MF,Brighton,28,1991,7,213,30,6.2,2.4,2,67,0,5,16,14,1.57,1,2,-1,-0.42,-0.28,2.4,3.7,-1.3,-0.53,-0.96
Christian Pulisic,us USA,FWMF,Chelsea,21,1998,27,1738,64,50.8,19.3,18,84,12,9,25,2,1.63,25,21,4,0.21,-0.76,31.4,18.8,12.6,0.65,-0.34
Jesuran Rak Sakyi,eng ENG,MF,Crystal Palace,17,2002,0,,,,,0,,,0,,3,,,,,,,,,,,
Aaron Ramsdale,eng ENG,GK,Sheffield Utd,22,1998,38,3420,90,100,38,38,90,38,0,,0,0.61,20,63,-43,-1.13,,31.4,62.4,-31,-0.82,
Jacob Ramsey,eng ENG,MFFW,Aston Villa,19,2001,22,626,28,18.3,7,6,70,0,16,13,8,1.45,8,10,-2,-0.29,-0.64,9,11,-2.1,-0.3,-0.36
Kayne Ramsey,eng ENG,DF,Southampton,19,2000,1,90,90,2.6,1,1,90,1,0,,13,0,0,9,-9,-9,-8.68,0.5,3.7,-3.2,-3.2,-2.96
Darren Randolph,ie IRL,GK,West Ham,33,1987,3,270,90,7.9,3,3,90,3,0,,24,2,5,3,2,0.67,0.3,6.5,2,4.5,1.5,1.47
Raphinha,br BRA,MF,Leeds United,23,1996,30,2360,79,69,26.2,26,87,19,4,24,0,1.67,43,34,9,0.34,0.43,39.6,42,-2.4,-0.09,0.16
Marcus Rashford,eng ENG,FW,Manchester Utd,22,1997,37,2920,79,85.4,32.4,33,85,22,4,26,1,1.92,58,38,20,0.62,-1,48,35.2,12.7,0.39,-0.56
Tim Ream,us USA,DF,Fulham,32,1987,7,630,90,18.4,7,7,90,7,0,,31,0.29,3,13,-10,-1.43,-0.91,6.1,11,-4.9,-0.7,-0.48
Nathan Redmond,eng ENG,MFFW,Southampton,26,1994,29,1738,60,50.8,19.3,17,87,13,12,22,1,1.07,24,39,-15,-0.78,-0.46,25,29.7,-4.7,-0.24,0.14
Harrison Reed,eng ENG,MF,Fulham,25,1995,31,2247,72,65.7,25,26,82,19,5,22,1,0.84,19,35,-16,-0.64,0.13,26.7,33.2,-6.5,-0.26,0.14
Sergio Reguilón,es ESP,DF,Tottenham,23,1996,27,2244,83,65.6,24.9,26,86,20,1,15,4,1.7,51,31,20,0.8,0.57,37.8,30.8,7,0.28,0.44
Bobby Reid,jm JAM,MFDF,Fulham,27,1993,33,2372,72,69.4,26.4,28,82,14,5,17,2,0.82,20,32,-12,-0.46,0.75,27.6,36.5,-8.9,-0.34,-0.1
Declan Rice,eng ENG,MF,West Ham,21,1999,32,2879,90,84.2,32,32,90,31,0,,0,1.75,52,37,15,0.47,0.47,46.8,37.5,9.3,0.29,0.91
Lewis Richards,ie IRL,DF,Wolves,18,2001,0,,,,,0,,,0,,10,,,,,,,,,,,
Lewis Richardson,eng ENG,FWMF,Burnley,17,2003,2,4,2,0.1,0,0,,0,2,2,7,0,0,0,0,0,0.58,0,0.8,-0.7,-16.66,-16.21
Richarlison,br BRA,FW,Everton,23,1997,34,2861,84,83.7,31.8,33,86,21,1,15,0,1.65,40,38,2,0.06,0.55,41.6,42.6,-0.9,-0.03,0.6
Jaïro Riedewald,nl NED,MF,Crystal Palace,23,1996,33,1820,55,53.2,20.2,19,82,10,14,19,3,1,21,39,-18,-0.89,-0.5,16.3,34.3,-18,-0.89,-0.49
Matt Ritchie,sct SCO,DFMF,Newcastle Utd,30,1989,18,1350,75,39.5,15,15,86,11,3,20,12,1.5,24,22,2,0.13,0.92,19.4,21.7,-2.2,-0.15,0.32
Tyler Roberts,wls WAL,MFFW,Leeds United,21,1999,27,1340,50,39.2,14.9,14,73,3,13,24,10,1.48,20,19,1,0.07,-0.24,20,26.5,-6.5,-0.44,-0.49
Andrew Robertson,sct SCO,DF,Liverpool,26,1994,38,3383,89,98.9,37.6,38,89,35,0,,0,1.82,65,42,23,0.61,-6.69,70.8,45.3,25.6,0.68,-3.47
Antonee Robinson,us USA,DF,Fulham,22,1997,28,2162,77,63.2,24,24,87,21,4,19,3,0.82,16,27,-11,-0.46,0.62,27.2,32.3,-5.1,-0.21,0.26
Callum Robinson,ie IRL,FWMF,West Brom,25,1995,28,1560,56,45.6,17.3,20,67,5,8,27,10,0.68,23,42,-19,-1.1,-0.03,18.1,32.6,-14.5,-0.83,0.11
Jack Robinson,eng ENG,DF,Sheffield Utd,26,1993,11,877,80,25.6,9.7,9,86,8,2,51,7,0.73,7,11,-4,-0.41,0.97,10.3,14.3,-4,-0.41,0.55
Hal Robson-Kanu,wls WAL,FWMF,West Brom,31,1989,19,561,30,16.4,6.2,2,85,0,17,23,8,0.74,4,12,-8,-1.28,-0.24,5,15.5,-10.5,-1.68,-0.94
Marek Rodák,sk SVK,GK,Fulham,23,1996,2,180,90,5.3,2,2,90,2,0,,28,0,0,5,-5,-2.5,-1.92,1.1,3,-1.9,-0.93,-0.66
Joe Rodon,wls WAL,DF,Tottenham,22,1997,12,733,61,21.4,8.1,8,90,8,4,3,9,1.75,12,12,0,0,-0.77,9.1,13.3,-4.2,-0.52,-0.83
Rodri,es ESP,MF,Manchester City,24,1996,34,2748,81,80.4,30.5,31,87,28,3,13,4,2.26,64,27,37,1.21,-0.66,60.5,25.6,34.8,1.14,0.18
Rodrigo,es ESP,MFFW,Leeds United,29,1991,26,1288,50,37.7,14.3,14,68,4,12,28,0,1.73,29,21,8,0.56,0.56,24.8,24.3,0.4,0.03,0.28
James Rodríguez,co COL,FWMF,Everton,29,1991,23,1764,77,51.6,19.6,21,82,7,2,25,1,1.35,29,27,2,0.1,0.27,25.6,26.5,-1,-0.05,0.16
Jay Rodriguez,eng ENG,FWMF,Burnley,31,1989,31,1265,41,37,14.1,12,79,4,19,17,3,1.03,9,25,-16,-1.14,-0.89,12.5,26.4,-13.9,-0.99,-0.83
Oriol Romeu,es ESP,MF,Southampton,28,1991,21,1763,84,51.5,19.6,20,87,15,1,31,0,1.24,27,25,2,0.1,1.35,19.9,21.4,-1.5,-0.08,0.49
John Ruddy,eng ENG,GK,Wolves,33,1986,2,91,46,2.7,1,1,90,1,1,1,36,0,0,1,-1,-0.99,-0.58,0.7,0.9,-0.2,-0.21,-0.06
Antonio Rüdiger,de GER,DF,Chelsea,27,1993,19,1710,90,50,19,19,90,19,0,,13,2.05,23,10,13,0.68,0.21,29.5,12.2,17.3,0.91,0.18
Mathew Ryan,au AUS,GK,Arsenal,28,1992,3,270,90,7.9,3,3,90,3,0,,12,1.33,3,2,1,0.33,-0.1,5.9,2.3,3.6,1.2,1.04
Mathew Ryan,au AUS,GK,Brighton,28,1992,11,990,90,28.9,11,11,90,11,0,,1,0.91,14,19,-5,-0.45,-0.42,16.4,11,5.4,0.49,0.18
Allan Saint-Maximin,fr FRA,FWMF,Newcastle Utd,23,1997,25,1560,62,45.6,17.3,19,74,5,6,26,0,1.36,27,26,1,0.06,0.88,21,24.4,-3.4,-0.19,0.27
Romain Saïss,ma MAR,DF,Wolves,30,1990,27,2407,89,70.4,26.7,27,89,26,0,,7,1.11,26,40,-14,-0.52,-0.35,28,35.3,-7.3,-0.27,-0.39
Bukayo Saka,eng ENG,FWDF,Arsenal,18,2001,32,2553,80,74.6,28.4,30,83,20,2,25,4,1.59,38,31,7,0.25,-0.69,38.4,30.4,8,0.28,0.16
Mamadou Sakho,fr FRA,DF,Crystal Palace,30,1990,4,276,69,8.1,3.1,3,90,3,1,6,8,1.5,4,8,-4,-1.3,-0.7,2.6,5.7,-3.2,-1.04,-0.41
Mohamed Salah,eg EGY,FW,Liverpool,28,1992,37,3078,83,90,34.2,34,88,27,3,29,0,1.78,59,41,18,0.53,-1.58,64.7,40.9,23.8,0.7,-0.23
Mohammed Salisu,gh GHA,DF,Southampton,21,1999,12,844,70,24.7,9.4,8,87,7,4,38,11,0.92,10,19,-9,-0.96,-0.54,10.5,15.1,-4.5,-0.48,-0.23
Davinson Sánchez,co COL,DF,Tottenham,24,1996,18,1486,83,43.5,16.5,17,87,16,1,1,10,1.78,38,22,16,0.97,0.64,28.7,20.8,7.9,0.48,0.61
Robert Sánchez,es ESP,GK,Brighton,22,1997,27,2430,90,71.1,27,27,90,27,0,,0,1.15,26,27,-1,-0.04,0.42,35.2,26.7,8.5,0.32,-0.18
Max Sanders,eng ENG,MF,Brighton,21,1999,0,,,,,0,,,0,,2,,,,,,,,,,,
Morgan Sanson,fr FRA,MF,Aston Villa,25,1994,9,294,33,8.6,3.3,3,64,0,6,17,2,1,2,4,-2,-0.61,-0.93,2.5,5.2,-2.7,-0.82,-0.9
Romaine Sawyers,kn SKN,MF,West Brom,28,1991,19,1487,78,43.5,16.5,17,85,12,2,24,11,0.53,14,42,-28,-1.69,-1.09,10.4,32.8,-22.4,-1.35,-0.81
Dane Scarlett,eng ENG,FW,Tottenham,16,2004,1,1,1,0,0,0,,0,1,1,3,3,0,0,0,0,-0.61,0,0,0,0,-0.13
Fabian Schär,ch SUI,DF,Newcastle Utd,28,1991,18,1246,69,36.4,13.8,13,86,11,5,25,0,1.11,13,21,-8,-0.58,-0.25,13.1,17.8,-4.7,-0.34,0
Jeffrey Schlupp,gh GHA,MF,Crystal Palace,27,1992,27,1428,53,41.8,15.9,15,78,5,12,21,0,1.22,20,26,-6,-0.38,0.48,17.5,23.1,-5.6,-0.35,0.53
Kasper Schmeichel,dk DEN,GK,Leicester City,33,1986,38,3420,90,100,38,38,90,38,0,,0,1.74,68,50,18,0.47,,56,47.7,8.3,0.22,
Nélson Semedo,pt POR,DF,Wolves,26,1993,34,2983,88,87.2,33.1,34,88,29,0,,2,1.15,31,45,-14,-0.42,-0.01,35.3,40.9,-5.6,-0.17,-0.09
Femi Seriki,eng ENG,DF,Sheffield Utd,18,2002,1,1,1,0,0,0,,0,1,1,0,0,0,0,0,0,1.13,0,0,0,0,0.82
Meritan Shabani,al ALB,MF,Wolves,21,1999,0,,,,,0,,,0,,3,,,,,,,,,,,
Jamie Shackleton,eng ENG,MFDF,Leeds United,20,1999,13,461,35,13.5,5.1,3,67,1,10,26,18,1.38,7,11,-4,-0.78,-1.15,6.9,11.6,-4.7,-0.92,-0.9
Xherdan Shaqiri,ch SUI,MFFW,Liverpool,28,1991,14,556,40,16.3,6.2,5,76,1,9,20,13,1.07,5,7,-2,-0.32,-1.2,9.4,7.7,1.7,0.27,-0.54
Billy Sharp,eng ENG,FW,Sheffield Utd,34,1986,16,735,46,21.5,8.2,7,82,4,9,18,9,0.63,6,15,-9,-1.1,0.04,7.1,14.1,-7,-0.86,-0.05
Luke Shaw,eng ENG,DF,Manchester Utd,25,1995,32,2654,83,77.6,29.5,30,87,27,2,27,2,1.84,51,33,18,0.61,-0.68,41,33.2,7.8,0.27,-0.93
Jonjo Shelvey,eng ENG,MF,Newcastle Utd,28,1992,30,2617,87,76.5,29.1,29,89,28,1,26,3,1.33,41,46,-5,-0.17,1.06,35,41.5,-6.4,-0.22,0.51
Shola Shoretire,eng ENG,FW,Manchester Utd,16,2004,2,11,6,0.3,0.1,0,,0,2,6,3,3,0,0,0,0,-0.77,0,0.2,-0.2,-1.29,-1.77
Cheikh Sidya Diaby,fr FRA,FW,West Brom,20,2000,0,,,,,0,,,0,,1,,,,,,,,,,,
Gylfi Sigurðsson,is ISL,MF,Everton,30,1989,36,2253,63,65.9,25,24,81,12,12,25,2,1.64,29,29,0,0,0.08,28.1,32,-4,-0.16,-0.09
Bernardo Silva,pt POR,MFFW,Manchester City,25,1994,26,2065,79,60.4,22.9,24,84,17,2,28,10,2.42,52,18,34,1.48,0.35,45.5,15.9,29.7,1.29,0.48
Fábio Silva,pt POR,FW,Wolves,18,2002,32,1369,43,40,15.2,11,85,7,21,21,6,1.03,17,29,-12,-0.79,-0.61,19,20.8,-1.9,-0.12,0.06
Thiago Silva,br BRA,DF,Chelsea,35,1984,23,1935,84,56.6,21.5,23,84,20,0,,2,1.61,33,20,13,0.6,0.06,39.3,18.7,20.6,0.96,0.31
Ellis Simms,eng ENG,FW,Everton,19,2001,0,,,,,0,,,0,,1,,,,,,,,,,,
Moussa Sissoko,fr FRA,MF,Tottenham,30,1989,25,1585,63,46.3,17.6,15,89,14,10,25,10,1.56,22,22,0,0,-1.13,21,23.6,-2.6,-0.15,-0.52
Islam Slimani,dz ALG,FW,Leicester City,32,1988,1,20,20,0.6,0.2,0,,0,1,20,0,0,0,1,-1,-4.5,-5,0.2,0.2,0,-0.2,-0.42
William Smallbone,ie IRL,MF,Southampton,20,2000,3,172,57,5,1.9,2,68,0,1,36,5,0,1,5,-4,-2.09,-1.62,2.2,2.8,-0.7,-0.35,-0.04
Emile Smith Rowe,eng ENG,MFFW,Arsenal,20,2000,20,1440,72,42.1,16,18,78,7,2,18,3,2,32,10,22,1.37,1.65,25.7,15.4,10.3,0.65,0.7
Robert Snodgrass,sct SCO,FWDF,West Ham,32,1987,3,5,2,0.1,0.1,0,,0,3,2,8,1.67,1,0,1,18,17.63,0.1,0.2,-0.1,-1.73,-1.88
Robert Snodgrass,sct SCO,MFFW,West Brom,32,1987,8,526,66,15.4,5.8,6,82,3,2,17,2,0.63,7,14,-7,-1.2,-0.14,6.4,8.6,-2.2,-0.38,0.61
Cédric Soares,pt POR,DF,Arsenal,28,1991,10,746,75,21.8,8.3,8,87,7,2,26,15,1.7,16,11,5,0.6,0.23,13.5,9.1,4.4,0.53,0.37
Andreas Søndergaard,dk DEN,GK,Wolves,19,2001,0,,,,,0,,,0,,3,,,,,,,,,,,
Tomáš Souček,cz CZE,MF,West Ham,25,1995,38,3419,90,100,38,38,90,37,0,,0,1.71,62,47,15,0.39,0.39,53.9,48.3,5.6,0.15,0.15
Çağlar Söyüncü,tr TUR,DF,Leicester City,24,1996,23,1819,79,53.2,20.2,19,90,19,4,27,2,1.87,42,30,12,0.59,0.26,33.1,27.1,6,0.3,0.17
Jason Steele,eng ENG,GK,Brighton,29,1990,0,,,,,0,,,0,,30,,,,,,,,,,,
Jed Steer,eng ENG,GK,Aston Villa,27,1992,0,,,,,0,,,0,,15,,,,,,,,,,,
Zack Steffen,us USA,GK,Manchester City,25,1995,1,90,90,2.6,1,1,90,1,0,,34,3,3,1,2,2,0.68,2.4,0.8,1.6,1.62,0.53
Dale Stephens,eng ENG,MF,Brighton,31,1989,0,,,,,0,,,0,,1,,,,,,,,,,,
Dale Stephens,eng ENG,MF,Burnley,31,1989,7,261,37,7.6,2.9,3,67,1,4,15,19,0.43,1,4,-3,-1.03,-0.49,1.5,3.2,-1.7,-0.58,-0.13
Jack Stephens,eng ENG,DF,Southampton,26,1994,18,1537,85,44.9,17.1,17,88,15,1,45,20,1,18,39,-21,-1.23,-1.23,18.5,27,-8.5,-0.5,-0.33
Raheem Sterling,eng ENG,FW,Manchester City,25,1994,31,2536,82,74.2,28.2,28,89,25,3,19,5,2.19,58,23,35,1.24,-0.39,56.6,23.7,32.8,1.16,0.24
Enda Stevens,ie IRL,DF,Sheffield Utd,30,1990,30,2700,90,78.9,30,30,90,30,0,,0,0.47,13,54,-41,-1.37,-1.12,23.3,51.1,-27.9,-0.93,-0.53
John Stones,eng ENG,DF,Manchester City,26,1994,22,1933,88,56.5,21.5,22,88,21,0,,12,2.5,53,12,41,1.91,1.3,46.6,15.3,31.3,1.46,0.81
Pascal Struijk,nl NED,DFMF,Leeds United,20,1999,27,2075,77,60.7,23.1,22,83,18,5,48,10,1.56,38,32,6,0.26,0.13,30.7,37.3,-6.5,-0.28,-0.36
Thanawat Suengchitthawon,th THA,MF,Leicester City,20,2000,0,,,,,0,,,0,,2,,,,,,,,,,,
Crysencio Summerville,nl NED,FWMF,Leeds United,18,2001,0,,,,,0,,,0,,1,,,,,,,,,,,
Japhet Tanganga,eng ENG,DF,Tottenham,21,1999,6,487,81,14.2,5.4,6,81,4,0,,8,1.17,7,8,-1,-0.18,-0.92,9.2,9.6,-0.4,-0.08,-0.24
Matt Targett,eng ENG,DF,Aston Villa,24,1995,38,3404,90,99.5,37.8,38,90,37,0,,0,1.45,55,44,11,0.29,11.54,52.7,52,0.7,0.02,3.43
James Tarkowski,eng ENG,DF,Burnley,27,1992,36,3240,90,94.7,36,36,90,36,0,,0,1.08,31,50,-19,-0.53,0.97,37.5,55.7,-18.1,-0.5,-0.71
Percy Tau,za RSA,FWMF,Brighton,26,1994,3,103,34,3,1.1,1,67,0,2,18,13,1.33,1,2,-1,-0.87,-0.74,0.5,2,-1.5,-1.3,-1.72
Sidnei Tavares,pt POR,MF,Leicester City,18,2001,2,85,43,2.5,0.9,1,71,0,1,14,2,2,1,1,0,0,-0.49,0.9,0.9,0,0.02,-0.2
Caleb Taylor,eng ENG,DF,West Brom,17,2003,0,,,,,0,,,0,,2,,,,,,,,,,,
Charlie Taylor,eng ENG,DF,Burnley,26,1993,29,2426,84,70.9,27,28,85,25,1,58,1,1,19,42,-23,-0.85,-0.94,28,41.3,-13.3,-0.49,-0.09
Neil Taylor,wls WAL,DF,Aston Villa,31,1989,1,16,16,0.5,0.2,0,,0,1,16,26,0,0,2,-2,-11.25,-11.54,0.3,0.9,-0.6,-3.41,-3.43
Allan Tchaptchet,fr FRA,DF,Southampton,18,2001,1,13,13,0.4,0.1,0,,0,1,13,1,0,0,3,-3,-20.77,-20.29,0,1.7,-1.7,-11.66,-11.39
Nathan Tella,eng ENG,FWMF,Southampton,21,1999,18,745,41,21.8,8.3,7,62,0,11,29,10,0.83,9,11,-2,-0.24,0.4,11.3,11.4,-0.1,-0.01,0.38
Alex Telles,br BRA,DF,Manchester Utd,27,1992,9,690,77,20.2,7.7,8,82,5,1,31,22,2.33,15,11,4,0.52,-0.3,15.2,8.2,7,0.91,0.55
Kenny Tete,nl NED,DF,Fulham,24,1995,22,1481,67,43.3,16.5,18,80,12,4,11,2,0.73,10,27,-17,-1.03,-0.62,18.3,22.6,-4.3,-0.26,0.08
Bobby Thomas,eng ENG,DF,Burnley,,,0,,,,,0,,,0,,2,,,,,,,,,,,
William Thomas Fish,eng ENG,DF,Manchester Utd,17,2003,1,1,1,0,0,0,,0,1,1,0,3,0,0,0,0,-0.76,0,0,0,0,-0.47
Luke Thomas,eng ENG,DF,Leicester City,19,2001,14,969,69,28.3,10.8,12,75,7,2,34,17,1.43,23,18,5,0.46,-0.01,17.4,13.2,4.2,0.39,0.24
Max Thompson,eng ENG,FW,Burnley,18,2002,0,,,,,0,,,0,,2,,,,,,,,,,,
Youri Tielemans,be BEL,MF,Leicester City,23,1997,38,3357,88,98.2,37.3,37,90,35,1,34,0,1.74,68,50,18,0.48,0.48,54.6,47.2,7.4,0.2,-1.19
Kieran Tierney,sct SCO,DF,Arsenal,23,1997,27,2299,85,67.2,25.5,26,87,23,1,28,0,1.59,35,27,8,0.31,-0.33,34.6,29.8,4.8,0.19,-0.17
James Tomkins,eng ENG,DF,Crystal Palace,31,1989,8,553,69,16.2,6.1,6,85,5,2,23,4,1,6,12,-6,-0.98,-0.38,4.4,7.2,-2.8,-0.46,0.24
Fikayo Tomori,eng ENG,DF,Chelsea,22,1997,1,45,45,1.3,0.5,0,,0,1,45,4,0,0,2,-2,-4,-4.64,1,1.9,-0.9,-1.86,-2.72
Ferrán Torres,es ESP,FWMF,Manchester City,20,2000,24,1306,54,38.2,14.5,15,74,5,9,22,13,2.13,29,13,16,1.1,-0.39,25.2,12.3,12.8,0.89,-0.35
Cenk Tosun,tr TUR,FW,Everton,29,1991,5,48,10,1.4,0.5,0,,0,5,10,6,0.8,1,3,-2,-3.75,-3.78,1.6,2.3,-0.7,-1.36,-1.25
Andros Townsend,eng ENG,MFFW,Crystal Palace,29,1991,34,2258,66,66,25.1,25,84,16,9,18,4,1.18,25,37,-12,-0.48,0.53,20.8,35.5,-14.8,-0.59,0.21
Conor Townsend,eng ENG,DF,West Brom,27,1993,25,2234,89,65.3,24.8,25,89,24,0,,2,0.8,23,36,-13,-0.52,1.6,25.9,40.5,-14.6,-0.59,0.88
James Trafford,eng ENG,GK,Manchester City,17,2002,0,,,,,0,,,0,,1,,,,,,,,,,,
Adama Traoré,es ESP,FW,Wolves,24,1996,37,2649,72,77.5,29.4,28,87,25,9,25,0,1.22,31,41,-10,-0.34,0.36,33.9,35.9,-2,-0.07,0.39
Bertrand Traoré,bf BFA,FW,Aston Villa,24,1995,36,2317,64,67.7,25.7,29,74,6,7,25,0,1.36,32,31,1,0.04,-0.61,33.4,35,-1.6,-0.06,-0.2
Trézéguet,eg EGY,FW,Aston Villa,25,1994,21,1166,56,34.1,13,12,80,2,9,23,2,1.43,24,14,10,0.77,0.81,18.3,18.5,-0.2,-0.02,-0.03
Leandro Trossard,be BEL,FWMF,Brighton,25,1994,35,2607,74,76.2,29,30,81,13,5,36,1,1.06,34,30,4,0.14,1.25,41.2,24.6,16.6,0.57,0.87
Nathan Trott,eng ENG,GK,West Ham,21,1998,0,,,,,0,,,0,,10,,,,,,,,,,,
Kostas Tsimikas,gr GRE,DFFW,Liverpool,24,1996,2,7,4,0.2,0.1,0,,0,2,4,20,1.5,0,0,0,0,-0.69,0,0,0,0,-0.72
Axel Tuanzebe,eng ENG,DF,Manchester Utd,22,1997,9,404,45,11.8,4.5,4,88,3,5,10,21,1.67,7,8,-1,-0.22,-1.12,6.3,5,1.3,0.29,-0.21
Harry Tyrer,eng ENG,GK,Everton,18,2001,0,,,,,0,,,0,,5,,,,,,,,,,,
Cengiz Ünder,tr TUR,MFFW,Leicester City,23,1997,9,281,31,8.2,3.1,1,61,0,8,28,17,0.78,4,5,-1,-0.32,-0.87,5.4,5.3,0.1,0.02,-0.22
Yan Valery,fr FRA,DFMF,Southampton,21,1999,3,103,34,3,1.1,1,90,1,2,7,6,1,1,4,-3,-2.62,-2.13,1.4,2.6,-1.2,-1.03,-0.74
Virgil van Dijk,nl NED,DF,Liverpool,29,1991,5,370,74,10.8,4.1,5,74,4,0,,0,2,12,11,1,0.24,-0.49,11.3,6.7,4.6,1.11,0.44
Jamie Vardy,eng ENG,FW,Leicester City,33,1987,34,2840,84,83,31.6,31,89,24,3,29,0,1.82,61,44,17,0.54,0.38,47.2,41.3,5.9,0.19,-0.2
Joël Veltman,nl NED,DF,Brighton,28,1992,28,2281,81,66.7,25.3,25,87,22,3,34,5,1.04,22,27,-5,-0.2,-0.12,35.1,24.7,10.5,0.41,0.14
Michael Verrips,nl NED,GK,Sheffield Utd,23,1996,0,,,,,0,,,0,,13,,,,,,,,,,,
Jannik Vestergaard,dk DEN,DF,Southampton,27,1992,30,2574,86,75.3,28.6,29,87,28,1,45,1,1.27,42,46,-4,-0.14,1.67,35.1,40,-4.9,-0.17,0.57
Rúben Vinagre,pt POR,DF,Wolves,21,1999,2,173,87,5.1,1.9,1,90,1,1,83,1,0,1,7,-6,-3.12,-2.84,1.5,3.5,-2,-1.03,-0.92
Carlos Vinícius,br BRA,FW,Tottenham,25,1995,9,308,34,9,3.4,3,75,2,6,14,16,1.89,5,2,3,0.88,0.3,4.6,5.3,-0.7,-0.2,-0.37
João Virgínia,pt POR,GK,Everton,20,1999,1,48,48,1.4,0.5,0,,0,1,48,16,0,0,0,0,0,0.03,0.9,0.8,0.1,0.2,0.33
Vitinha,pt POR,MF,Wolves,20,2000,19,520,27,15.2,5.8,5,67,0,14,13,15,1,7,8,-1,-0.17,0.29,8,7.8,0.2,0.03,0.22
Jake Vokins,eng ENG,DF,Southampton,20,2000,1,66,66,1.9,0.7,1,66,0,0,,7,0,1,2,-1,-1.36,-0.83,0.9,1.5,-0.6,-0.76,-0.46
Matěj Vydra,cz CZE,FW,Burnley,28,1992,28,1371,49,40.1,15.2,15,78,5,13,16,5,0.75,18,24,-6,-0.39,0.31,19.2,21.6,-2.3,-0.15,0.52
Theo Walcott,eng ENG,MFFW,Southampton,31,1989,21,1618,77,47.3,18,20,80,8,1,15,3,1.24,23,27,-4,-0.22,0.63,17.4,27.8,-10.4,-0.58,-0.5
Theo Walcott,eng ENG,FW,Everton,31,1989,1,13,13,0.4,0.1,0,,0,1,13,1,3,0,1,-1,-6.92,-6.92,0,0.6,-0.6,-4.04,-3.92
Kyle Walker,eng ENG,DF,Manchester City,30,1990,24,1946,81,56.9,21.6,22,87,20,2,21,9,2.21,48,20,28,1.29,-0.11,35.6,21.2,14.4,0.67,-1.02
Kyle Walker-Peters,eng ENG,DF,Southampton,23,1997,30,2645,88,77.3,29.4,30,88,26,0,,1,1.4,41,40,1,0.03,2.59,31.9,39.4,-7.4,-0.25,0.26
Christian Walton,eng ENG,GK,Brighton,24,1995,0,,,,,0,,,0,,8,,,,,,,,,,,
Aaron Wan-Bissaka,eng ENG,DF,Manchester Utd,22,1997,34,3060,90,89.5,34,34,90,34,0,,3,2.06,67,36,31,0.91,1.41,54.8,37.9,17,0.5,0.24
Danny Ward,wls WAL,GK,Leicester City,27,1993,0,,,,,0,,,0,,38,,,,,,,,,,,
Joel Ward,eng ENG,DF,Crystal Palace,30,1989,26,2256,87,66,25.1,25,90,25,1,6,7,1.15,25,43,-18,-0.72,-0.18,19.4,39.1,-19.7,-0.78,-0.37
James Ward-Prowse,eng ENG,MF,Southampton,25,1994,38,3420,90,100,38,38,90,38,0,,0,1.13,47,68,-21,-0.55,,42.4,54.2,-11.8,-0.31,
Ollie Watkins,eng ENG,FW,Aston Villa,24,1995,37,3328,90,97.3,37,37,90,36,0,,0,1.46,55,46,9,0.24,0.24,52.2,51.8,0.4,0.01,0.39
Caleb Watts,au AUS,MFFW,Southampton,18,2002,3,39,13,1.1,0.4,0,,0,3,13,6,0,0,0,0,0,0.56,1,0.8,0.2,0.51,0.83
Adam Webster,eng ENG,DF,Brighton,25,1995,29,2594,89,75.8,28.8,29,89,28,0,,2,1.14,32,35,-3,-0.1,0.22,38.3,30.7,7.6,0.26,-0.43
Jensen Weir,sct SCO,MF,Brighton,18,2002,0,,,,,0,,,0,,2,,,,,,,,,,,
Danny Welbeck,eng ENG,FW,Brighton,29,1990,24,1545,64,45.2,17.2,17,81,7,7,24,2,1.04,18,18,0,0,0.29,26.2,16.3,9.9,0.58,0.38
Reece Welch,eng ENG,DF,Everton,16,2003,0,,,,,0,,,0,,2,,,,,,,,,,,
Timo Werner,de GER,FW,Chelsea,24,1996,35,2602,74,76.1,28.9,29,86,18,6,20,3,1.8,52,29,23,0.8,0.91,49.3,26.5,22.8,0.79,-0.13
Ashley Westwood,eng ENG,MF,Burnley,30,1990,38,3410,90,99.7,37.9,38,90,37,0,,0,1.03,33,55,-22,-0.58,-0.58,39.9,57.6,-17.7,-0.47,0.17
Ben White,eng ENG,DFMF,Brighton,22,1997,36,3191,89,93.3,35.5,36,89,31,0,,1,1.14,39,44,-5,-0.14,0.25,46.5,35.1,11.4,0.32,-0.67
Connor Wickham,eng ENG,FWMF,Crystal Palace,27,1993,0,,,,,0,,,0,,3,,,,,,,,,,,
Georginio Wijnaldum,nl NED,MF,Liverpool,29,1990,38,2941,77,86,32.7,34,85,24,4,11,0,1.82,58,39,19,0.58,-0.73,63.6,41.2,22.3,0.68,-0.25
Brandon Williams,eng ENG,DF,Manchester Utd,19,2000,4,188,47,5.5,2.1,2,90,2,2,4,16,2.25,4,3,1,0.48,-0.3,2.4,1.7,0.7,0.35,-0.13
Neco Williams,wls WAL,DF,Liverpool,19,2001,6,249,42,7.3,2.8,3,62,0,3,21,25,1.83,5,1,4,1.45,0.82,5.3,3.7,1.6,0.59,-0.14
Rhys Williams,eng ENG,DF,Liverpool,19,2001,9,661,73,19.3,7.3,7,89,6,2,19,16,2.44,14,6,8,1.09,0.5,14.7,8.3,6.4,0.87,0.19
Willian,br BRA,FWMF,Arsenal,31,1988,25,1406,56,41.1,15.6,16,76,6,9,21,8,1.68,21,17,4,0.26,-0.28,22.1,17.1,4.9,0.32,0.13
Joe Willock,eng ENG,MF,Newcastle Utd,20,1999,14,978,70,28.6,10.9,11,84,7,3,16,1,1.43,19,15,4,0.37,1.11,14.2,13.8,0.4,0.04,0.54
Joe Willock,eng ENG,MF,Arsenal,20,1999,7,238,34,7,2.6,2,73,1,5,18,10,1.57,1,3,-2,-0.76,-1.27,2.7,5.5,-2.8,-1.06,-1.4
Callum Wilson,eng ENG,FW,Newcastle Utd,28,1992,26,2084,80,60.9,23.2,23,87,19,3,31,1,1.35,31,37,-6,-0.26,0.41,25.1,33.7,-8.6,-0.37,-0.08
Harry Winks,eng ENG,MF,Tottenham,24,1996,15,861,57,25.2,9.6,9,79,4,6,25,15,1.67,22,16,6,0.63,0.03,18.2,10.9,7.3,0.76,0.84
Chris Wood,nz NZL,FW,Burnley,28,1991,33,2741,83,80.1,30.5,32,85,22,1,18,0,1,27,43,-16,-0.53,0.27,32.1,46.7,-14.6,-0.48,-0.07
Ben Woodburn,wls WAL,FWMF,Liverpool,20,1999,0,,,,,0,,,0,,3,,,,,,,,,,,
Sam Woods,eng ENG,DF,Crystal Palace,21,1998,0,,,,,0,,,0,,1,,,,,,,,,,,
Granit Xhaka,ch SUI,MFDF,Arsenal,27,1992,31,2522,81,73.7,28,29,86,23,2,12,2,1.65,44,26,18,0.64,0.84,44.9,31.5,13.4,0.48,0.91
Andriy Yarmolenko,ua UKR,FWMF,West Ham,30,1989,15,375,25,11,4.2,1,71,0,14,22,10,1.2,8,7,1,0.24,-0.17,5.2,7,-1.8,-0.44,-0.65
DeAndre Yedlin,us USA,DF,Newcastle Utd,27,1993,6,436,73,12.7,4.8,5,86,3,1,5,3,0.83,1,6,-5,-1.03,-0.7,2.6,5.9,-3.3,-0.69,-0.4
Okay Yokuşlu,tr TUR,MF,West Brom,26,1994,16,1317,82,38.5,14.6,15,87,12,1,13,0,0.88,17,20,-3,-0.21,1.42,17.4,24.3,-7,-0.48,0.68
Wilfried Zaha,ci CIV,FW,Crystal Palace,27,1992,30,2612,87,76.4,29,29,89,27,1,45,0,1.3,37,52,-15,-0.52,0.6,26.9,42.8,-15.9,-0.55,0.47
Andre-Frank Zambo Anguissa,cm CMR,MF,Fulham,24,1995,36,2587,72,75.6,28.7,29,84,22,7,22,2,0.69,19,39,-20,-0.7,-0.05,28.4,42.5,-14.1,-0.49,-0.75
Andi Zeqiri,ch SUI,FWDF,Brighton,21,1999,9,171,19,5,1.9,0,,0,9,19,17,1.67,6,2,4,2.11,2.38,4.8,2,2.8,1.47,1.16
Karlo Ziger,hr CRO,GK,Chelsea,19,2001,0,,,,,0,,,0,,1,,,,,,,,,,,
Oleksandr Zinchenko,ua UKR,DF,Manchester City,23,1996,20,1478,74,43.2,16.4,15,89,14,5,28,8,2.3,41,14,27,1.64,0.53,34.1,13.9,20.2,1.23,0.22
Hakim Ziyech,ma MAR,FWMF,Chelsea,27,1993,23,1172,51,34.3,13,15,69,1,8,17,5,1.65,16,7,9,0.69,0.17,19.6,9.9,9.8,0.75,-0.11
Kurt Zouma,fr FRA,DF,Chelsea,25,1994,24,2029,85,59.3,22.5,22,90,22,2,25,11,1.71,41,25,16,0.71,0.32,39.2,23.1,16.1,0.71,-0.26
